[2026-06-05 09:30 ET] market OPEN
  watchlist: RDW, MRVL, SOXS, AVGO, BITO, T, XLF, RDW, MRVL, SOXS, AVGO, BITO, T, XLF
[2026-06-05 09:35 ET] market OPEN
  watchlist: RDW, MRVL, SOXS, AVGO, BITO, T, XLF, RDW, MRVL, SOXS, AVGO, BITO, T, XLF
[2026-06-05 09:40 ET] market OPEN
  watchlist: RDW, MRVL, SOXS, AVGO, BITO, T, XLF, RDW, MRVL, SOXS, AVGO, BITO, T, XLF
[2026-06-05 09:45 ET] market OPEN
  watchlist: RDW, MRVL, SOXS, AVGO, BITO, T, XLF
[2026-06-05 09:50 ET] market OPEN
  watchlist: RDW, MRVL, SOXS, AVGO, BITO, T, XLF
  ENTER SOXS @ 6.16 qty 162 (OR 5.80-6.05)
   Text sent to 9374053540@vtext.com
[2026-06-05 09:55 ET] market OPEN
  watchlist: RDW, MRVL, SOXS, AVGO, BITO, T, XLF
[2026-06-05 10:00 ET] market OPEN
  watchlist: RDW, MRVL, SOXS, AVGO, BITO, T, XLF
[2026-06-05 10:05 ET] market OPEN
  watchlist: RDW, MRVL, SOXS, AVGO, BITO, T, XLF
[2026-06-05 10:10 ET] market OPEN
  watchlist: RDW, MRVL, SOXS, AVGO, BITO, T, XLF
[2026-06-05 10:15 ET] market OPEN
  watchlist: RDW, MRVL, SOXS, AVGO, BITO, T, XLF
[2026-06-05 10:20 ET] market OPEN
  watchlist: RDW, MRVL, SOXS, AVGO, BITO, T, XLF
  ENTER MRVL @ 300.52 qty 3 (OR 291.02-299.75)
   Text sent to 9374053540@vtext.com
[2026-06-05 10:25 ET] market OPEN
  watchlist: RDW, MRVL, SOXS, AVGO, BITO, T, XLF
[2026-06-05 10:30 ET] market OPEN
  watchlist: RDW, MRVL, SOXS, AVGO, BITO, T, XLF
[2026-06-05 10:35 ET] market OPEN
  watchlist: RDW, MRVL, SOXS, AVGO, BITO, T, XLF
[2026-06-05 10:40 ET] market OPEN
  watchlist: RDW, MRVL, SOXS, AVGO, BITO, T, XLF
[2026-06-05 10:45 ET] market OPEN
  watchlist: RDW, MRVL, SOXS, AVGO, BITO, T, XLF
[2026-06-05 10:50 ET] market OPEN
  watchlist: RDW, MRVL, SOXS, AVGO, BITO, T, XLF
[2026-06-05 10:55 ET] market OPEN
  watchlist: RDW, MRVL, SOXS, AVGO, BITO, T, XLF
[2026-06-05 11:00 ET] market OPEN
  watchlist: RDW, MRVL, SOXS, AVGO, BITO, T, XLF
[2026-06-05 11:05 ET] market OPEN
  watchlist: RDW, MRVL, SOXS, AVGO, BITO, T, XLF
[2026-06-05 11:10 ET] market OPEN
  watchlist: RDW, MRVL, SOXS, AVGO, BITO, T, XLF
[2026-06-05 11:15 ET] market OPEN
  watchlist: RDW, MRVL, SOXS, AVGO, BITO, T, XLF
  EXIT MRVL (stop) @ 288.63
   Text sent to 9374053540@vtext.com
[2026-06-05 11:20 ET] market OPEN
  watchlist: RDW, MRVL, SOXS, AVGO, BITO, T, XLF
[2026-06-05 11:25 ET] market OPEN
  watchlist: RDW, MRVL, SOXS, AVGO, BITO, T, XLF
[2026-06-05 11:30 ET] market OPEN
  watchlist: RDW, MRVL, SOXS, AVGO, BITO, T, XLF
[2026-06-05 11:35 ET] market OPEN
  watchlist: RDW, MRVL, SOXS, AVGO, BITO, T, XLF
[2026-06-05 11:40 ET] market OPEN
  watchlist: RDW, MRVL, SOXS, AVGO, BITO, T, XLF
[2026-06-05 11:45 ET] market OPEN
  watchlist: RDW, MRVL, SOXS, AVGO, BITO, T, XLF
[2026-06-05 11:50 ET] market OPEN
  watchlist: RDW, MRVL, SOXS, AVGO, BITO, T, XLF
[2026-06-05 11:55 ET] market OPEN
  watchlist: RDW, MRVL, SOXS, AVGO, BITO, T, XLF
[2026-06-05 12:00 ET] market OPEN
  watchlist: RDW, MRVL, SOXS, AVGO, BITO, T, XLF
[2026-06-05 12:05 ET] market OPEN
  watchlist: RDW, MRVL, SOXS, AVGO, BITO, T, XLF
[2026-06-05 12:10 ET] market OPEN
  watchlist: RDW, MRVL, SOXS, AVGO, BITO, T, XLF
[2026-06-05 12:15 ET] market OPEN
  watchlist: RDW, MRVL, SOXS, AVGO, BITO, T, XLF
[2026-06-05 12:20 ET] market OPEN
  watchlist: RDW, MRVL, SOXS, AVGO, BITO, T, XLF
[2026-06-05 12:25 ET] market OPEN
  watchlist: RDW, MRVL, SOXS, AVGO, BITO, T, XLF
[2026-06-05 12:30 ET] market OPEN
  watchlist: RDW, MRVL, SOXS, AVGO, BITO, T, XLF
[2026-06-05 12:35 ET] market OPEN
  watchlist: RDW, MRVL, SOXS, AVGO, BITO, T, XLF
[2026-06-05 12:40 ET] market OPEN
  watchlist: RDW, MRVL, SOXS, AVGO, BITO, T, XLF
[2026-06-05 12:45 ET] market OPEN
  watchlist: RDW, MRVL, SOXS, AVGO, BITO, T, XLF
[2026-06-05 12:50 ET] market OPEN
  watchlist: RDW, MRVL, SOXS, AVGO, BITO, T, XLF
[2026-06-05 12:55 ET] market OPEN
  watchlist: RDW, MRVL, SOXS, AVGO, BITO, T, XLF
[2026-06-05 13:00 ET] market OPEN
  watchlist: RDW, MRVL, SOXS, AVGO, BITO, T, XLF
[2026-06-05 13:05 ET] market OPEN
  watchlist: RDW, MRVL, SOXS, AVGO, BITO, T, XLF
[2026-06-05 13:10 ET] market OPEN
  watchlist: RDW, MRVL, SOXS, AVGO, BITO, T, XLF
[2026-06-05 13:15 ET] market OPEN
  watchlist: RDW, MRVL, SOXS, AVGO, BITO, T, XLF
[2026-06-05 13:20 ET] market OPEN
  watchlist: RDW, MRVL, SOXS, AVGO, BITO, T, XLF
[2026-06-05 13:25 ET] market OPEN
  watchlist: RDW, MRVL, SOXS, AVGO, BITO, T, XLF
[2026-06-05 13:30 ET] market OPEN
  watchlist: RDW, MRVL, SOXS, AVGO, BITO, T, XLF
[2026-06-05 13:35 ET] market OPEN
  watchlist: RDW, MRVL, SOXS, AVGO, BITO, T, XLF
[2026-06-05 13:40 ET] market OPEN
  watchlist: RDW, MRVL, SOXS, AVGO, BITO, T, XLF
[2026-06-05 13:45 ET] market OPEN
  watchlist: RDW, MRVL, SOXS, AVGO, BITO, T, XLF
[2026-06-05 13:50 ET] market OPEN
  watchlist: RDW, MRVL, SOXS, AVGO, BITO, T, XLF
[2026-06-05 13:55 ET] market OPEN
  watchlist: RDW, MRVL, SOXS, AVGO, BITO, T, XLF
[2026-06-05 14:00 ET] market OPEN
  watchlist: RDW, MRVL, SOXS, AVGO, BITO, T, XLF
[2026-06-05 14:05 ET] market OPEN
  watchlist: RDW, MRVL, SOXS, AVGO, BITO, T, XLF
[2026-06-05 14:10 ET] market OPEN
  watchlist: RDW, MRVL, SOXS, AVGO, BITO, T, XLF
[2026-06-05 14:15 ET] market OPEN
  watchlist: RDW, MRVL, SOXS, AVGO, BITO, T, XLF
[2026-06-05 14:20 ET] market OPEN
  watchlist: RDW, MRVL, SOXS, AVGO, BITO, T, XLF
[2026-06-05 14:25 ET] market OPEN
  watchlist: RDW, MRVL, SOXS, AVGO, BITO, T, XLF
[2026-06-05 14:30 ET] market OPEN
  watchlist: RDW, MRVL, SOXS, AVGO, BITO, T, XLF
[2026-06-05 14:35 ET] market OPEN
  watchlist: RDW, MRVL, SOXS, AVGO, BITO, T, XLF
[2026-06-05 14:40 ET] market OPEN
  watchlist: RDW, MRVL, SOXS, AVGO, BITO, T, XLF
  EXIT SOXS (target) @ 6.67
   Text sent to 9374053540@vtext.com
[2026-06-05 14:45 ET] market OPEN
  watchlist: RDW, MRVL, SOXS, AVGO, BITO, T, XLF
[2026-06-05 14:50 ET] market OPEN
  watchlist: RDW, MRVL, SOXS, AVGO, BITO, T, XLF
[2026-06-05 14:55 ET] market OPEN
  watchlist: RDW, MRVL, SOXS, AVGO, BITO, T, XLF
[2026-06-05 15:00 ET] market OPEN
  watchlist: RDW, MRVL, SOXS, AVGO, BITO, T, XLF
[2026-06-05 15:05 ET] market OPEN
  watchlist: RDW, MRVL, SOXS, AVGO, BITO, T, XLF
[2026-06-05 15:10 ET] market OPEN
  watchlist: RDW, MRVL, SOXS, AVGO, BITO, T, XLF
[2026-06-05 15:15 ET] market OPEN
  watchlist: RDW, MRVL, SOXS, AVGO, BITO, T, XLF
[2026-06-05 15:20 ET] market OPEN
  watchlist: RDW, MRVL, SOXS, AVGO, BITO, T, XLF
[2026-06-05 15:25 ET] market OPEN
  watchlist: RDW, MRVL, SOXS, AVGO, BITO, T, XLF
[2026-06-05 15:30 ET] market OPEN
  watchlist: RDW, MRVL, SOXS, AVGO, BITO, T, XLF
[2026-06-05 15:35 ET] market OPEN
  watchlist: RDW, MRVL, SOXS, AVGO, BITO, T, XLF
[2026-06-05 15:40 ET] market OPEN
  watchlist: RDW, MRVL, SOXS, AVGO, BITO, T, XLF
[2026-06-05 15:45 ET] market OPEN
  watchlist: RDW, MRVL, SOXS, AVGO, BITO, T, XLF
[2026-06-05 15:50 ET] market OPEN
  no watchlist for today — run scan.js pre-market.
[2026-06-05 15:55 ET] market OPEN
[2026-06-05 16:00 ET] market closed
[2026-06-08 09:30 ET] L market OPEN | shorts=false trailing=false
  watchlist: SOXL, SOXS, TSLL, MRVL, BITO, INTC, IBIT
[2026-06-08 09:35 ET] L market OPEN | shorts=false trailing=false
  watchlist: SOXL, SOXS, TSLL, MRVL, BITO, INTC, IBIT
[2026-06-08 09:40 ET] L market OPEN | shorts=false trailing=false
  watchlist: SOXL, SOXS, TSLL, MRVL, BITO, INTC, IBIT
[2026-06-08 09:45 ET] L market OPEN | shorts=false trailing=false
  watchlist: SOXL, SOXS, TSLL, MRVL, BITO, INTC, IBIT
[2026-06-08 09:50 ET] L market OPEN | shorts=false trailing=false
  watchlist: SOXL, SOXS, TSLL, MRVL, BITO, INTC, IBIT
[2026-06-08 09:55 ET] L market OPEN | shorts=false trailing=false
  watchlist: SOXL, SOXS, TSLL, MRVL, BITO, INTC, IBIT
  ENTER long TSLL 121sh @ 13.38 | stop 12.96 tgt14.20 | risk $50
   Text sent to 9374053540@vtext.com
  ENTER long BITO 230sh @ 8.69 | stop 8.62 tgt8.83 | risk $16
   Text sent to 9374053540@vtext.com
[2026-06-08 10:00 ET] L market OPEN | shorts=false trailing=false
  watchlist: SOXL, SOXS, TSLL, MRVL, BITO, INTC, IBIT
  ENTER long SOXS 125sh @ 6.02 | stop 5.62 tgt6.82 | risk $50
   Text sent to 9374053540@vtext.com
  ENTER long IBIT 55sh @ 36.10 | stop 35.85 tgt36.61 | risk $14
   Text sent to 9374053540@vtext.com
[2026-06-08 10:05 ET] L market OPEN | shorts=false trailing=false
  watchlist: SOXL, SOXS, TSLL, MRVL, BITO, INTC, IBIT
[2026-06-08 10:10 ET] L market OPEN | shorts=false trailing=false
  watchlist: SOXL, SOXS, TSLL, MRVL, BITO, INTC, IBIT
[2026-06-08 10:15 ET] L market OPEN | shorts=false trailing=false
  watchlist: SOXL, SOXS, TSLL, MRVL, BITO, INTC, IBIT
[2026-06-08 10:20 ET] L market OPEN | shorts=false trailing=false
  watchlist: SOXL, SOXS, TSLL, MRVL, BITO, INTC, IBIT
[2026-06-08 10:25 ET] L market OPEN | shorts=false trailing=false
  watchlist: SOXL, SOXS, TSLL, MRVL, BITO, INTC, IBIT
[2026-06-08 10:30 ET] L market OPEN | shorts=false trailing=false
  watchlist: SOXL, SOXS, TSLL, MRVL, BITO, INTC, IBIT
  ENTER long MRVL 4sh @ 294.27 | stop 282.74 tgt317.33 | risk $46
   Text sent to 9374053540@vtext.com
[2026-06-08 10:35 ET] L market OPEN | shorts=false trailing=false
  watchlist: SOXL, SOXS, TSLL, MRVL, BITO, INTC, IBIT
[2026-06-08 10:40 ET] L market OPEN | shorts=false trailing=false
  EXIT SOXS (long/target) @ 5.63 P/L $-48.75
   Text sent to 9374053540@vtext.com
  watchlist: SOXL, SOXS, TSLL, MRVL, BITO, INTC, IBIT
  ENTER long SOXL 5sh @ 214.32 | stop 205.32 tgt232.32 | risk $45
   Text sent to 9374053540@vtext.com
[2026-06-08 10:45 ET] L market OPEN | shorts=false trailing=false
  watchlist: SOXL, SOXS, TSLL, MRVL, BITO, INTC, IBIT
[2026-06-08 10:50 ET] L market OPEN | shorts=false trailing=false
  watchlist: SOXL, SOXS, TSLL, MRVL, BITO, INTC, IBIT
[2026-06-08 10:55 ET] L market OPEN | shorts=false trailing=false
  watchlist: SOXL, SOXS, TSLL, MRVL, BITO, INTC, IBIT
[2026-06-08 11:00 ET] L market OPEN | shorts=false trailing=false
  watchlist: SOXL, SOXS, TSLL, MRVL, BITO, INTC, IBIT
[2026-06-08 11:05 ET] L market OPEN | shorts=false trailing=false
  watchlist: SOXL, SOXS, TSLL, MRVL, BITO, INTC, IBIT
  ENTER long INTC 12sh @ 111.48 | stop 107.52 tgt119.40 | risk $48
   Text sent to 9374053540@vtext.com
[2026-06-08 11:10 ET] L market OPEN | shorts=false trailing=false
  watchlist: SOXL, SOXS, TSLL, MRVL, BITO, INTC, IBIT
[2026-06-08 11:15 ET] L market OPEN | shorts=false trailing=false
  watchlist: SOXL, SOXS, TSLL, MRVL, BITO, INTC, IBIT
[2026-06-08 11:20 ET] L market OPEN | shorts=false trailing=false
  watchlist: SOXL, SOXS, TSLL, MRVL, BITO, INTC, IBIT
[2026-06-08 11:25 ET] L market OPEN | shorts=false trailing=false
  watchlist: SOXL, SOXS, TSLL, MRVL, BITO, INTC, IBIT
[2026-06-08 11:30 ET] L market OPEN | shorts=false trailing=false
  watchlist: SOXL, SOXS, TSLL, MRVL, BITO, INTC, IBIT
[2026-06-08 11:35 ET] L market OPEN | shorts=false trailing=false
  watchlist: SOXL, SOXS, TSLL, MRVL, BITO, INTC, IBIT
[2026-06-08 11:40 ET] L market OPEN | shorts=false trailing=false
  watchlist: SOXL, SOXS, TSLL, MRVL, BITO, INTC, IBIT
[2026-06-08 11:45 ET] L market OPEN | shorts=false trailing=false
  watchlist: SOXL, SOXS, TSLL, MRVL, BITO, INTC, IBIT
[2026-06-08 11:50 ET] L market OPEN | shorts=false trailing=false
  watchlist: SOXL, SOXS, TSLL, MRVL, BITO, INTC, IBIT
[2026-06-08 11:55 ET] L market OPEN | shorts=false trailing=false
  watchlist: SOXL, SOXS, TSLL, MRVL, BITO, INTC, IBIT
[2026-06-08 12:00 ET] L market OPEN | shorts=false trailing=false
  watchlist: SOXL, SOXS, TSLL, MRVL, BITO, INTC, IBIT
[2026-06-08 12:05 ET] L market OPEN | shorts=false trailing=false
  watchlist: SOXL, SOXS, TSLL, MRVL, BITO, INTC, IBIT
[2026-06-08 12:10 ET] L market OPEN | shorts=false trailing=false
  watchlist: SOXL, SOXS, TSLL, MRVL, BITO, INTC, IBIT
[2026-06-08 12:15 ET] L market OPEN | shorts=false trailing=false
  watchlist: SOXL, SOXS, TSLL, MRVL, BITO, INTC, IBIT
[2026-06-08 12:20 ET] L market OPEN | shorts=false trailing=false
  watchlist: SOXL, SOXS, TSLL, MRVL, BITO, INTC, IBIT
[2026-06-08 12:25 ET] L market OPEN | shorts=false trailing=false
  watchlist: SOXL, SOXS, TSLL, MRVL, BITO, INTC, IBIT
[2026-06-08 12:30 ET] L market OPEN | shorts=false trailing=false
  watchlist: SOXL, SOXS, TSLL, MRVL, BITO, INTC, IBIT
[2026-06-08 12:35 ET] L market OPEN | shorts=false trailing=false
  watchlist: SOXL, SOXS, TSLL, MRVL, BITO, INTC, IBIT
[2026-06-08 12:40 ET] L market OPEN | shorts=false trailing=false
  watchlist: SOXL, SOXS, TSLL, MRVL, BITO, INTC, IBIT
[2026-06-08 12:45 ET] L market OPEN | shorts=false trailing=false
  watchlist: SOXL, SOXS, TSLL, MRVL, BITO, INTC, IBIT
[2026-06-08 12:50 ET] L market OPEN | shorts=false trailing=false
  watchlist: SOXL, SOXS, TSLL, MRVL, BITO, INTC, IBIT
[2026-06-08 12:55 ET] L market OPEN | shorts=false trailing=false
  watchlist: SOXL, SOXS, TSLL, MRVL, BITO, INTC, IBIT
[2026-06-08 13:00 ET] L market OPEN | shorts=false trailing=false
  watchlist: SOXL, SOXS, TSLL, MRVL, BITO, INTC, IBIT
[2026-06-08 13:05 ET] L market OPEN | shorts=false trailing=false
  EXIT BITO (long/stop) @ 8.62 P/L $-16.10
   Text sent to 9374053540@vtext.com
  EXIT IBIT (long/stop) @ 35.85 P/L $-14.02
   Text sent to 9374053540@vtext.com
  watchlist: SOXL, SOXS, TSLL, MRVL, BITO, INTC, IBIT
[2026-06-08 13:10 ET] L market OPEN | shorts=false trailing=false
  watchlist: SOXL, SOXS, TSLL, MRVL, BITO, INTC, IBIT
[2026-06-08 13:15 ET] L market OPEN | shorts=false trailing=false
  watchlist: SOXL, SOXS, TSLL, MRVL, BITO, INTC, IBIT
[2026-06-08 13:20 ET] L market OPEN | shorts=false trailing=false
  watchlist: SOXL, SOXS, TSLL, MRVL, BITO, INTC, IBIT
[2026-06-08 13:25 ET] L market OPEN | shorts=false trailing=false
  watchlist: SOXL, SOXS, TSLL, MRVL, BITO, INTC, IBIT
[2026-06-08 13:30 ET] L market OPEN | shorts=false trailing=false
  watchlist: SOXL, SOXS, TSLL, MRVL, BITO, INTC, IBIT
[2026-06-08 13:35 ET] L market OPEN | shorts=false trailing=false
  watchlist: SOXL, SOXS, TSLL, MRVL, BITO, INTC, IBIT
[2026-06-08 13:40 ET] L market OPEN | shorts=false trailing=false
  watchlist: SOXL, SOXS, TSLL, MRVL, BITO, INTC, IBIT
[2026-06-08 13:45 ET] L market OPEN | shorts=false trailing=false
  watchlist: SOXL, SOXS, TSLL, MRVL, BITO, INTC, IBIT
[2026-06-08 13:50 ET] L market OPEN | shorts=false trailing=false
  watchlist: SOXL, SOXS, TSLL, MRVL, BITO, INTC, IBIT
[2026-06-08 13:55 ET] L market OPEN | shorts=false trailing=false
  watchlist: SOXL, SOXS, TSLL, MRVL, BITO, INTC, IBIT
[2026-06-08 14:00 ET] L market OPEN | shorts=false trailing=false
  watchlist: SOXL, SOXS, TSLL, MRVL, BITO, INTC, IBIT
[2026-06-08 14:05 ET] L market OPEN | shorts=false trailing=false
  watchlist: SOXL, SOXS, TSLL, MRVL, BITO, INTC, IBIT
[2026-06-08 14:10 ET] L market OPEN | shorts=false trailing=false
  watchlist: SOXL, SOXS, TSLL, MRVL, BITO, INTC, IBIT
[2026-06-08 14:15 ET] L market OPEN | shorts=false trailing=false
  watchlist: SOXL, SOXS, TSLL, MRVL, BITO, INTC, IBIT
[2026-06-08 14:20 ET] L market OPEN | shorts=false trailing=false
  watchlist: SOXL, SOXS, TSLL, MRVL, BITO, INTC, IBIT
[2026-06-08 14:25 ET] L market OPEN | shorts=false trailing=false
  watchlist: SOXL, SOXS, TSLL, MRVL, BITO, INTC, IBIT
[2026-06-08 14:30 ET] L market OPEN | shorts=false trailing=false
  watchlist: SOXL, SOXS, TSLL, MRVL, BITO, INTC, IBIT
[2026-06-08 14:35 ET] L market OPEN | shorts=false trailing=false
  watchlist: SOXL, SOXS, TSLL, MRVL, BITO, INTC, IBIT
[2026-06-08 14:40 ET] L market OPEN | shorts=false trailing=false
  watchlist: SOXL, SOXS, TSLL, MRVL, BITO, INTC, IBIT
[2026-06-08 14:45 ET] L market OPEN | shorts=false trailing=false
  watchlist: SOXL, SOXS, TSLL, MRVL, BITO, INTC, IBIT
[2026-06-08 14:50 ET] L market OPEN | shorts=false trailing=false
  watchlist: SOXL, SOXS, TSLL, MRVL, BITO, INTC, IBIT
[2026-06-08 14:55 ET] L market OPEN | shorts=false trailing=false
  watchlist: SOXL, SOXS, TSLL, MRVL, BITO, INTC, IBIT
[2026-06-08 15:00 ET] L market OPEN | shorts=false trailing=false
  watchlist: SOXL, SOXS, TSLL, MRVL, BITO, INTC, IBIT
[2026-06-08 15:05 ET] L market OPEN | shorts=false trailing=false
  watchlist: SOXL, SOXS, TSLL, MRVL, BITO, INTC, IBIT
[2026-06-08 15:10 ET] L market OPEN | shorts=false trailing=false
  watchlist: SOXL, SOXS, TSLL, MRVL, BITO, INTC, IBIT
[2026-06-08 15:15 ET] L market OPEN | shorts=false trailing=false
  watchlist: SOXL, SOXS, TSLL, MRVL, BITO, INTC, IBIT
[2026-06-08 15:20 ET] L market OPEN | shorts=false trailing=false
  watchlist: SOXL, SOXS, TSLL, MRVL, BITO, INTC, IBIT
[2026-06-08 15:25 ET] L market OPEN | shorts=false trailing=false
  watchlist: SOXL, SOXS, TSLL, MRVL, BITO, INTC, IBIT
[2026-06-08 15:30 ET] L market OPEN | shorts=false trailing=false
  watchlist: SOXL, SOXS, TSLL, MRVL, BITO, INTC, IBIT
[2026-06-08 15:35 ET] L market OPEN | shorts=false trailing=false
  watchlist: SOXL, SOXS, TSLL, MRVL, BITO, INTC, IBIT
[2026-06-08 15:40 ET] L market OPEN | shorts=false trailing=false
  watchlist: SOXL, SOXS, TSLL, MRVL, BITO, INTC, IBIT
[2026-06-08 15:45 ET] L market OPEN | shorts=false trailing=false
  watchlist: SOXL, SOXS, TSLL, MRVL, BITO, INTC, IBIT
[2026-06-08 15:50 ET] L market OPEN | shorts=false trailing=false
  watchlist: SOXL, SOXS, TSLL, MRVL, BITO, INTC, IBIT
[2026-06-08 15:55 ET] L market OPEN | shorts=false trailing=false
  flatten INTC failed: Alpaca /v2/positions/INTC 403: {"available":"0","code":40310000,"existing_qty":"12","held_for_orders":"12","message":"insufficient qty available for order (requested: 12, available: 0)","symbol":"INTC"}
  flatten MRVL failed: Alpaca /v2/positions/MRVL 403: {"available":"0","code":40310000,"existing_qty":"4","held_for_orders":"4","message":"insufficient qty available for order (requested: 4, available: 0)","symbol":"MRVL"}
  flatten SOXL failed: Alpaca /v2/positions/SOXL 403: {"available":"0","code":40310000,"existing_qty":"5","held_for_orders":"5","message":"insufficient qty available for order (requested: 5, available: 0)","symbol":"SOXL"}
  flatten TSLL failed: Alpaca /v2/positions/TSLL 403: {"available":"0","code":40310000,"existing_qty":"121","held_for_orders":"121","message":"insufficient qty available for order (requested: 121, available: 0)","symbol":"TSLL"}
[2026-06-08 16:00 ET] L market closed | shorts=false trailing=false
  EOD flatten INTC @ 110.27
   Text sent to 9374053540@vtext.com
  EOD flatten MRVL @ 288.85
   Text sent to 9374053540@vtext.com
  EOD flatten SOXL @ 211.76
   Text sent to 9374053540@vtext.com
  EOD flatten TSLL @ 13.86
   Text sent to 9374053540@vtext.com
[2026-06-09 09:30 ET] L market OPEN | shorts=false trailing=false regime=true
  watchlist: KEEL, MRVL, INTC, NOK, SQQQ, TQQQ
[2026-06-09 09:35 ET] L market OPEN | shorts=false trailing=false regime=true
  watchlist: KEEL, MRVL, INTC, NOK, SQQQ, TQQQ
[2026-06-09 09:40 ET] L market OPEN | shorts=false trailing=false regime=true
  watchlist: KEEL, MRVL, INTC, NOK, SQQQ, TQQQ
[2026-06-09 09:45 ET] L market OPEN | shorts=false trailing=false regime=true
  watchlist: KEEL, MRVL, INTC, NOK, SQQQ, TQQQ
  regime SPY 745.35 vs VWAP 744.08 -> bull
[2026-06-09 09:50 ET] L market OPEN | shorts=false trailing=false regime=true
  watchlist: KEEL, MRVL, INTC, NOK, SQQQ, TQQQ
  regime SPY 746.75 vs VWAP 744.60 -> bull
  ENTER long TQQQ 25sh @ 79.33 | stop 77.75 tgt82.49 | risk $39 | sec index
   Text sent to 9374053540@vtext.com
[2026-06-09 09:55 ET] L market OPEN | shorts=false trailing=false regime=true
  watchlist: KEEL, MRVL, INTC, NOK, SQQQ, TQQQ
  regime SPY 745.16 vs VWAP 744.82 -> bull
[2026-06-09 10:00 ET] L market OPEN | shorts=false trailing=false regime=true
  watchlist: KEEL, MRVL, INTC, NOK, SQQQ, TQQQ
  regime SPY 744.34 vs VWAP 744.79 -> bear
[2026-06-09 10:05 ET] L market OPEN | shorts=false trailing=false regime=true
  EXIT TQQQ (long/stop) 25sh @ 77.82 P/L $-37.87 | day $-37.87
   Text sent to 9374053540@vtext.com
  watchlist: KEEL, MRVL, INTC, NOK, SQQQ, TQQQ
  regime SPY 743.99 vs VWAP 744.74 -> bear
[2026-06-09 10:10 ET] L market OPEN | shorts=false trailing=false regime=true
  watchlist: KEEL, MRVL, INTC, NOK, SQQQ, TQQQ
  regime SPY 743.99 vs VWAP 744.69 -> bear
[2026-06-09 10:15 ET] L market OPEN | shorts=false trailing=false regime=true
  watchlist: KEEL, MRVL, INTC, NOK, SQQQ, TQQQ
  regime SPY 741.53 vs VWAP 744.32 -> bear
  SQQQ: long break vetoed by bear regime
[2026-06-09 10:20 ET] L market OPEN | shorts=false trailing=false regime=true
  watchlist: KEEL, MRVL, INTC, NOK, SQQQ, TQQQ
  regime SPY 740.14 vs VWAP 743.65 -> bear
  SQQQ: long break vetoed by bear regime
[2026-06-09 10:25 ET] L market OPEN | shorts=false trailing=false regime=true
  watchlist: KEEL, MRVL, INTC, NOK, SQQQ, TQQQ
  regime SPY 741.95 vs VWAP 743.42 -> bear
  SQQQ: long break vetoed by bear regime
[2026-06-09 10:30 ET] L market OPEN | shorts=false trailing=false regime=true
  watchlist: KEEL, MRVL, INTC, NOK, SQQQ, TQQQ
  regime SPY 741.22 vs VWAP 743.33 -> bear
  SQQQ: long break vetoed by bear regime
[2026-06-09 10:35 ET] L market OPEN | shorts=false trailing=false regime=true
  watchlist: KEEL, MRVL, INTC, NOK, SQQQ, TQQQ
  regime SPY 741.18 vs VWAP 743.21 -> bear
  SQQQ: long break vetoed by bear regime
[2026-06-09 10:40 ET] L market OPEN | shorts=false trailing=false regime=true
  watchlist: KEEL, MRVL, INTC, NOK, SQQQ, TQQQ
  regime SPY 740.90 vs VWAP 743.14 -> bear
  SQQQ: long break vetoed by bear regime
[2026-06-09 10:45 ET] L market OPEN | shorts=false trailing=false regime=true
  watchlist: KEEL, MRVL, INTC, NOK, SQQQ, TQQQ
  regime SPY 738.64 vs VWAP 742.94 -> bear
  SQQQ: long break vetoed by bear regime
[2026-06-09 10:50 ET] L market OPEN | shorts=false trailing=false regime=true
  watchlist: KEEL, MRVL, INTC, NOK, SQQQ, TQQQ
  regime SPY 735.26 vs VWAP 741.99 -> bear
  SQQQ: long break vetoed by bear regime
[2026-06-09 10:55 ET] L market OPEN | shorts=false trailing=false regime=true
  watchlist: KEEL, MRVL, INTC, NOK, SQQQ, TQQQ
  regime SPY 736.56 vs VWAP 741.41 -> bear
  SQQQ: long break vetoed by bear regime
[2026-06-09 11:00 ET] L market OPEN | shorts=false trailing=false regime=true
  watchlist: KEEL, MRVL, INTC, NOK, SQQQ, TQQQ
  regime SPY 737.73 vs VWAP 741.30 -> bear
  SQQQ: long break vetoed by bear regime
[2026-06-09 11:05 ET] L market OPEN | shorts=false trailing=false regime=true
  watchlist: KEEL, MRVL, INTC, NOK, SQQQ, TQQQ
  regime SPY 736.99 vs VWAP 741.12 -> bear
  SQQQ: long break vetoed by bear regime
[2026-06-09 11:10 ET] L market OPEN | shorts=false trailing=false regime=true
  watchlist: KEEL, MRVL, INTC, NOK, SQQQ, TQQQ
  regime SPY 737.94 vs VWAP 741.04 -> bear
  SQQQ: long break vetoed by bear regime
[2026-06-09 11:15 ET] L market OPEN | shorts=false trailing=false regime=true
  watchlist: KEEL, MRVL, INTC, NOK, SQQQ, TQQQ
  regime SPY 737.52 vs VWAP 740.97 -> bear
  SQQQ: long break vetoed by bear regime
[2026-06-09 11:20 ET] L market OPEN | shorts=false trailing=false regime=true
  watchlist: KEEL, MRVL, INTC, NOK, SQQQ, TQQQ
  regime SPY 736.18 vs VWAP 740.89 -> bear
  SQQQ: long break vetoed by bear regime
[2026-06-09 11:25 ET] L market OPEN | shorts=false trailing=false regime=true
  watchlist: KEEL, MRVL, INTC, NOK, SQQQ, TQQQ
  regime SPY 734.14 vs VWAP 740.72 -> bear
  SQQQ: long break vetoed by bear regime
[2026-06-09 11:30 ET] L market OPEN | shorts=false trailing=false regime=true
  watchlist: KEEL, MRVL, INTC, NOK, SQQQ, TQQQ
  regime SPY 731.03 vs VWAP 740.13 -> bear
  SQQQ: long break vetoed by bear regime
[2026-06-09 11:35 ET] L market OPEN | shorts=false trailing=false regime=true
  watchlist: KEEL, MRVL, INTC, NOK, SQQQ, TQQQ
  regime SPY 731.25 vs VWAP 739.76 -> bear
  SQQQ: long break vetoed by bear regime
[2026-06-09 11:40 ET] L market OPEN | shorts=false trailing=false regime=true
  watchlist: KEEL, MRVL, INTC, NOK, SQQQ, TQQQ
  regime SPY 731.50 vs VWAP 739.53 -> bear
  SQQQ: long break vetoed by bear regime
[2026-06-09 11:45 ET] L market OPEN | shorts=false trailing=false regime=true
  watchlist: KEEL, MRVL, INTC, NOK, SQQQ, TQQQ
  regime SPY 731.74 vs VWAP 739.19 -> bear
  SQQQ: long break vetoed by bear regime
[2026-06-09 11:50 ET] L market OPEN | shorts=false trailing=false regime=true
  watchlist: KEEL, MRVL, INTC, NOK, SQQQ, TQQQ
  regime SPY 731.93 vs VWAP 739.00 -> bear
  SQQQ: long break vetoed by bear regime
[2026-06-09 11:55 ET] L market OPEN | shorts=false trailing=false regime=true
  watchlist: KEEL, MRVL, INTC, NOK, SQQQ, TQQQ
  regime SPY 731.15 vs VWAP 738.82 -> bear
  SQQQ: long break vetoed by bear regime
[2026-06-09 12:00 ET] L market OPEN | shorts=false trailing=false regime=true
  watchlist: KEEL, MRVL, INTC, NOK, SQQQ, TQQQ
  regime SPY 729.08 vs VWAP 738.32 -> bear
  SQQQ: long break vetoed by bear regime
[2026-06-09 12:05 ET] L market OPEN | shorts=false trailing=false regime=true
  watchlist: KEEL, MRVL, INTC, NOK, SQQQ, TQQQ
  regime SPY 729.65 vs VWAP 737.98 -> bear
  SQQQ: long break vetoed by bear regime
[2026-06-09 12:10 ET] L market OPEN | shorts=false trailing=false regime=true
  watchlist: KEEL, MRVL, INTC, NOK, SQQQ, TQQQ
  regime SPY 728.30 vs VWAP 737.50 -> bear
  SQQQ: long break vetoed by bear regime
[2026-06-09 12:15 ET] L market OPEN | shorts=false trailing=false regime=true
  watchlist: KEEL, MRVL, INTC, NOK, SQQQ, TQQQ
  regime SPY 728.48 vs VWAP 737.27 -> bear
  SQQQ: long break vetoed by bear regime
[2026-06-09 12:20 ET] L market OPEN | shorts=false trailing=false regime=true
  watchlist: KEEL, MRVL, INTC, NOK, SQQQ, TQQQ
  regime SPY 725.96 vs VWAP 736.94 -> bear
  SQQQ: long break vetoed by bear regime
[2026-06-09 12:25 ET] L market OPEN | shorts=false trailing=false regime=true
  watchlist: KEEL, MRVL, INTC, NOK, SQQQ, TQQQ
  regime SPY 727.51 vs VWAP 736.64 -> bear
  SQQQ: long break vetoed by bear regime
[2026-06-09 12:30 ET] L market OPEN | shorts=false trailing=false regime=true
  watchlist: KEEL, MRVL, INTC, NOK, SQQQ, TQQQ
  regime SPY 727.38 vs VWAP 736.46 -> bear
  SQQQ: long break vetoed by bear regime
[2026-06-09 12:35 ET] L market OPEN | shorts=false trailing=false regime=true
  watchlist: KEEL, MRVL, INTC, NOK, SQQQ, TQQQ
  regime SPY 727.31 vs VWAP 736.31 -> bear
  SQQQ: long break vetoed by bear regime
[2026-06-09 12:40 ET] L market OPEN | shorts=false trailing=false regime=true
  watchlist: KEEL, MRVL, INTC, NOK, SQQQ, TQQQ
  regime SPY 723.34 vs VWAP 735.66 -> bear
  SQQQ: long break vetoed by bear regime
[2026-06-09 12:45 ET] L market OPEN | shorts=false trailing=false regime=true
  watchlist: KEEL, MRVL, INTC, NOK, SQQQ, TQQQ
  regime SPY 724.73 vs VWAP 734.99 -> bear
  SQQQ: long break vetoed by bear regime
[2026-06-09 12:50 ET] L market OPEN | shorts=false trailing=false regime=true
  watchlist: KEEL, MRVL, INTC, NOK, SQQQ, TQQQ
  regime SPY 724.93 vs VWAP 734.74 -> bear
  SQQQ: long break vetoed by bear regime
[2026-06-09 12:55 ET] L market OPEN | shorts=false trailing=false regime=true
  watchlist: KEEL, MRVL, INTC, NOK, SQQQ, TQQQ
  regime SPY 723.67 vs VWAP 734.59 -> bear
  SQQQ: long break vetoed by bear regime
[2026-06-09 13:00 ET] L market OPEN | shorts=false trailing=false regime=true
  watchlist: KEEL, MRVL, INTC, NOK, SQQQ, TQQQ
  regime SPY 726.68 vs VWAP 734.44 -> bear
  SQQQ: long break vetoed by bear regime
[2026-06-09 13:05 ET] L market OPEN | shorts=false trailing=false regime=true
  watchlist: KEEL, MRVL, INTC, NOK, SQQQ, TQQQ
  regime SPY 728.40 vs VWAP 734.10 -> bear
  SQQQ: long break vetoed by bear regime
[2026-06-09 13:10 ET] L market OPEN | shorts=false trailing=false regime=true
  watchlist: KEEL, MRVL, INTC, NOK, SQQQ, TQQQ
  regime SPY 728.28 vs VWAP 733.97 -> bear
  SQQQ: long break vetoed by bear regime
[2026-06-09 13:15 ET] L market OPEN | shorts=false trailing=false regime=true
  watchlist: KEEL, MRVL, INTC, NOK, SQQQ, TQQQ
  regime SPY 728.59 vs VWAP 733.88 -> bear
  SQQQ: long break vetoed by bear regime
[2026-06-09 13:20 ET] L market OPEN | shorts=false trailing=false regime=true
  watchlist: KEEL, MRVL, INTC, NOK, SQQQ, TQQQ
  regime SPY 729.96 vs VWAP 733.70 -> bear
  SQQQ: long break vetoed by bear regime
[2026-06-09 13:25 ET] L market OPEN | shorts=false trailing=false regime=true
  watchlist: KEEL, MRVL, INTC, NOK, SQQQ, TQQQ
  regime SPY 730.47 vs VWAP 733.63 -> bear
  SQQQ: long break vetoed by bear regime
[2026-06-09 13:30 ET] L market OPEN | shorts=false trailing=false regime=true
  watchlist: KEEL, MRVL, INTC, NOK, SQQQ, TQQQ
  regime SPY 730.81 vs VWAP 733.60 -> bear
  SQQQ: long break vetoed by bear regime
[2026-06-09 13:35 ET] L market OPEN | shorts=false trailing=false regime=true
  watchlist: KEEL, MRVL, INTC, NOK, SQQQ, TQQQ
  regime SPY 731.68 vs VWAP 733.57 -> bear
  SQQQ: long break vetoed by bear regime
[2026-06-09 13:40 ET] L market OPEN | shorts=false trailing=false regime=true
  watchlist: KEEL, MRVL, INTC, NOK, SQQQ, TQQQ
  regime SPY 732.11 vs VWAP 733.55 -> bear
  SQQQ: long break vetoed by bear regime
[2026-06-09 13:45 ET] L market OPEN | shorts=false trailing=false regime=true
  watchlist: KEEL, MRVL, INTC, NOK, SQQQ, TQQQ
  regime SPY 733.01 vs VWAP 733.53 -> bear
  SQQQ: long break vetoed by bear regime
[2026-06-09 13:50 ET] L market OPEN | shorts=false trailing=false regime=true
  watchlist: KEEL, MRVL, INTC, NOK, SQQQ, TQQQ
  regime SPY 731.23 vs VWAP 733.49 -> bear
  SQQQ: long break vetoed by bear regime
[2026-06-09 13:55 ET] L market OPEN | shorts=false trailing=false regime=true
  watchlist: KEEL, MRVL, INTC, NOK, SQQQ, TQQQ
  regime SPY 732.26 vs VWAP 733.48 -> bear
  SQQQ: long break vetoed by bear regime
[2026-06-09 14:00 ET] L market OPEN | shorts=false trailing=false regime=true
  watchlist: KEEL, MRVL, INTC, NOK, SQQQ, TQQQ
  regime SPY 732.56 vs VWAP 733.47 -> bear
  SQQQ: long break vetoed by bear regime
[2026-06-09 14:05 ET] L market OPEN | shorts=false trailing=false regime=true
  watchlist: KEEL, MRVL, INTC, NOK, SQQQ, TQQQ
  regime SPY 732.67 vs VWAP 733.45 -> bear
  SQQQ: long break vetoed by bear regime
[2026-06-09 14:10 ET] L market OPEN | shorts=false trailing=false regime=true
  watchlist: KEEL, MRVL, INTC, NOK, SQQQ, TQQQ
  regime SPY 733.61 vs VWAP 733.45 -> bull
  ENTER long SQQQ 13sh @ 43.64 | stop 39.93 tgt51.06 | risk $48 | sec index
   Text sent to 9374053540@vtext.com
[2026-06-09 14:15 ET] L market OPEN | shorts=false trailing=false regime=true
  watchlist: KEEL, MRVL, INTC, NOK, SQQQ, TQQQ
  regime SPY 733.28 vs VWAP 733.45 -> bear
[2026-06-09 14:20 ET] L market OPEN | shorts=false trailing=false regime=true
  watchlist: KEEL, MRVL, INTC, NOK, SQQQ, TQQQ
  regime SPY 734.41 vs VWAP 733.45 -> bull
[2026-06-09 14:25 ET] L market OPEN | shorts=false trailing=false regime=true
  watchlist: KEEL, MRVL, INTC, NOK, SQQQ, TQQQ
  regime SPY 735.03 vs VWAP 733.47 -> bull
[2026-06-09 14:30 ET] L market OPEN | shorts=false trailing=false regime=true
  watchlist: KEEL, MRVL, INTC, NOK, SQQQ, TQQQ
  regime SPY 735.11 vs VWAP 733.48 -> bull
[2026-06-09 14:35 ET] L market OPEN | shorts=false trailing=false regime=true
  watchlist: KEEL, MRVL, INTC, NOK, SQQQ, TQQQ
  regime SPY 735.65 vs VWAP 733.50 -> bull
[2026-06-09 14:40 ET] L market OPEN | shorts=false trailing=false regime=true
  watchlist: KEEL, MRVL, INTC, NOK, SQQQ, TQQQ
  regime SPY 735.98 vs VWAP 733.52 -> bull
[2026-06-09 14:45 ET] L market OPEN | shorts=false trailing=false regime=true
  watchlist: KEEL, MRVL, INTC, NOK, SQQQ, TQQQ
  regime SPY 734.39 vs VWAP 733.54 -> bull
[2026-06-09 14:50 ET] L market OPEN | shorts=false trailing=false regime=true
  watchlist: KEEL, MRVL, INTC, NOK, SQQQ, TQQQ
  regime SPY 735.37 vs VWAP 733.55 -> bull
[2026-06-09 14:55 ET] L market OPEN | shorts=false trailing=false regime=true
  watchlist: KEEL, MRVL, INTC, NOK, SQQQ, TQQQ
  regime SPY 735.62 vs VWAP 733.59 -> bull
[2026-06-09 15:00 ET] L market OPEN | shorts=false trailing=false regime=true
  watchlist: KEEL, MRVL, INTC, NOK, SQQQ, TQQQ
  regime SPY 736.75 vs VWAP 733.62 -> bull
[2026-06-09 15:05 ET] L market OPEN | shorts=false trailing=false regime=true
  watchlist: KEEL, MRVL, INTC, NOK, SQQQ, TQQQ
[2026-06-09 15:10 ET] L market OPEN | shorts=false trailing=false regime=true
  watchlist: KEEL, MRVL, INTC, NOK, SQQQ, TQQQ
[2026-06-09 15:15 ET] L market OPEN | shorts=false trailing=false regime=true
  watchlist: KEEL, MRVL, INTC, NOK, SQQQ, TQQQ
[2026-06-09 15:20 ET] L market OPEN | shorts=false trailing=false regime=true
  watchlist: KEEL, MRVL, INTC, NOK, SQQQ, TQQQ
[2026-06-09 15:25 ET] L market OPEN | shorts=false trailing=false regime=true
  watchlist: KEEL, MRVL, INTC, NOK, SQQQ, TQQQ
[2026-06-09 15:30 ET] L market OPEN | shorts=false trailing=false regime=true
  watchlist: KEEL, MRVL, INTC, NOK, SQQQ, TQQQ
[2026-06-09 15:35 ET] L market OPEN | shorts=false trailing=false regime=true
  watchlist: KEEL, MRVL, INTC, NOK, SQQQ, TQQQ
[2026-06-09 15:40 ET] L market OPEN | shorts=false trailing=false regime=true
  watchlist: KEEL, MRVL, INTC, NOK, SQQQ, TQQQ
[2026-06-09 15:45 ET] L market OPEN | shorts=false trailing=false regime=true
  watchlist: KEEL, MRVL, INTC, NOK, SQQQ, TQQQ
[2026-06-09 15:50 ET] L market OPEN | shorts=false trailing=false regime=true
  watchlist: KEEL, MRVL, INTC, NOK, SQQQ, TQQQ
[2026-06-09 15:55 ET] L market OPEN | shorts=false trailing=false regime=true
  flatten SQQQ failed: Alpaca /v2/positions/SQQQ 403: {"available":"0","code":40310000,"existing_qty":"13","held_for_orders":"13","message":"insufficient qty available for order (requested: 13, available: 0)","symbol":"SQQQ"}
[2026-06-09 16:00 ET] L market closed | shorts=false trailing=false regime=true
  flatten SQQQ: close not confirmed (status accepted) — leaving open, will retry next run.
[2026-06-10 09:30 ET] L market OPEN | shorts=false trailing=false regime=true
  watchlist: SOXS, SNDQ, SOXL, MRVL, TSLL, NOK, DRAM, SQQQ
[2026-06-10 09:35 ET] L market OPEN | shorts=false trailing=false regime=true
  watchlist: SOXS, SNDQ, SOXL, MRVL, TSLL, NOK, DRAM, SQQQ
[2026-06-10 09:40 ET] L market OPEN | shorts=false trailing=false regime=true
  watchlist: SOXS, SNDQ, SOXL, MRVL, TSLL, NOK, DRAM, SQQQ
[2026-06-10 09:45 ET] L market OPEN | shorts=false trailing=false regime=true
  watchlist: SOXS, SNDQ, SOXL, MRVL, TSLL, NOK, DRAM, SQQQ
  regime SPY 736.18 vs VWAP 733.87 -> bull
[2026-06-10 09:50 ET] L market OPEN | shorts=false trailing=false regime=true
  watchlist: SOXS, SNDQ, SOXL, MRVL, TSLL, NOK, DRAM, SQQQ
  regime SPY 736.66 vs VWAP 734.52 -> bull
  ENTER long SOXL 2sh @ 208.50 | stop 190.00 tgt244.33 | risk $36 | sec semis
   Telegram alert delivered
  ENTER long MRVL 5sh @ 269.75 | stop 260.58 tgt286.55 | risk $43 | sec semis
   Telegram alert delivered
  ENTER long NOK 113sh @ 14.00 | stop 13.55 tgt14.87 | risk $50 | sec NOK
   Telegram alert delivered
  max positions (4) reached — no more entries.
[2026-06-10 09:55 ET] L market OPEN | shorts=false trailing=false regime=true
  watchlist: SOXS, SNDQ, SOXL, MRVL, TSLL, NOK, DRAM, SQQQ
  regime SPY 735.63 vs VWAP 734.72 -> bull
  max positions (4) reached — no more entries.
[2026-06-10 10:00 ET] L market OPEN | shorts=false trailing=false regime=true
  EXIT MRVL (long/stop) 5sh @ 260.41 P/L $-46.71 | day $-46.71
   Telegram alert delivered
  watchlist: SOXS, SNDQ, SOXL, MRVL, TSLL, NOK, DRAM, SQQQ
  regime SPY 735.53 vs VWAP 734.82 -> bull
[2026-06-10 10:05 ET] L market OPEN | shorts=false trailing=false regime=true
  watchlist: SOXS, SNDQ, SOXL, MRVL, TSLL, NOK, DRAM, SQQQ
  regime SPY 736.52 vs VWAP 734.98 -> bull
[2026-06-10 10:10 ET] L market OPEN | shorts=false trailing=false regime=true
  watchlist: SOXS, SNDQ, SOXL, MRVL, TSLL, NOK, DRAM, SQQQ
  regime SPY 737.09 vs VWAP 735.16 -> bull
  ENTER long DRAM 22sh @ 60.03 | stop 57.77 tgt64.22 | risk $49 | sec DRAM
   Telegram alert delivered
[2026-06-10 10:15 ET] L market OPEN | shorts=false trailing=false regime=true
  watchlist: SOXS, SNDQ, SOXL, MRVL, TSLL, NOK, DRAM, SQQQ
  regime SPY 736.67 vs VWAP 735.28 -> bull
  max positions (4) reached — no more entries.
[2026-06-10 10:20 ET] L market OPEN | shorts=false trailing=false regime=true
  watchlist: SOXS, SNDQ, SOXL, MRVL, TSLL, NOK, DRAM, SQQQ
  regime SPY 736.65 vs VWAP 735.50 -> bull
  max positions (4) reached — no more entries.
[2026-06-10 10:25 ET] L market OPEN | shorts=false trailing=false regime=true
  watchlist: SOXS, SNDQ, SOXL, MRVL, TSLL, NOK, DRAM, SQQQ
  regime SPY 738.22 vs VWAP 735.66 -> bull
  max positions (4) reached — no more entries.
[2026-06-10 10:30 ET] L market OPEN | shorts=false trailing=false regime=true
  watchlist: SOXS, SNDQ, SOXL, MRVL, TSLL, NOK, DRAM, SQQQ
  regime SPY 737.26 vs VWAP 735.79 -> bull
  max positions (4) reached — no more entries.
[2026-06-10 10:35 ET] L market OPEN | shorts=false trailing=false regime=true
  watchlist: SOXS, SNDQ, SOXL, MRVL, TSLL, NOK, DRAM, SQQQ
  regime SPY 737.84 vs VWAP 735.90 -> bull
  max positions (4) reached — no more entries.
[2026-06-10 10:40 ET] L market OPEN | shorts=false trailing=false regime=true
  watchlist: SOXS, SNDQ, SOXL, MRVL, TSLL, NOK, DRAM, SQQQ
  regime SPY 736.48 vs VWAP 735.95 -> bull
  max positions (4) reached — no more entries.
[2026-06-10 10:45 ET] L market OPEN | shorts=false trailing=false regime=true
  watchlist: SOXS, SNDQ, SOXL, MRVL, TSLL, NOK, DRAM, SQQQ
  regime SPY 735.68 vs VWAP 735.97 -> bear
  max positions (4) reached — no more entries.
[2026-06-10 10:50 ET] L market OPEN | shorts=false trailing=false regime=true
  watchlist: SOXS, SNDQ, SOXL, MRVL, TSLL, NOK, DRAM, SQQQ
  regime SPY 734.95 vs VWAP 735.92 -> bear
  max positions (4) reached — no more entries.
[2026-06-10 10:55 ET] L market OPEN | shorts=false trailing=false regime=true
  watchlist: SOXS, SNDQ, SOXL, MRVL, TSLL, NOK, DRAM, SQQQ
  regime SPY 734.55 vs VWAP 735.85 -> bear
  max positions (4) reached — no more entries.
[2026-06-10 11:00 ET] L market OPEN | shorts=false trailing=false regime=true
  watchlist: SOXS, SNDQ, SOXL, MRVL, TSLL, NOK, DRAM, SQQQ
  regime SPY 732.86 vs VWAP 735.59 -> bear
  max positions (4) reached — no more entries.
[2026-06-10 11:05 ET] L market OPEN | shorts=false trailing=false regime=true
  EXIT SOXL (long/stop) 2sh @ 189.54 P/L $-37.92 | day $-84.63
   Telegram alert delivered
  watchlist: SOXS, SNDQ, SOXL, MRVL, TSLL, NOK, DRAM, SQQQ
  regime SPY 733.07 vs VWAP 735.42 -> bear
[2026-06-10 11:10 ET] L market OPEN | shorts=false trailing=false regime=true
  watchlist: SOXS, SNDQ, SOXL, MRVL, TSLL, NOK, DRAM, SQQQ
  regime SPY 731.73 vs VWAP 735.31 -> bear
  ENTER long SOXS 123sh @ 6.31 | stop 5.92 tgt7.13 | risk $50 | sec semis
   Telegram alert delivered
  max positions (4) reached — no more entries.
[2026-06-10 11:15 ET] L market OPEN | shorts=false trailing=false regime=true
  watchlist: SOXS, SNDQ, SOXL, MRVL, TSLL, NOK, DRAM, SQQQ
  regime SPY 730.68 vs VWAP 735.01 -> bear
  max positions (4) reached — no more entries.
[2026-06-10 11:20 ET] L market OPEN | shorts=false trailing=false regime=true
  EXIT NOK (long/stop) 113sh @ 13.55 P/L $-50.92 | day $-135.55
   Telegram alert delivered
  watchlist: SOXS, SNDQ, SOXL, MRVL, TSLL, NOK, DRAM, SQQQ
  regime SPY 730.27 vs VWAP 734.81 -> bear
[2026-06-10 11:25 ET] L market OPEN | shorts=false trailing=false regime=true
  watchlist: SOXS, SNDQ, SOXL, MRVL, TSLL, NOK, DRAM, SQQQ
  regime SPY 731.81 vs VWAP 734.65 -> bear
[2026-06-10 11:30 ET] L market OPEN | shorts=false trailing=false regime=true
  watchlist: SOXS, SNDQ, SOXL, MRVL, TSLL, NOK, DRAM, SQQQ
  regime SPY 731.50 vs VWAP 734.59 -> bear
[2026-06-10 11:35 ET] L market OPEN | shorts=false trailing=false regime=true
  watchlist: SOXS, SNDQ, SOXL, MRVL, TSLL, NOK, DRAM, SQQQ
  regime SPY 731.01 vs VWAP 734.48 -> bear
[2026-06-10 11:40 ET] L market OPEN | shorts=false trailing=false regime=true
  watchlist: SOXS, SNDQ, SOXL, MRVL, TSLL, NOK, DRAM, SQQQ
  regime SPY 730.69 vs VWAP 734.38 -> bear
[2026-06-10 11:45 ET] L market OPEN | shorts=false trailing=false regime=true
  watchlist: SOXS, SNDQ, SOXL, MRVL, TSLL, NOK, DRAM, SQQQ
  regime SPY 732.29 vs VWAP 734.33 -> bear
[2026-06-10 11:50 ET] L market OPEN | shorts=false trailing=false regime=true
  EXIT DRAM (long/stop) 22sh @ 57.79 P/L $-49.16 | day $-184.71
   Telegram alert delivered
  watchlist: SOXS, SNDQ, SOXL, MRVL, TSLL, NOK, DRAM, SQQQ
  daily loss limit hit (realized $-184.71 ≤ −$150) — no new entries.
[2026-06-10 11:55 ET] L market OPEN | shorts=false trailing=false regime=true
  watchlist: SOXS, SNDQ, SOXL, MRVL, TSLL, NOK, DRAM, SQQQ
  daily loss limit hit (realized $-184.71 ≤ −$150) — no new entries.
[2026-06-10 12:00 ET] L market OPEN | shorts=false trailing=false regime=true
  watchlist: SOXS, SNDQ, SOXL, MRVL, TSLL, NOK, DRAM, SQQQ
  daily loss limit hit (realized $-184.71 ≤ −$150) — no new entries.
[2026-06-10 12:05 ET] L market OPEN | shorts=false trailing=false regime=true
  watchlist: SOXS, SNDQ, SOXL, MRVL, TSLL, NOK, DRAM, SQQQ
  daily loss limit hit (realized $-184.71 ≤ −$150) — no new entries.
[2026-06-10 12:10 ET] L market OPEN | shorts=false trailing=false regime=true
  watchlist: SOXS, SNDQ, SOXL, MRVL, TSLL, NOK, DRAM, SQQQ
  daily loss limit hit (realized $-184.71 ≤ −$150) — no new entries.
[2026-06-10 12:15 ET] L market OPEN | shorts=false trailing=false regime=true
  watchlist: SOXS, SNDQ, SOXL, MRVL, TSLL, NOK, DRAM, SQQQ
  daily loss limit hit (realized $-184.71 ≤ −$150) — no new entries.
[2026-06-10 12:20 ET] L market OPEN | shorts=false trailing=false regime=true
  watchlist: SOXS, SNDQ, SOXL, MRVL, TSLL, NOK, DRAM, SQQQ
  daily loss limit hit (realized $-184.71 ≤ −$150) — no new entries.
[2026-06-10 12:25 ET] L market OPEN | shorts=false trailing=false regime=true
  watchlist: SOXS, SNDQ, SOXL, MRVL, TSLL, NOK, DRAM, SQQQ
  daily loss limit hit (realized $-184.71 ≤ −$150) — no new entries.
[2026-06-10 12:30 ET] L market OPEN | shorts=false trailing=false regime=true
  watchlist: SOXS, SNDQ, SOXL, MRVL, TSLL, NOK, DRAM, SQQQ
  daily loss limit hit (realized $-184.71 ≤ −$150) — no new entries.
[2026-06-10 12:35 ET] L market OPEN | shorts=false trailing=false regime=true
  watchlist: SOXS, SNDQ, SOXL, MRVL, TSLL, NOK, DRAM, SQQQ
  daily loss limit hit (realized $-184.71 ≤ −$150) — no new entries.
[2026-06-10 12:40 ET] L market OPEN | shorts=false trailing=false regime=true
  watchlist: SOXS, SNDQ, SOXL, MRVL, TSLL, NOK, DRAM, SQQQ
  daily loss limit hit (realized $-184.71 ≤ −$150) — no new entries.
[2026-06-10 12:45 ET] L market OPEN | shorts=false trailing=false regime=true
  watchlist: SOXS, SNDQ, SOXL, MRVL, TSLL, NOK, DRAM, SQQQ
  daily loss limit hit (realized $-184.71 ≤ −$150) — no new entries.
[2026-06-10 12:50 ET] L market OPEN | shorts=false trailing=false regime=true
  watchlist: SOXS, SNDQ, SOXL, MRVL, TSLL, NOK, DRAM, SQQQ
  daily loss limit hit (realized $-184.71 ≤ −$150) — no new entries.
[2026-06-10 12:55 ET] L market OPEN | shorts=false trailing=false regime=true
  watchlist: SOXS, SNDQ, SOXL, MRVL, TSLL, NOK, DRAM, SQQQ
  daily loss limit hit (realized $-184.71 ≤ −$150) — no new entries.
[2026-06-10 13:00 ET] L market OPEN | shorts=false trailing=false regime=true
  watchlist: SOXS, SNDQ, SOXL, MRVL, TSLL, NOK, DRAM, SQQQ
  daily loss limit hit (realized $-184.71 ≤ −$150) — no new entries.
[2026-06-10 13:05 ET] L market OPEN | shorts=false trailing=false regime=true
  watchlist: SOXS, SNDQ, SOXL, MRVL, TSLL, NOK, DRAM, SQQQ
  daily loss limit hit (realized $-184.71 ≤ −$150) — no new entries.
[2026-06-10 13:10 ET] L market OPEN | shorts=false trailing=false regime=true
  watchlist: SOXS, SNDQ, SOXL, MRVL, TSLL, NOK, DRAM, SQQQ
  daily loss limit hit (realized $-184.71 ≤ −$150) — no new entries.
[2026-06-10 13:15 ET] L market OPEN | shorts=false trailing=false regime=true
  watchlist: SOXS, SNDQ, SOXL, MRVL, TSLL, NOK, DRAM, SQQQ
  daily loss limit hit (realized $-184.71 ≤ −$150) — no new entries.
[2026-06-10 13:20 ET] L market OPEN | shorts=false trailing=false regime=true
  watchlist: SOXS, SNDQ, SOXL, MRVL, TSLL, NOK, DRAM, SQQQ
  daily loss limit hit (realized $-184.71 ≤ −$150) — no new entries.
[2026-06-10 13:25 ET] L market OPEN | shorts=false trailing=false regime=true
  watchlist: SOXS, SNDQ, SOXL, MRVL, TSLL, NOK, DRAM, SQQQ
  daily loss limit hit (realized $-184.71 ≤ −$150) — no new entries.
[2026-06-10 13:30 ET] L market OPEN | shorts=false trailing=false regime=true
  watchlist: SOXS, SNDQ, SOXL, MRVL, TSLL, NOK, DRAM, SQQQ
  daily loss limit hit (realized $-184.71 ≤ −$150) — no new entries.
[2026-06-10 13:35 ET] L market OPEN | shorts=false trailing=false regime=true
  watchlist: SOXS, SNDQ, SOXL, MRVL, TSLL, NOK, DRAM, SQQQ
  daily loss limit hit (realized $-184.71 ≤ −$150) — no new entries.
[2026-06-10 13:40 ET] L market OPEN | shorts=false trailing=false regime=true
  watchlist: SOXS, SNDQ, SOXL, MRVL, TSLL, NOK, DRAM, SQQQ
  daily loss limit hit (realized $-184.71 ≤ −$150) — no new entries.
[2026-06-10 13:45 ET] L market OPEN | shorts=false trailing=false regime=true
  watchlist: SOXS, SNDQ, SOXL, MRVL, TSLL, NOK, DRAM, SQQQ
  daily loss limit hit (realized $-184.71 ≤ −$150) — no new entries.
[2026-06-10 13:50 ET] L market OPEN | shorts=false trailing=false regime=true
  watchlist: SOXS, SNDQ, SOXL, MRVL, TSLL, NOK, DRAM, SQQQ
  daily loss limit hit (realized $-184.71 ≤ −$150) — no new entries.
[2026-06-10 13:55 ET] L market OPEN | shorts=false trailing=false regime=true
  watchlist: SOXS, SNDQ, SOXL, MRVL, TSLL, NOK, DRAM, SQQQ
  daily loss limit hit (realized $-184.71 ≤ −$150) — no new entries.
[2026-06-10 14:00 ET] L market OPEN | shorts=false trailing=false regime=true
  watchlist: SOXS, SNDQ, SOXL, MRVL, TSLL, NOK, DRAM, SQQQ
  daily loss limit hit (realized $-184.71 ≤ −$150) — no new entries.
[2026-06-10 14:05 ET] L market OPEN | shorts=false trailing=false regime=true
  watchlist: SOXS, SNDQ, SOXL, MRVL, TSLL, NOK, DRAM, SQQQ
  daily loss limit hit (realized $-184.71 ≤ −$150) — no new entries.
[2026-06-10 14:10 ET] L market OPEN | shorts=false trailing=false regime=true
  watchlist: SOXS, SNDQ, SOXL, MRVL, TSLL, NOK, DRAM, SQQQ
  daily loss limit hit (realized $-184.71 ≤ −$150) — no new entries.
[2026-06-10 14:15 ET] L market OPEN | shorts=false trailing=false regime=true
  watchlist: SOXS, SNDQ, SOXL, MRVL, TSLL, NOK, DRAM, SQQQ
  daily loss limit hit (realized $-184.71 ≤ −$150) — no new entries.
[2026-06-10 14:20 ET] L market OPEN | shorts=false trailing=false regime=true
  watchlist: SOXS, SNDQ, SOXL, MRVL, TSLL, NOK, DRAM, SQQQ
  daily loss limit hit (realized $-184.71 ≤ −$150) — no new entries.
[2026-06-10 14:25 ET] L market OPEN | shorts=false trailing=false regime=true
  watchlist: SOXS, SNDQ, SOXL, MRVL, TSLL, NOK, DRAM, SQQQ
  daily loss limit hit (realized $-184.71 ≤ −$150) — no new entries.
[2026-06-10 14:30 ET] L market OPEN | shorts=false trailing=false regime=true
  watchlist: SOXS, SNDQ, SOXL, MRVL, TSLL, NOK, DRAM, SQQQ
  daily loss limit hit (realized $-184.71 ≤ −$150) — no new entries.
[2026-06-10 14:35 ET] L market OPEN | shorts=false trailing=false regime=true
  watchlist: SOXS, SNDQ, SOXL, MRVL, TSLL, NOK, DRAM, SQQQ
  daily loss limit hit (realized $-184.71 ≤ −$150) — no new entries.
[2026-06-10 14:40 ET] L market OPEN | shorts=false trailing=false regime=true
  watchlist: SOXS, SNDQ, SOXL, MRVL, TSLL, NOK, DRAM, SQQQ
  daily loss limit hit (realized $-184.71 ≤ −$150) — no new entries.
[2026-06-10 14:45 ET] L market OPEN | shorts=false trailing=false regime=true
  watchlist: SOXS, SNDQ, SOXL, MRVL, TSLL, NOK, DRAM, SQQQ
  daily loss limit hit (realized $-184.71 ≤ −$150) — no new entries.
[2026-06-10 14:50 ET] L market OPEN | shorts=false trailing=false regime=true
  watchlist: SOXS, SNDQ, SOXL, MRVL, TSLL, NOK, DRAM, SQQQ
  daily loss limit hit (realized $-184.71 ≤ −$150) — no new entries.
[2026-06-10 14:55 ET] L market OPEN | shorts=false trailing=false regime=true
  watchlist: SOXS, SNDQ, SOXL, MRVL, TSLL, NOK, DRAM, SQQQ
  daily loss limit hit (realized $-184.71 ≤ −$150) — no new entries.
[2026-06-10 15:00 ET] L market OPEN | shorts=false trailing=false regime=true
  watchlist: SOXS, SNDQ, SOXL, MRVL, TSLL, NOK, DRAM, SQQQ
  daily loss limit hit (realized $-184.71 ≤ −$150) — no new entries.
[2026-06-10 15:05 ET] L market OPEN | shorts=false trailing=false regime=true
  watchlist: SOXS, SNDQ, SOXL, MRVL, TSLL, NOK, DRAM, SQQQ
[2026-06-10 15:10 ET] L market OPEN | shorts=false trailing=false regime=true
  watchlist: SOXS, SNDQ, SOXL, MRVL, TSLL, NOK, DRAM, SQQQ
[2026-06-10 15:15 ET] L market OPEN | shorts=false trailing=false regime=true
  watchlist: SOXS, SNDQ, SOXL, MRVL, TSLL, NOK, DRAM, SQQQ
[2026-06-10 15:20 ET] L market OPEN | shorts=false trailing=false regime=true
  watchlist: SOXS, SNDQ, SOXL, MRVL, TSLL, NOK, DRAM, SQQQ
[2026-06-10 15:25 ET] L market OPEN | shorts=false trailing=false regime=true
  watchlist: SOXS, SNDQ, SOXL, MRVL, TSLL, NOK, DRAM, SQQQ
[2026-06-10 15:30 ET] L market OPEN | shorts=false trailing=false regime=true
  watchlist: SOXS, SNDQ, SOXL, MRVL, TSLL, NOK, DRAM, SQQQ
[2026-06-10 15:35 ET] L market OPEN | shorts=false trailing=false regime=true
  watchlist: SOXS, SNDQ, SOXL, MRVL, TSLL, NOK, DRAM, SQQQ
[2026-06-10 15:40 ET] L market OPEN | shorts=false trailing=false regime=true
  watchlist: SOXS, SNDQ, SOXL, MRVL, TSLL, NOK, DRAM, SQQQ
[2026-06-10 15:45 ET] L market OPEN | shorts=false trailing=false regime=true
  watchlist: SOXS, SNDQ, SOXL, MRVL, TSLL, NOK, DRAM, SQQQ
[2026-06-10 15:50 ET] L market OPEN | shorts=false trailing=false regime=true
  watchlist: SOXS, SNDQ, SOXL, MRVL, TSLL, NOK, DRAM, SQQQ
[2026-06-10 15:55 ET] L market OPEN | shorts=false trailing=false regime=true
  flatten SOXS: close not confirmed (status no-order) — leaving open, will retry next run.
  flatten SQQQ: close not confirmed (status no-order) — leaving open, will retry next run.
[2026-06-10 16:00 ET] L market closed | shorts=false trailing=false regime=true
  EXIT SOXS (long/exit) 123sh @ 6.51 P/L $24.47 | day $-160.24
   Telegram alert delivered
  flatten SQQQ: close not confirmed (status no-order) — leaving open, will retry next run.
[2026-06-11 09:30 ET] L market OPEN | shorts=false trailing=false regime=true
  watchlist: SOXL, SOXS, TQQQ, NVD, INTC, SQQQ
[2026-06-11 09:35 ET] L market OPEN | shorts=false trailing=false regime=true
  watchlist: SOXL, SOXS, TQQQ, NVD, INTC, SQQQ
[2026-06-11 09:40 ET] L market OPEN | shorts=false trailing=false regime=true
  watchlist: SOXL, SOXS, TQQQ, NVD, INTC, SQQQ
[2026-06-11 09:45 ET] L market OPEN | shorts=false trailing=false regime=true
  watchlist: SOXL, SOXS, TQQQ, NVD, INTC, SQQQ
  regime SPY 727.07 vs VWAP 727.56 -> bear
[2026-06-11 09:50 ET] L market OPEN | shorts=false trailing=false regime=true
  watchlist: SOXL, SOXS, TQQQ, NVD, INTC, SQQQ
  regime SPY 728.65 vs VWAP 727.78 -> bull
  TQQQ: long opposes held index exposure (econ short) — skip.
[2026-06-11 09:55 ET] L market OPEN | shorts=false trailing=false regime=true
  watchlist: SOXL, SOXS, TQQQ, NVD, INTC, SQQQ
  regime SPY 731.04 vs VWAP 728.40 -> bull
  ENTER long SOXL 4sh @ 205.52 | stop 193.32 tgt230.16 | risk $49 | sec semis
   Telegram alert delivered
  TQQQ: long opposes held index exposure (econ short) — skip.
  ENTER long INTC 9sh @ 117.66 | stop 112.42 tgt127.84 | risk $46 | sec semis
   Telegram alert delivered
[2026-06-11 10:00 ET] L market OPEN | shorts=false trailing=false regime=true
  watchlist: SOXL, SOXS, TQQQ, NVD, INTC, SQQQ
  regime SPY 729.71 vs VWAP 728.74 -> bull
  SOXS: sector "semis" at cap (2) — skip.
  TQQQ: long opposes held index exposure (econ short) — skip.
  NVD: sector "semis" at cap (2) — skip.
[2026-06-11 10:05 ET] L market OPEN | shorts=false trailing=false regime=true
  watchlist: SOXL, SOXS, TQQQ, NVD, INTC, SQQQ
  regime SPY 731.20 vs VWAP 728.97 -> bull
  SOXS: sector "semis" at cap (2) — skip.
  TQQQ: long opposes held index exposure (econ short) — skip.
  NVD: sector "semis" at cap (2) — skip.
[2026-06-11 10:10 ET] L market OPEN | shorts=false trailing=false regime=true
  watchlist: SOXL, SOXS, TQQQ, NVD, INTC, SQQQ
  regime SPY 730.00 vs VWAP 729.06 -> bull
  SOXS: sector "semis" at cap (2) — skip.
  TQQQ: long opposes held index exposure (econ short) — skip.
  NVD: sector "semis" at cap (2) — skip.
[2026-06-11 10:15 ET] L market OPEN | shorts=false trailing=false regime=true
  watchlist: SOXL, SOXS, TQQQ, NVD, INTC, SQQQ
  regime SPY 727.83 vs VWAP 729.01 -> bear
  SOXS: sector "semis" at cap (2) — skip.
  TQQQ: long break vetoed by bear regime
  NVD: sector "semis" at cap (2) — skip.
[2026-06-11 10:20 ET] L market OPEN | shorts=false trailing=false regime=true
  watchlist: SOXL, SOXS, TQQQ, NVD, INTC, SQQQ
  regime SPY 727.07 vs VWAP 728.86 -> bear
  SOXS: sector "semis" at cap (2) — skip.
  NVD: sector "semis" at cap (2) — skip.
[2026-06-11 10:25 ET] L market OPEN | shorts=false trailing=false regime=true
  watchlist: SOXL, SOXS, TQQQ, NVD, INTC, SQQQ
  regime SPY 729.27 vs VWAP 728.84 -> bull
  SOXS: sector "semis" at cap (2) — skip.
  TQQQ: long opposes held index exposure (econ short) — skip.
  NVD: sector "semis" at cap (2) — skip.
[2026-06-11 10:30 ET] L market OPEN | shorts=false trailing=false regime=true
  watchlist: SOXL, SOXS, TQQQ, NVD, INTC, SQQQ
  regime SPY 728.85 vs VWAP 728.83 -> bull
  SOXS: sector "semis" at cap (2) — skip.
  TQQQ: long opposes held index exposure (econ short) — skip.
  NVD: sector "semis" at cap (2) — skip.
[2026-06-11 10:35 ET] L market OPEN | shorts=false trailing=false regime=true
  watchlist: SOXL, SOXS, TQQQ, NVD, INTC, SQQQ
  regime SPY 728.22 vs VWAP 728.82 -> bear
  SOXS: sector "semis" at cap (2) — skip.
  TQQQ: long break vetoed by bear regime
  NVD: sector "semis" at cap (2) — skip.
[2026-06-11 10:40 ET] L market OPEN | shorts=false trailing=false regime=true
  watchlist: SOXL, SOXS, TQQQ, NVD, INTC, SQQQ
  regime SPY 729.14 vs VWAP 728.83 -> bull
  SOXS: sector "semis" at cap (2) — skip.
  TQQQ: long opposes held index exposure (econ short) — skip.
  NVD: sector "semis" at cap (2) — skip.
[2026-06-11 10:45 ET] L market OPEN | shorts=false trailing=false regime=true
  watchlist: SOXL, SOXS, TQQQ, NVD, INTC, SQQQ
  regime SPY 728.60 vs VWAP 728.84 -> bear
  SOXS: sector "semis" at cap (2) — skip.
  TQQQ: long break vetoed by bear regime
  NVD: sector "semis" at cap (2) — skip.
[2026-06-11 10:50 ET] L market OPEN | shorts=false trailing=false regime=true
  watchlist: SOXL, SOXS, TQQQ, NVD, INTC, SQQQ
  regime SPY 728.15 vs VWAP 728.83 -> bear
  SOXS: sector "semis" at cap (2) — skip.
  NVD: sector "semis" at cap (2) — skip.
[2026-06-11 10:55 ET] L market OPEN | shorts=false trailing=false regime=true
  watchlist: SOXL, SOXS, TQQQ, NVD, INTC, SQQQ
  regime SPY 727.37 vs VWAP 728.79 -> bear
  SOXS: sector "semis" at cap (2) — skip.
  NVD: sector "semis" at cap (2) — skip.
[2026-06-11 11:00 ET] L market OPEN | shorts=false trailing=false regime=true
  EXIT INTC (long/stop) 9sh @ 112.21 P/L $-49.05 | day $-49.05
   Telegram alert delivered
  watchlist: SOXL, SOXS, TQQQ, NVD, INTC, SQQQ
  regime SPY 725.64 vs VWAP 728.60 -> bear
  NVD: long opposes held semis exposure (econ long) — skip.
[2026-06-11 11:05 ET] L market OPEN | shorts=false trailing=false regime=true
  EXIT SOXL (long/stop) 4sh @ 193.01 P/L $-50.04 | day $-99.09
   Telegram alert delivered
  watchlist: SOXL, SOXS, TQQQ, NVD, INTC, SQQQ
  regime SPY 725.87 vs VWAP 728.38 -> bear
  ENTER long NVD 360sh @ 5.28 | stop 5.17 tgt5.47 | risk $38 | sec semis
   Telegram alert delivered
[2026-06-11 11:10 ET] L market OPEN | shorts=false trailing=false regime=true
  watchlist: SOXL, SOXS, TQQQ, NVD, INTC, SQQQ
  regime SPY 726.52 vs VWAP 728.28 -> bear
[2026-06-11 11:15 ET] L market OPEN | shorts=false trailing=false regime=true
  watchlist: SOXL, SOXS, TQQQ, NVD, INTC, SQQQ
  regime SPY 727.48 vs VWAP 728.25 -> bear
[2026-06-11 11:20 ET] L market OPEN | shorts=false trailing=false regime=true
  watchlist: SOXL, SOXS, TQQQ, NVD, INTC, SQQQ
  regime SPY 727.36 vs VWAP 728.22 -> bear
[2026-06-11 11:25 ET] L market OPEN | shorts=false trailing=false regime=true
  watchlist: SOXL, SOXS, TQQQ, NVD, INTC, SQQQ
  regime SPY 728.27 vs VWAP 728.22 -> bull
  TQQQ: long opposes held index exposure (econ short) — skip.
[2026-06-11 11:30 ET] L market OPEN | shorts=false trailing=false regime=true
  watchlist: SOXL, SOXS, TQQQ, NVD, INTC, SQQQ
  regime SPY 727.21 vs VWAP 728.20 -> bear
[2026-06-11 11:35 ET] L market OPEN | shorts=false trailing=false regime=true
  watchlist: SOXL, SOXS, TQQQ, NVD, INTC, SQQQ
  regime SPY 727.60 vs VWAP 728.17 -> bear
  TQQQ: long break vetoed by bear regime
[2026-06-11 11:40 ET] L market OPEN | shorts=false trailing=false regime=true
  watchlist: SOXL, SOXS, TQQQ, NVD, INTC, SQQQ
  regime SPY 728.54 vs VWAP 728.18 -> bull
  TQQQ: long opposes held index exposure (econ short) — skip.
[2026-06-11 11:45 ET] L market OPEN | shorts=false trailing=false regime=true
  watchlist: SOXL, SOXS, TQQQ, NVD, INTC, SQQQ
  regime SPY 727.79 vs VWAP 728.18 -> bear
  TQQQ: long break vetoed by bear regime
[2026-06-11 11:50 ET] L market OPEN | shorts=false trailing=false regime=true
  watchlist: SOXL, SOXS, TQQQ, NVD, INTC, SQQQ
  regime SPY 727.81 vs VWAP 728.17 -> bear
  TQQQ: long break vetoed by bear regime
[2026-06-11 11:55 ET] L market OPEN | shorts=false trailing=false regime=true
  watchlist: SOXL, SOXS, TQQQ, NVD, INTC, SQQQ
  regime SPY 727.22 vs VWAP 728.16 -> bear
  TQQQ: long break vetoed by bear regime
[2026-06-11 12:00 ET] L market OPEN | shorts=false trailing=false regime=true
  watchlist: SOXL, SOXS, TQQQ, NVD, INTC, SQQQ
  regime SPY 728.10 vs VWAP 728.15 -> bear
  TQQQ: long break vetoed by bear regime
[2026-06-11 12:05 ET] L market OPEN | shorts=false trailing=false regime=true
  watchlist: SOXL, SOXS, TQQQ, NVD, INTC, SQQQ
  regime SPY 727.86 vs VWAP 728.15 -> bear
  TQQQ: long break vetoed by bear regime
[2026-06-11 12:10 ET] L market OPEN | shorts=false trailing=false regime=true
  watchlist: SOXL, SOXS, TQQQ, NVD, INTC, SQQQ
  regime SPY 729.03 vs VWAP 728.16 -> bull
  TQQQ: long opposes held index exposure (econ short) — skip.
[2026-06-11 12:15 ET] L market OPEN | shorts=false trailing=false regime=true
  watchlist: SOXL, SOXS, TQQQ, NVD, INTC, SQQQ
  regime SPY 729.88 vs VWAP 728.20 -> bull
  TQQQ: long opposes held index exposure (econ short) — skip.
[2026-06-11 12:20 ET] L market OPEN | shorts=false trailing=false regime=true
  watchlist: SOXL, SOXS, TQQQ, NVD, INTC, SQQQ
  regime SPY 729.72 vs VWAP 728.24 -> bull
  TQQQ: long opposes held index exposure (econ short) — skip.
[2026-06-11 12:25 ET] L market OPEN | shorts=false trailing=false regime=true
  watchlist: SOXL, SOXS, TQQQ, NVD, INTC, SQQQ
  regime SPY 728.57 vs VWAP 728.26 -> bull
  TQQQ: long opposes held index exposure (econ short) — skip.
[2026-06-11 12:30 ET] L market OPEN | shorts=false trailing=false regime=true
  watchlist: SOXL, SOXS, TQQQ, NVD, INTC, SQQQ
  regime SPY 727.83 vs VWAP 728.26 -> bear
  TQQQ: long break vetoed by bear regime
[2026-06-11 12:35 ET] L market OPEN | shorts=false trailing=false regime=true
  watchlist: SOXL, SOXS, TQQQ, NVD, INTC, SQQQ
  regime SPY 729.37 vs VWAP 728.28 -> bull
  TQQQ: long opposes held index exposure (econ short) — skip.
[2026-06-11 12:40 ET] L market OPEN | shorts=false trailing=false regime=true
  watchlist: SOXL, SOXS, TQQQ, NVD, INTC, SQQQ
  regime SPY 728.75 vs VWAP 728.30 -> bull
  TQQQ: long opposes held index exposure (econ short) — skip.
[2026-06-11 12:45 ET] L market OPEN | shorts=false trailing=false regime=true
  watchlist: SOXL, SOXS, TQQQ, NVD, INTC, SQQQ
  regime SPY 728.66 vs VWAP 728.30 -> bull
  TQQQ: long opposes held index exposure (econ short) — skip.
[2026-06-11 12:50 ET] L market OPEN | shorts=false trailing=false regime=true
  watchlist: SOXL, SOXS, TQQQ, NVD, INTC, SQQQ
  regime SPY 728.24 vs VWAP 728.31 -> bear
  TQQQ: long break vetoed by bear regime
[2026-06-11 12:55 ET] L market OPEN | shorts=false trailing=false regime=true
  watchlist: SOXL, SOXS, TQQQ, NVD, INTC, SQQQ
  regime SPY 727.13 vs VWAP 728.29 -> bear
  TQQQ: long break vetoed by bear regime
[2026-06-11 13:00 ET] L market OPEN | shorts=false trailing=false regime=true
  watchlist: SOXL, SOXS, TQQQ, NVD, INTC, SQQQ
  regime SPY 726.54 vs VWAP 728.26 -> bear
[2026-06-11 13:05 ET] L market OPEN | shorts=false trailing=false regime=true
  watchlist: SOXL, SOXS, TQQQ, NVD, INTC, SQQQ
  regime SPY 725.86 vs VWAP 728.22 -> bear
[2026-06-11 13:10 ET] L market OPEN | shorts=false trailing=false regime=true
  watchlist: SOXL, SOXS, TQQQ, NVD, INTC, SQQQ
  regime SPY 726.75 vs VWAP 728.18 -> bear
[2026-06-11 13:15 ET] L market OPEN | shorts=false trailing=false regime=true
  watchlist: SOXL, SOXS, TQQQ, NVD, INTC, SQQQ
  regime SPY 726.43 vs VWAP 728.16 -> bear
[2026-06-11 13:20 ET] L market OPEN | shorts=false trailing=false regime=true
  watchlist: SOXL, SOXS, TQQQ, NVD, INTC, SQQQ
  regime SPY 725.66 vs VWAP 728.12 -> bear
[2026-06-11 13:25 ET] L market OPEN | shorts=false trailing=false regime=true
  watchlist: SOXL, SOXS, TQQQ, NVD, INTC, SQQQ
  regime SPY 726.07 vs VWAP 728.08 -> bear
[2026-06-11 13:30 ET] L market OPEN | shorts=false trailing=false regime=true
  EXIT NVD (long/stop) 360sh @ 5.18 P/L $-36.00 | day $-135.09
   Telegram alert delivered
  watchlist: SOXL, SOXS, TQQQ, NVD, INTC, SQQQ
  regime SPY 732.47 vs VWAP 728.21 -> bull
  TQQQ: long opposes held index exposure (econ short) — skip.
[2026-06-11 13:35 ET] L market OPEN | shorts=false trailing=false regime=true
  watchlist: SOXL, SOXS, TQQQ, NVD, INTC, SQQQ
  regime SPY 734.30 vs VWAP 728.48 -> bull
  TQQQ: long opposes held index exposure (econ short) — skip.
[2026-06-11 13:40 ET] L market OPEN | shorts=false trailing=false regime=true
  watchlist: SOXL, SOXS, TQQQ, NVD, INTC, SQQQ
  regime SPY 734.23 vs VWAP 728.63 -> bull
  TQQQ: long opposes held index exposure (econ short) — skip.
[2026-06-11 13:45 ET] L market OPEN | shorts=false trailing=false regime=true
  watchlist: SOXL, SOXS, TQQQ, NVD, INTC, SQQQ
  regime SPY 736.23 vs VWAP 728.79 -> bull
  TQQQ: long opposes held index exposure (econ short) — skip.
[2026-06-11 13:50 ET] L market OPEN | shorts=false trailing=false regime=true
  watchlist: SOXL, SOXS, TQQQ, NVD, INTC, SQQQ
  regime SPY 734.76 vs VWAP 728.95 -> bull
  TQQQ: long opposes held index exposure (econ short) — skip.
[2026-06-11 13:55 ET] L market OPEN | shorts=false trailing=false regime=true
  watchlist: SOXL, SOXS, TQQQ, NVD, INTC, SQQQ
  regime SPY 734.35 vs VWAP 729.09 -> bull
  TQQQ: long opposes held index exposure (econ short) — skip.
[2026-06-11 14:00 ET] L market OPEN | shorts=false trailing=false regime=true
  watchlist: SOXL, SOXS, TQQQ, NVD, INTC, SQQQ
  regime SPY 734.96 vs VWAP 729.21 -> bull
  TQQQ: long opposes held index exposure (econ short) — skip.
[2026-06-11 14:05 ET] L market OPEN | shorts=false trailing=false regime=true
  watchlist: SOXL, SOXS, TQQQ, NVD, INTC, SQQQ
  regime SPY 733.32 vs VWAP 729.37 -> bull
  TQQQ: long opposes held index exposure (econ short) — skip.
[2026-06-11 14:10 ET] L market OPEN | shorts=false trailing=false regime=true
  watchlist: SOXL, SOXS, TQQQ, NVD, INTC, SQQQ
  regime SPY 733.24 vs VWAP 729.44 -> bull
  TQQQ: long opposes held index exposure (econ short) — skip.
[2026-06-11 14:15 ET] L market OPEN | shorts=false trailing=false regime=true
  watchlist: SOXL, SOXS, TQQQ, NVD, INTC, SQQQ
  regime SPY 734.29 vs VWAP 729.52 -> bull
  TQQQ: long opposes held index exposure (econ short) — skip.
[2026-06-11 14:20 ET] L market OPEN | shorts=false trailing=false regime=true
  watchlist: SOXL, SOXS, TQQQ, NVD, INTC, SQQQ
  regime SPY 735.55 vs VWAP 729.67 -> bull
  TQQQ: long opposes held index exposure (econ short) — skip.
[2026-06-11 14:25 ET] L market OPEN | shorts=false trailing=false regime=true
  watchlist: SOXL, SOXS, TQQQ, NVD, INTC, SQQQ
  regime SPY 734.49 vs VWAP 729.82 -> bull
  TQQQ: long opposes held index exposure (econ short) — skip.
[2026-06-11 14:30 ET] L market OPEN | shorts=false trailing=false regime=true
  watchlist: SOXL, SOXS, TQQQ, NVD, INTC, SQQQ
  regime SPY 734.37 vs VWAP 729.88 -> bull
  TQQQ: long opposes held index exposure (econ short) — skip.
[2026-06-11 14:35 ET] L market OPEN | shorts=false trailing=false regime=true
  watchlist: SOXL, SOXS, TQQQ, NVD, INTC, SQQQ
  regime SPY 734.54 vs VWAP 729.96 -> bull
  TQQQ: long opposes held index exposure (econ short) — skip.
[2026-06-11 14:40 ET] L market OPEN | shorts=false trailing=false regime=true
  watchlist: SOXL, SOXS, TQQQ, NVD, INTC, SQQQ
  regime SPY 734.30 vs VWAP 730.03 -> bull
  TQQQ: long opposes held index exposure (econ short) — skip.
[2026-06-11 14:45 ET] L market OPEN | shorts=false trailing=false regime=true
  watchlist: SOXL, SOXS, TQQQ, NVD, INTC, SQQQ
  regime SPY 734.92 vs VWAP 730.10 -> bull
  TQQQ: long opposes held index exposure (econ short) — skip.
[2026-06-11 14:50 ET] L market OPEN | shorts=false trailing=false regime=true
  watchlist: SOXL, SOXS, TQQQ, NVD, INTC, SQQQ
  regime SPY 735.84 vs VWAP 730.21 -> bull
  TQQQ: long opposes held index exposure (econ short) — skip.
[2026-06-11 14:55 ET] L market OPEN | shorts=false trailing=false regime=true
  watchlist: SOXL, SOXS, TQQQ, NVD, INTC, SQQQ
  regime SPY 735.74 vs VWAP 730.31 -> bull
  TQQQ: long opposes held index exposure (econ short) — skip.
[2026-06-11 15:00 ET] L market OPEN | shorts=false trailing=false regime=true
  watchlist: SOXL, SOXS, TQQQ, NVD, INTC, SQQQ
  regime SPY 735.76 vs VWAP 730.39 -> bull
  TQQQ: long opposes held index exposure (econ short) — skip.
[2026-06-11 15:05 ET] L market OPEN | shorts=false trailing=false regime=true
  watchlist: SOXL, SOXS, TQQQ, NVD, INTC, SQQQ
[2026-06-11 15:10 ET] L market OPEN | shorts=false trailing=false regime=true
  watchlist: SOXL, SOXS, TQQQ, NVD, INTC, SQQQ
[2026-06-11 15:15 ET] L market OPEN | shorts=false trailing=false regime=true
  watchlist: SOXL, SOXS, TQQQ, NVD, INTC, SQQQ
[2026-06-11 15:20 ET] L market OPEN | shorts=false trailing=false regime=true
  watchlist: SOXL, SOXS, TQQQ, NVD, INTC, SQQQ
[2026-06-11 15:25 ET] L market OPEN | shorts=false trailing=false regime=true
  watchlist: SOXL, SOXS, TQQQ, NVD, INTC, SQQQ
[2026-06-11 15:30 ET] L market OPEN | shorts=false trailing=false regime=true
  watchlist: SOXL, SOXS, TQQQ, NVD, INTC, SQQQ
[2026-06-11 15:35 ET] L market OPEN | shorts=false trailing=false regime=true
  watchlist: SOXL, SOXS, TQQQ, NVD, INTC, SQQQ
[2026-06-11 15:40 ET] L market OPEN | shorts=false trailing=false regime=true
  watchlist: SOXL, SOXS, TQQQ, NVD, INTC, SQQQ
[2026-06-11 15:45 ET] L market OPEN | shorts=false trailing=false regime=true
  watchlist: SOXL, SOXS, TQQQ, NVD, INTC, SQQQ
[2026-06-11 15:50 ET] L market OPEN | shorts=false trailing=false regime=true
  watchlist: SOXL, SOXS, TQQQ, NVD, INTC, SQQQ
[2026-06-11 15:55 ET] L market OPEN | shorts=false trailing=false regime=true
  flatten SQQQ: close not confirmed (status no-order) — leaving open, will retry next run.
[2026-06-11 16:00 ET] L market closed | shorts=false trailing=false regime=true
[2026-06-12 09:30 ET] L market OPEN | shorts=false trailing=false regime=true
  watchlist: RDW, SMCI, SQQQ, CPNG, NOK
[2026-06-12 09:35 ET] L market OPEN | shorts=false trailing=false regime=true
  watchlist: RDW, SMCI, SQQQ, CPNG, NOK
[2026-06-12 09:40 ET] L market OPEN | shorts=false trailing=false regime=true
  watchlist: RDW, SMCI, SQQQ, CPNG, NOK
[2026-06-12 09:45 ET] L market OPEN | shorts=false trailing=false regime=true
  watchlist: RDW, SMCI, SQQQ, CPNG, NOK
  regime SPY 735.89 vs VWAP 737.93 -> bear
[2026-06-12 09:50 ET] L market OPEN | shorts=false trailing=false regime=true
  watchlist: RDW, SMCI, SQQQ, CPNG, NOK
  regime SPY 735.84 vs VWAP 737.50 -> bear
[2026-06-12 09:55 ET] L market OPEN | shorts=false trailing=false regime=true
  watchlist: RDW, SMCI, SQQQ, CPNG, NOK
  regime SPY 736.11 vs VWAP 737.16 -> bear
[2026-06-12 10:00 ET] L market OPEN | shorts=false trailing=false regime=true
  watchlist: RDW, SMCI, SQQQ, CPNG, NOK
  regime SPY 736.61 vs VWAP 737.10 -> bear
  NOK: long break vetoed by bear regime
[2026-06-12 10:05 ET] L market OPEN | shorts=false trailing=false regime=true
  watchlist: RDW, SMCI, SQQQ, CPNG, NOK
  regime SPY 738.66 vs VWAP 737.22 -> bull
  ENTER long NOK 75sh @ 14.88 | stop 14.23 tgt16.21 | risk $50 | sec NOK
   Telegram alert delivered
[2026-06-12 10:10 ET] L market OPEN | shorts=false trailing=false regime=true
  watchlist: RDW, SMCI, SQQQ, CPNG, NOK
  regime SPY 740.25 vs VWAP 737.55 -> bull
[2026-06-12 10:15 ET] L market OPEN | shorts=false trailing=false regime=true
  watchlist: RDW, SMCI, SQQQ, CPNG, NOK
  regime SPY 739.33 vs VWAP 737.70 -> bull
[2026-06-12 10:20 ET] L market OPEN | shorts=false trailing=false regime=true
  watchlist: RDW, SMCI, SQQQ, CPNG, NOK
  regime SPY 740.35 vs VWAP 737.84 -> bull
[2026-06-12 10:25 ET] L market OPEN | shorts=false trailing=false regime=true
  watchlist: RDW, SMCI, SQQQ, CPNG, NOK
  regime SPY 739.16 vs VWAP 737.93 -> bull
[2026-06-12 10:30 ET] L market OPEN | shorts=false trailing=false regime=true
  watchlist: RDW, SMCI, SQQQ, CPNG, NOK
  regime SPY 739.74 vs VWAP 738.00 -> bull
[2026-06-12 10:35 ET] L market OPEN | shorts=false trailing=false regime=true
  watchlist: RDW, SMCI, SQQQ, CPNG, NOK
  regime SPY 739.87 vs VWAP 738.09 -> bull
[2026-06-12 10:40 ET] L market OPEN | shorts=false trailing=false regime=true
  watchlist: RDW, SMCI, SQQQ, CPNG, NOK
  regime SPY 740.40 vs VWAP 738.24 -> bull
  ENTER long RDW 49sh @ 16.32 | stop 15.29 tgt18.32 | risk $49 | sec RDW
   Telegram alert delivered
  ENTER long SMCI 30sh @ 31.04 | stop 29.46 tgt34.36 | risk $49 | sec SMCI
   Telegram alert delivered
[2026-06-12 10:45 ET] L market OPEN | shorts=false trailing=false regime=true
  watchlist: RDW, SMCI, SQQQ, CPNG, NOK
  regime SPY 738.00 vs VWAP 738.27 -> bear
[2026-06-12 10:50 ET] L market OPEN | shorts=false trailing=false regime=true
  watchlist: RDW, SMCI, SQQQ, CPNG, NOK
  regime SPY 737.44 vs VWAP 738.21 -> bear
[2026-06-12 10:55 ET] L market OPEN | shorts=false trailing=false regime=true
  watchlist: RDW, SMCI, SQQQ, CPNG, NOK
  regime SPY 741.71 vs VWAP 738.41 -> bull
[2026-06-12 11:00 ET] L market OPEN | shorts=false trailing=false regime=true
  watchlist: RDW, SMCI, SQQQ, CPNG, NOK
  regime SPY 742.41 vs VWAP 738.60 -> bull
[2026-06-12 11:05 ET] L market OPEN | shorts=false trailing=false regime=true
  watchlist: RDW, SMCI, SQQQ, CPNG, NOK
  regime SPY 742.19 vs VWAP 738.72 -> bull
[2026-06-12 11:10 ET] L market OPEN | shorts=false trailing=false regime=true
  watchlist: RDW, SMCI, SQQQ, CPNG, NOK
  regime SPY 742.53 vs VWAP 738.77 -> bull
[2026-06-12 11:15 ET] L market OPEN | shorts=false trailing=false regime=true
  watchlist: RDW, SMCI, SQQQ, CPNG, NOK
  regime SPY 743.17 vs VWAP 738.90 -> bull
[2026-06-12 11:20 ET] L market OPEN | shorts=false trailing=false regime=true
  watchlist: RDW, SMCI, SQQQ, CPNG, NOK
  regime SPY 743.55 vs VWAP 739.00 -> bull
[2026-06-12 11:25 ET] L market OPEN | shorts=false trailing=false regime=true
  watchlist: RDW, SMCI, SQQQ, CPNG, NOK
  regime SPY 744.27 vs VWAP 739.19 -> bull
[2026-06-12 11:30 ET] L market OPEN | shorts=false trailing=false regime=true
  watchlist: RDW, SMCI, SQQQ, CPNG, NOK
  regime SPY 744.11 vs VWAP 739.28 -> bull
[2026-06-12 11:35 ET] L market OPEN | shorts=false trailing=false regime=true
  watchlist: RDW, SMCI, SQQQ, CPNG, NOK
  regime SPY 742.76 vs VWAP 739.46 -> bull
[2026-06-12 11:40 ET] L market OPEN | shorts=false trailing=false regime=true
  watchlist: RDW, SMCI, SQQQ, CPNG, NOK
  regime SPY 741.90 vs VWAP 739.55 -> bull
[2026-06-12 11:45 ET] L market OPEN | shorts=false trailing=false regime=true
  watchlist: RDW, SMCI, SQQQ, CPNG, NOK
  regime SPY 740.98 vs VWAP 739.60 -> bull
[2026-06-12 11:50 ET] L market OPEN | shorts=false trailing=false regime=true
  EXIT RDW (long/stop) 49sh @ 15.29 P/L $-50.47 | day $-50.47
   Telegram alert delivered
  watchlist: RDW, SMCI, SQQQ, CPNG, NOK
  regime SPY 739.52 vs VWAP 739.63 -> bear
[2026-06-12 11:55 ET] L market OPEN | shorts=false trailing=false regime=true
  watchlist: RDW, SMCI, SQQQ, CPNG, NOK
  regime SPY 740.81 vs VWAP 739.68 -> bull
[2026-06-12 12:00 ET] L market OPEN | shorts=false trailing=false regime=true
  watchlist: RDW, SMCI, SQQQ, CPNG, NOK
  regime SPY 738.91 vs VWAP 739.67 -> bear
[2026-06-12 12:05 ET] L market OPEN | shorts=false trailing=false regime=true
  watchlist: RDW, SMCI, SQQQ, CPNG, NOK
  regime SPY 739.02 vs VWAP 739.60 -> bear
[2026-06-12 12:10 ET] L market OPEN | shorts=false trailing=false regime=true
  watchlist: RDW, SMCI, SQQQ, CPNG, NOK
  regime SPY 739.63 vs VWAP 739.59 -> bull
[2026-06-12 12:15 ET] L market OPEN | shorts=false trailing=false regime=true
  watchlist: RDW, SMCI, SQQQ, CPNG, NOK
  regime SPY 741.00 vs VWAP 739.66 -> bull
[2026-06-12 12:20 ET] L market OPEN | shorts=false trailing=false regime=true
  watchlist: RDW, SMCI, SQQQ, CPNG, NOK
  regime SPY 740.61 vs VWAP 739.70 -> bull
[2026-06-12 12:25 ET] L market OPEN | shorts=false trailing=false regime=true
  watchlist: RDW, SMCI, SQQQ, CPNG, NOK
  regime SPY 740.78 vs VWAP 739.71 -> bull
[2026-06-12 12:30 ET] L market OPEN | shorts=false trailing=false regime=true
  watchlist: RDW, SMCI, SQQQ, CPNG, NOK
  regime SPY 740.63 vs VWAP 739.73 -> bull
[2026-06-12 12:35 ET] L market OPEN | shorts=false trailing=false regime=true
  watchlist: RDW, SMCI, SQQQ, CPNG, NOK
  regime SPY 741.09 vs VWAP 739.74 -> bull
[2026-06-12 12:40 ET] L market OPEN | shorts=false trailing=false regime=true
  watchlist: RDW, SMCI, SQQQ, CPNG, NOK
  regime SPY 740.72 vs VWAP 739.75 -> bull
[2026-06-12 12:45 ET] L market OPEN | shorts=false trailing=false regime=true
  watchlist: RDW, SMCI, SQQQ, CPNG, NOK
  regime SPY 740.46 vs VWAP 739.76 -> bull
[2026-06-12 12:50 ET] L market OPEN | shorts=false trailing=false regime=true
  watchlist: RDW, SMCI, SQQQ, CPNG, NOK
  regime SPY 741.37 vs VWAP 739.77 -> bull
[2026-06-12 12:55 ET] L market OPEN | shorts=false trailing=false regime=true
  watchlist: RDW, SMCI, SQQQ, CPNG, NOK
  regime SPY 741.11 vs VWAP 739.79 -> bull
[2026-06-12 13:00 ET] L market OPEN | shorts=false trailing=false regime=true
  watchlist: RDW, SMCI, SQQQ, CPNG, NOK
  regime SPY 741.53 vs VWAP 739.82 -> bull
[2026-06-12 13:05 ET] L market OPEN | shorts=false trailing=false regime=true
  watchlist: RDW, SMCI, SQQQ, CPNG, NOK
  regime SPY 742.03 vs VWAP 739.85 -> bull
[2026-06-12 13:10 ET] L market OPEN | shorts=false trailing=false regime=true
  watchlist: RDW, SMCI, SQQQ, CPNG, NOK
  regime SPY 742.25 vs VWAP 739.91 -> bull
[2026-06-12 13:15 ET] L market OPEN | shorts=false trailing=false regime=true
  watchlist: RDW, SMCI, SQQQ, CPNG, NOK
  regime SPY 742.00 vs VWAP 739.93 -> bull
[2026-06-12 13:20 ET] L market OPEN | shorts=false trailing=false regime=true
  watchlist: RDW, SMCI, SQQQ, CPNG, NOK
  regime SPY 742.51 vs VWAP 739.99 -> bull
[2026-06-12 13:25 ET] L market OPEN | shorts=false trailing=false regime=true
  watchlist: RDW, SMCI, SQQQ, CPNG, NOK
  regime SPY 742.40 vs VWAP 740.02 -> bull
[2026-06-12 13:30 ET] L market OPEN | shorts=false trailing=false regime=true
  watchlist: RDW, SMCI, SQQQ, CPNG, NOK
  regime SPY 742.21 vs VWAP 740.07 -> bull
[2026-06-12 13:35 ET] L market OPEN | shorts=false trailing=false regime=true
  watchlist: RDW, SMCI, SQQQ, CPNG, NOK
  regime SPY 741.45 vs VWAP 740.09 -> bull
[2026-06-12 13:40 ET] L market OPEN | shorts=false trailing=false regime=true
  watchlist: RDW, SMCI, SQQQ, CPNG, NOK
  regime SPY 741.73 vs VWAP 740.11 -> bull
[2026-06-12 13:45 ET] L market OPEN | shorts=false trailing=false regime=true
  watchlist: RDW, SMCI, SQQQ, CPNG, NOK
  regime SPY 741.73 vs VWAP 740.14 -> bull
[2026-06-12 13:50 ET] L market OPEN | shorts=false trailing=false regime=true
  watchlist: RDW, SMCI, SQQQ, CPNG, NOK
  regime SPY 741.85 vs VWAP 740.16 -> bull
[2026-06-12 13:55 ET] L market OPEN | shorts=false trailing=false regime=true
  watchlist: RDW, SMCI, SQQQ, CPNG, NOK
  regime SPY 741.87 vs VWAP 740.18 -> bull
[2026-06-12 14:00 ET] L market OPEN | shorts=false trailing=false regime=true
  watchlist: RDW, SMCI, SQQQ, CPNG, NOK
  regime SPY 741.32 vs VWAP 740.20 -> bull
[2026-06-12 14:05 ET] L market OPEN | shorts=false trailing=false regime=true
  watchlist: RDW, SMCI, SQQQ, CPNG, NOK
  regime SPY 741.09 vs VWAP 740.22 -> bull
[2026-06-12 14:10 ET] L market OPEN | shorts=false trailing=false regime=true
  watchlist: RDW, SMCI, SQQQ, CPNG, NOK
  regime SPY 740.97 vs VWAP 740.23 -> bull
[2026-06-12 14:15 ET] L market OPEN | shorts=false trailing=false regime=true
  watchlist: RDW, SMCI, SQQQ, CPNG, NOK
  regime SPY 741.02 vs VWAP 740.25 -> bull
[2026-06-12 14:20 ET] L market OPEN | shorts=false trailing=false regime=true
  watchlist: RDW, SMCI, SQQQ, CPNG, NOK
  regime SPY 740.66 vs VWAP 740.26 -> bull
[2026-06-12 14:25 ET] L market OPEN | shorts=false trailing=false regime=true
  watchlist: RDW, SMCI, SQQQ, CPNG, NOK
  regime SPY 740.73 vs VWAP 740.27 -> bull
[2026-06-12 14:30 ET] L market OPEN | shorts=false trailing=false regime=true
  watchlist: RDW, SMCI, SQQQ, CPNG, NOK
  regime SPY 741.26 vs VWAP 740.29 -> bull
[2026-06-12 14:35 ET] L market OPEN | shorts=false trailing=false regime=true
  watchlist: RDW, SMCI, SQQQ, CPNG, NOK
  regime SPY 741.64 vs VWAP 740.31 -> bull
[2026-06-12 14:40 ET] L market OPEN | shorts=false trailing=false regime=true
  watchlist: RDW, SMCI, SQQQ, CPNG, NOK
  regime SPY 741.71 vs VWAP 740.33 -> bull
[2026-06-12 14:45 ET] L market OPEN | shorts=false trailing=false regime=true
  watchlist: RDW, SMCI, SQQQ, CPNG, NOK
  regime SPY 742.23 vs VWAP 740.35 -> bull
[2026-06-12 14:50 ET] L market OPEN | shorts=false trailing=false regime=true
  watchlist: RDW, SMCI, SQQQ, CPNG, NOK
  regime SPY 742.04 vs VWAP 740.37 -> bull
[2026-06-12 14:55 ET] L market OPEN | shorts=false trailing=false regime=true
  watchlist: RDW, SMCI, SQQQ, CPNG, NOK
  regime SPY 742.07 vs VWAP 740.39 -> bull
[2026-06-12 15:00 ET] L market OPEN | shorts=false trailing=false regime=true
  watchlist: RDW, SMCI, SQQQ, CPNG, NOK
  regime SPY 741.02 vs VWAP 740.40 -> bull
[2026-06-12 15:05 ET] L market OPEN | shorts=false trailing=false regime=true
  watchlist: RDW, SMCI, SQQQ, CPNG, NOK
[2026-06-12 15:10 ET] L market OPEN | shorts=false trailing=false regime=true
  watchlist: RDW, SMCI, SQQQ, CPNG, NOK
[2026-06-12 15:15 ET] L market OPEN | shorts=false trailing=false regime=true
  watchlist: RDW, SMCI, SQQQ, CPNG, NOK
[2026-06-12 15:20 ET] L market OPEN | shorts=false trailing=false regime=true
  watchlist: RDW, SMCI, SQQQ, CPNG, NOK
[2026-06-12 15:25 ET] L market OPEN | shorts=false trailing=false regime=true
  watchlist: RDW, SMCI, SQQQ, CPNG, NOK
[2026-06-12 15:30 ET] L market OPEN | shorts=false trailing=false regime=true
  watchlist: RDW, SMCI, SQQQ, CPNG, NOK
[2026-06-12 15:35 ET] L market OPEN | shorts=false trailing=false regime=true
  watchlist: RDW, SMCI, SQQQ, CPNG, NOK
[2026-06-12 15:40 ET] L market OPEN | shorts=false trailing=false regime=true
  watchlist: RDW, SMCI, SQQQ, CPNG, NOK
[2026-06-12 15:45 ET] L market OPEN | shorts=false trailing=false regime=true
  watchlist: RDW, SMCI, SQQQ, CPNG, NOK
[2026-06-12 15:50 ET] L market OPEN | shorts=false trailing=false regime=true
  watchlist: RDW, SMCI, SQQQ, CPNG, NOK
[2026-06-12 15:55 ET] L market OPEN | shorts=false trailing=false regime=true
  flatten NOK: close not confirmed (status no-order) — leaving open, will retry next run.
  flatten SMCI: close not confirmed (status no-order) — leaving open, will retry next run.
[2026-06-12 16:00 ET] L market closed | shorts=false trailing=false regime=true
  EXIT NOK (long/exit) 75sh @ 14.84 P/L $-3.00 | day $-53.47
   Telegram alert delivered
  EXIT SMCI (long/exit) 30sh @ 30.34 P/L $-20.91 | day $-74.38
   Telegram alert delivered
[2026-06-15 09:30 ET] L market OPEN | shorts=false trailing=false regime=true
  watchlist: RKLB, RDW, INTC, NVD, NOK, SMCI, SQQQ
[2026-06-15 09:35 ET] L market OPEN | shorts=false trailing=false regime=true
  watchlist: RKLB, RDW, INTC, NVD, NOK, SMCI, SQQQ
[2026-06-15 09:40 ET] L market OPEN | shorts=false trailing=false regime=true
  watchlist: RKLB, RDW, INTC, NVD, NOK, SMCI, SQQQ
[2026-06-15 09:45 ET] L market OPEN | shorts=false trailing=false regime=true
  watchlist: RKLB, RDW, INTC, NVD, NOK, SMCI, SQQQ
  regime SPY 752.85 vs VWAP 752.77 -> bull
[2026-06-15 09:50 ET] L market OPEN | shorts=false trailing=false regime=true
  watchlist: RKLB, RDW, INTC, NVD, NOK, SMCI, SQQQ
  regime SPY 753.84 vs VWAP 752.87 -> bull
[2026-06-15 09:55 ET] L market OPEN | shorts=false trailing=false regime=true
  watchlist: RKLB, RDW, INTC, NVD, NOK, SMCI, SQQQ
  regime SPY 753.75 vs VWAP 753.01 -> bull
[2026-06-15 10:00 ET] L market OPEN | shorts=false trailing=false regime=true
  watchlist: RKLB, RDW, INTC, NVD, NOK, SMCI, SQQQ
  regime SPY 753.32 vs VWAP 753.08 -> bull
  NVD: long break vetoed by bull regime (inverse ETF)
[2026-06-15 10:05 ET] L market OPEN | shorts=false trailing=false regime=true
  watchlist: RKLB, RDW, INTC, NVD, NOK, SMCI, SQQQ
  regime SPY 753.68 vs VWAP 753.12 -> bull
[2026-06-15 10:10 ET] L market OPEN | shorts=false trailing=false regime=true
  watchlist: RKLB, RDW, INTC, NVD, NOK, SMCI, SQQQ
  regime SPY 753.21 vs VWAP 753.14 -> bull
  NVD: long break vetoed by bull regime (inverse ETF)
[2026-06-15 10:15 ET] L market OPEN | shorts=false trailing=false regime=true
  watchlist: RKLB, RDW, INTC, NVD, NOK, SMCI, SQQQ
  regime SPY 753.02 vs VWAP 753.12 -> bear
[2026-06-15 10:20 ET] L market OPEN | shorts=false trailing=false regime=true
  watchlist: RKLB, RDW, INTC, NVD, NOK, SMCI, SQQQ
  regime SPY 753.28 vs VWAP 753.12 -> bull
[2026-06-15 10:25 ET] L market OPEN | shorts=false trailing=false regime=true
  watchlist: RKLB, RDW, INTC, NVD, NOK, SMCI, SQQQ
  regime SPY 753.04 vs VWAP 753.11 -> bear
[2026-06-15 10:30 ET] L market OPEN | shorts=false trailing=false regime=true
  watchlist: RKLB, RDW, INTC, NVD, NOK, SMCI, SQQQ
  regime SPY 753.64 vs VWAP 753.13 -> bull
[2026-06-15 10:35 ET] L market OPEN | shorts=false trailing=false regime=true
  watchlist: RKLB, RDW, INTC, NVD, NOK, SMCI, SQQQ
  regime SPY 753.18 vs VWAP 753.14 -> bull
[2026-06-15 10:40 ET] L market OPEN | shorts=false trailing=false regime=true
  watchlist: RKLB, RDW, INTC, NVD, NOK, SMCI, SQQQ
  regime SPY 753.39 vs VWAP 753.15 -> bull
[2026-06-15 10:45 ET] L market OPEN | shorts=false trailing=false regime=true
  watchlist: RKLB, RDW, INTC, NVD, NOK, SMCI, SQQQ
  regime SPY 753.30 vs VWAP 753.15 -> bull
[2026-06-15 10:50 ET] L market OPEN | shorts=false trailing=false regime=true
  watchlist: RKLB, RDW, INTC, NVD, NOK, SMCI, SQQQ
  regime SPY 753.55 vs VWAP 753.17 -> bull
[2026-06-15 10:55 ET] L market OPEN | shorts=false trailing=false regime=true
  watchlist: RKLB, RDW, INTC, NVD, NOK, SMCI, SQQQ
  regime SPY 753.93 vs VWAP 753.20 -> bull
[2026-06-15 11:00 ET] L market OPEN | shorts=false trailing=false regime=true
  watchlist: RKLB, RDW, INTC, NVD, NOK, SMCI, SQQQ
  regime SPY 754.16 vs VWAP 753.25 -> bull
[2026-06-15 11:05 ET] L market OPEN | shorts=false trailing=false regime=true
  watchlist: RKLB, RDW, INTC, NVD, NOK, SMCI, SQQQ
  regime SPY 754.66 vs VWAP 753.29 -> bull
[2026-06-15 11:10 ET] L market OPEN | shorts=false trailing=false regime=true
  watchlist: RKLB, RDW, INTC, NVD, NOK, SMCI, SQQQ
  regime SPY 754.69 vs VWAP 753.35 -> bull
[2026-06-15 11:15 ET] L market OPEN | shorts=false trailing=false regime=true
  watchlist: RKLB, RDW, INTC, NVD, NOK, SMCI, SQQQ
  regime SPY 754.67 vs VWAP 753.37 -> bull
[2026-06-15 11:20 ET] L market OPEN | shorts=false trailing=false regime=true
  watchlist: RKLB, RDW, INTC, NVD, NOK, SMCI, SQQQ
  regime SPY 754.58 vs VWAP 753.42 -> bull
[2026-06-15 11:25 ET] L market OPEN | shorts=false trailing=false regime=true
  watchlist: RKLB, RDW, INTC, NVD, NOK, SMCI, SQQQ
  regime SPY 754.84 vs VWAP 753.44 -> bull
[2026-06-15 11:30 ET] L market OPEN | shorts=false trailing=false regime=true
  watchlist: RKLB, RDW, INTC, NVD, NOK, SMCI, SQQQ
  regime SPY 755.14 vs VWAP 753.50 -> bull
[2026-06-15 11:35 ET] L market OPEN | shorts=false trailing=false regime=true
  watchlist: RKLB, RDW, INTC, NVD, NOK, SMCI, SQQQ
[2026-06-15 11:40 ET] L market OPEN | shorts=false trailing=false regime=true
  watchlist: RKLB, RDW, INTC, NVD, NOK, SMCI, SQQQ
[2026-06-15 11:45 ET] L market OPEN | shorts=false trailing=false regime=true
  watchlist: RKLB, RDW, INTC, NVD, NOK, SMCI, SQQQ
[2026-06-15 11:50 ET] L market OPEN | shorts=false trailing=false regime=true
  watchlist: RKLB, RDW, INTC, NVD, NOK, SMCI, SQQQ
[2026-06-15 11:55 ET] L market OPEN | shorts=false trailing=false regime=true
  watchlist: RKLB, RDW, INTC, NVD, NOK, SMCI, SQQQ
[2026-06-15 12:00 ET] L market OPEN | shorts=false trailing=false regime=true
  watchlist: RKLB, RDW, INTC, NVD, NOK, SMCI, SQQQ
[2026-06-15 12:05 ET] L market OPEN | shorts=false trailing=false regime=true
  watchlist: RKLB, RDW, INTC, NVD, NOK, SMCI, SQQQ
[2026-06-15 12:10 ET] L market OPEN | shorts=false trailing=false regime=true
  watchlist: RKLB, RDW, INTC, NVD, NOK, SMCI, SQQQ
[2026-06-15 12:15 ET] L market OPEN | shorts=false trailing=false regime=true
  watchlist: RKLB, RDW, INTC, NVD, NOK, SMCI, SQQQ
[2026-06-15 12:20 ET] L market OPEN | shorts=false trailing=false regime=true
  watchlist: RKLB, RDW, INTC, NVD, NOK, SMCI, SQQQ
[2026-06-15 12:25 ET] L market OPEN | shorts=false trailing=false regime=true
  watchlist: RKLB, RDW, INTC, NVD, NOK, SMCI, SQQQ
[2026-06-15 12:30 ET] L market OPEN | shorts=false trailing=false regime=true
  watchlist: RKLB, RDW, INTC, NVD, NOK, SMCI, SQQQ
[2026-06-15 12:35 ET] L market OPEN | shorts=false trailing=false regime=true
  watchlist: RKLB, RDW, INTC, NVD, NOK, SMCI, SQQQ
[2026-06-15 12:40 ET] L market OPEN | shorts=false trailing=false regime=true
  watchlist: RKLB, RDW, INTC, NVD, NOK, SMCI, SQQQ
[2026-06-15 12:45 ET] L market OPEN | shorts=false trailing=false regime=true
  watchlist: RKLB, RDW, INTC, NVD, NOK, SMCI, SQQQ
[2026-06-15 12:50 ET] L market OPEN | shorts=false trailing=false regime=true
  watchlist: RKLB, RDW, INTC, NVD, NOK, SMCI, SQQQ
[2026-06-15 12:55 ET] L market OPEN | shorts=false trailing=false regime=true
  watchlist: RKLB, RDW, INTC, NVD, NOK, SMCI, SQQQ
[2026-06-15 13:00 ET] L market OPEN | shorts=false trailing=false regime=true
  watchlist: RKLB, RDW, INTC, NVD, NOK, SMCI, SQQQ
[2026-06-15 13:05 ET] L market OPEN | shorts=false trailing=false regime=true
  watchlist: RKLB, RDW, INTC, NVD, NOK, SMCI, SQQQ
[2026-06-15 13:10 ET] L market OPEN | shorts=false trailing=false regime=true
  watchlist: RKLB, RDW, INTC, NVD, NOK, SMCI, SQQQ
[2026-06-15 13:15 ET] L market OPEN | shorts=false trailing=false regime=true
  watchlist: RKLB, RDW, INTC, NVD, NOK, SMCI, SQQQ
[2026-06-15 13:20 ET] L market OPEN | shorts=false trailing=false regime=true
  watchlist: RKLB, RDW, INTC, NVD, NOK, SMCI, SQQQ
[2026-06-15 13:25 ET] L market OPEN | shorts=false trailing=false regime=true
  watchlist: RKLB, RDW, INTC, NVD, NOK, SMCI, SQQQ
[2026-06-15 13:30 ET] L market OPEN | shorts=false trailing=false regime=true
  watchlist: RKLB, RDW, INTC, NVD, NOK, SMCI, SQQQ
[2026-06-15 13:35 ET] L market OPEN | shorts=false trailing=false regime=true
  watchlist: RKLB, RDW, INTC, NVD, NOK, SMCI, SQQQ
[2026-06-15 13:40 ET] L market OPEN | shorts=false trailing=false regime=true
  watchlist: RKLB, RDW, INTC, NVD, NOK, SMCI, SQQQ
[2026-06-15 13:45 ET] L market OPEN | shorts=false trailing=false regime=true
  watchlist: RKLB, RDW, INTC, NVD, NOK, SMCI, SQQQ
[2026-06-15 13:50 ET] L market OPEN | shorts=false trailing=false regime=true
  watchlist: RKLB, RDW, INTC, NVD, NOK, SMCI, SQQQ
[2026-06-15 13:55 ET] L market OPEN | shorts=false trailing=false regime=true
  watchlist: RKLB, RDW, INTC, NVD, NOK, SMCI, SQQQ
[2026-06-15 14:00 ET] L market OPEN | shorts=false trailing=false regime=true
  watchlist: RKLB, RDW, INTC, NVD, NOK, SMCI, SQQQ
[2026-06-15 14:05 ET] L market OPEN | shorts=false trailing=false regime=true
  watchlist: RKLB, RDW, INTC, NVD, NOK, SMCI, SQQQ
[2026-06-15 14:10 ET] L market OPEN | shorts=false trailing=false regime=true
  watchlist: RKLB, RDW, INTC, NVD, NOK, SMCI, SQQQ
[2026-06-15 14:15 ET] L market OPEN | shorts=false trailing=false regime=true
  watchlist: RKLB, RDW, INTC, NVD, NOK, SMCI, SQQQ
[2026-06-15 14:20 ET] L market OPEN | shorts=false trailing=false regime=true
  watchlist: RKLB, RDW, INTC, NVD, NOK, SMCI, SQQQ
[2026-06-15 14:25 ET] L market OPEN | shorts=false trailing=false regime=true
  watchlist: RKLB, RDW, INTC, NVD, NOK, SMCI, SQQQ
[2026-06-15 14:30 ET] L market OPEN | shorts=false trailing=false regime=true
  watchlist: RKLB, RDW, INTC, NVD, NOK, SMCI, SQQQ
[2026-06-15 14:35 ET] L market OPEN | shorts=false trailing=false regime=true
  watchlist: RKLB, RDW, INTC, NVD, NOK, SMCI, SQQQ
[2026-06-15 14:40 ET] L market OPEN | shorts=false trailing=false regime=true
  watchlist: RKLB, RDW, INTC, NVD, NOK, SMCI, SQQQ
[2026-06-15 14:45 ET] L market OPEN | shorts=false trailing=false regime=true
  watchlist: RKLB, RDW, INTC, NVD, NOK, SMCI, SQQQ
[2026-06-15 14:50 ET] L market OPEN | shorts=false trailing=false regime=true
  watchlist: RKLB, RDW, INTC, NVD, NOK, SMCI, SQQQ
[2026-06-15 14:55 ET] L market OPEN | shorts=false trailing=false regime=true
  watchlist: RKLB, RDW, INTC, NVD, NOK, SMCI, SQQQ
[2026-06-15 15:00 ET] L market OPEN | shorts=false trailing=false regime=true
  watchlist: RKLB, RDW, INTC, NVD, NOK, SMCI, SQQQ
[2026-06-15 15:05 ET] L market OPEN | shorts=false trailing=false regime=true
  watchlist: RKLB, RDW, INTC, NVD, NOK, SMCI, SQQQ
[2026-06-15 15:10 ET] L market OPEN | shorts=false trailing=false regime=true
  watchlist: RKLB, RDW, INTC, NVD, NOK, SMCI, SQQQ
[2026-06-15 15:15 ET] L market OPEN | shorts=false trailing=false regime=true
  watchlist: RKLB, RDW, INTC, NVD, NOK, SMCI, SQQQ
[2026-06-15 15:20 ET] L market OPEN | shorts=false trailing=false regime=true
  watchlist: RKLB, RDW, INTC, NVD, NOK, SMCI, SQQQ
[2026-06-15 15:25 ET] L market OPEN | shorts=false trailing=false regime=true
  watchlist: RKLB, RDW, INTC, NVD, NOK, SMCI, SQQQ
[2026-06-15 15:30 ET] L market OPEN | shorts=false trailing=false regime=true
  watchlist: RKLB, RDW, INTC, NVD, NOK, SMCI, SQQQ
[2026-06-15 15:35 ET] L market OPEN | shorts=false trailing=false regime=true
  watchlist: RKLB, RDW, INTC, NVD, NOK, SMCI, SQQQ
[2026-06-15 15:40 ET] L market OPEN | shorts=false trailing=false regime=true
  watchlist: RKLB, RDW, INTC, NVD, NOK, SMCI, SQQQ
[2026-06-15 15:45 ET] L market OPEN | shorts=false trailing=false regime=true
  watchlist: RKLB, RDW, INTC, NVD, NOK, SMCI, SQQQ
[2026-06-15 15:50 ET] L market OPEN | shorts=false trailing=false regime=true
[2026-06-15 15:55 ET] L market OPEN | shorts=false trailing=false regime=true
[2026-06-15 16:00 ET] L market closed | shorts=false trailing=false regime=true
[2026-06-16 09:30 ET] L market OPEN | shorts=false trailing=false regime=true
  watchlist: MRVL, ONDS, ACHR, SQQQ, NOK, AAL, SMCI
[2026-06-16 09:35 ET] L market OPEN | shorts=false trailing=false regime=true
  watchlist: MRVL, ONDS, ACHR, SQQQ, NOK, AAL, SMCI
[2026-06-16 09:40 ET] L market OPEN | shorts=false trailing=false regime=true
  watchlist: MRVL, ONDS, ACHR, SQQQ, NOK, AAL, SMCI
[2026-06-16 09:45 ET] L market OPEN | shorts=false trailing=false regime=true
  watchlist: MRVL, ONDS, ACHR, SQQQ, NOK, AAL, SMCI
  regime SPY 754.84 vs VWAP 754.95 -> bear
[2026-06-16 09:50 ET] L market OPEN | shorts=false trailing=false regime=true
  watchlist: MRVL, ONDS, ACHR, SQQQ, NOK, AAL, SMCI
  regime SPY 755.15 vs VWAP 755.00 -> bull
  ENTER long MRVL 3sh @ 313.76 | stop 299.24 tgt341.40 | risk $42 | sec semis
   Telegram alert delivered
[2026-06-16 09:55 ET] L market OPEN | shorts=false trailing=false regime=true
  watchlist: MRVL, ONDS, ACHR, SQQQ, NOK, AAL, SMCI
  regime SPY 754.97 vs VWAP 755.00 -> bear
[2026-06-16 10:00 ET] L market OPEN | shorts=false trailing=false regime=true
  watchlist: MRVL, ONDS, ACHR, SQQQ, NOK, AAL, SMCI
  regime SPY 754.10 vs VWAP 754.90 -> bear
[2026-06-16 10:05 ET] L market OPEN | shorts=false trailing=false regime=true
  watchlist: MRVL, ONDS, ACHR, SQQQ, NOK, AAL, SMCI
  regime SPY 754.60 vs VWAP 754.87 -> bear
[2026-06-16 10:10 ET] L market OPEN | shorts=false trailing=false regime=true
  watchlist: MRVL, ONDS, ACHR, SQQQ, NOK, AAL, SMCI
  regime SPY 755.01 vs VWAP 754.85 -> bull
[2026-06-16 10:15 ET] L market OPEN | shorts=false trailing=false regime=true
  watchlist: MRVL, ONDS, ACHR, SQQQ, NOK, AAL, SMCI
  regime SPY 754.80 vs VWAP 754.85 -> bear
[2026-06-16 10:20 ET] L market OPEN | shorts=false trailing=false regime=true
  watchlist: MRVL, ONDS, ACHR, SQQQ, NOK, AAL, SMCI
  regime SPY 754.02 vs VWAP 754.81 -> bear
  SQQQ: notional cap shrinks risk to $21 (< 50% of $50) — skip.
  AAL: long break vetoed by bear regime
[2026-06-16 10:25 ET] L market OPEN | shorts=false trailing=false regime=true
  watchlist: MRVL, ONDS, ACHR, SQQQ, NOK, AAL, SMCI
  regime SPY 753.51 vs VWAP 754.58 -> bear
  ENTER long SQQQ 54sh @ 36.90 | stop 36.38 tgt37.91 | risk $28 | sec index
   Telegram alert delivered
  AAL: long break vetoed by bear regime
[2026-06-16 10:30 ET] L market OPEN | shorts=false trailing=false regime=true
  watchlist: MRVL, ONDS, ACHR, SQQQ, NOK, AAL, SMCI
  regime SPY 753.18 vs VWAP 754.48 -> bear
  AAL: long break vetoed by bear regime
[2026-06-16 10:35 ET] L market OPEN | shorts=false trailing=false regime=true
  watchlist: MRVL, ONDS, ACHR, SQQQ, NOK, AAL, SMCI
  regime SPY 752.55 vs VWAP 754.30 -> bear
  AAL: long break vetoed by bear regime
[2026-06-16 10:40 ET] L market OPEN | shorts=false trailing=false regime=true
  watchlist: MRVL, ONDS, ACHR, SQQQ, NOK, AAL, SMCI
  regime SPY 753.61 vs VWAP 754.23 -> bear
  AAL: long break vetoed by bear regime
[2026-06-16 10:45 ET] L market OPEN | shorts=false trailing=false regime=true
  watchlist: MRVL, ONDS, ACHR, SQQQ, NOK, AAL, SMCI
  regime SPY 753.29 vs VWAP 754.19 -> bear
[2026-06-16 10:50 ET] L market OPEN | shorts=false trailing=false regime=true
  watchlist: MRVL, ONDS, ACHR, SQQQ, NOK, AAL, SMCI
  regime SPY 753.10 vs VWAP 754.11 -> bear
[2026-06-16 10:55 ET] L market OPEN | shorts=false trailing=false regime=true
  watchlist: MRVL, ONDS, ACHR, SQQQ, NOK, AAL, SMCI
  regime SPY 753.20 vs VWAP 754.05 -> bear
[2026-06-16 11:00 ET] L market OPEN | shorts=false trailing=false regime=true
  EXIT MRVL (long/stop) 3sh @ 299.13 P/L $-43.88 | day $-43.88
   Telegram alert delivered
  watchlist: MRVL, ONDS, ACHR, SQQQ, NOK, AAL, SMCI
  regime SPY 752.87 vs VWAP 753.96 -> bear
[2026-06-16 11:05 ET] L market OPEN | shorts=false trailing=false regime=true
  watchlist: MRVL, ONDS, ACHR, SQQQ, NOK, AAL, SMCI
  regime SPY 753.26 vs VWAP 753.95 -> bear
[2026-06-16 11:10 ET] L market OPEN | shorts=false trailing=false regime=true
  watchlist: MRVL, ONDS, ACHR, SQQQ, NOK, AAL, SMCI
  regime SPY 753.42 vs VWAP 753.93 -> bear
[2026-06-16 11:15 ET] L market OPEN | shorts=false trailing=false regime=true
  watchlist: MRVL, ONDS, ACHR, SQQQ, NOK, AAL, SMCI
  regime SPY 753.38 vs VWAP 753.91 -> bear
[2026-06-16 11:20 ET] L market OPEN | shorts=false trailing=false regime=true
  watchlist: MRVL, ONDS, ACHR, SQQQ, NOK, AAL, SMCI
  regime SPY 753.06 vs VWAP 753.90 -> bear
[2026-06-16 11:25 ET] L market OPEN | shorts=false trailing=false regime=true
  watchlist: MRVL, ONDS, ACHR, SQQQ, NOK, AAL, SMCI
  regime SPY 752.94 vs VWAP 753.85 -> bear
[2026-06-16 11:30 ET] L market OPEN | shorts=false trailing=false regime=true
  watchlist: MRVL, ONDS, ACHR, SQQQ, NOK, AAL, SMCI
  regime SPY 752.63 vs VWAP 753.79 -> bear
[2026-06-16 11:35 ET] L market OPEN | shorts=false trailing=false regime=true
  watchlist: MRVL, ONDS, ACHR, SQQQ, NOK, AAL, SMCI
[2026-06-16 11:40 ET] L market OPEN | shorts=false trailing=false regime=true
  watchlist: MRVL, ONDS, ACHR, SQQQ, NOK, AAL, SMCI
[2026-06-16 11:45 ET] L market OPEN | shorts=false trailing=false regime=true
  watchlist: MRVL, ONDS, ACHR, SQQQ, NOK, AAL, SMCI
[2026-06-16 11:50 ET] L market OPEN | shorts=false trailing=false regime=true
  EXIT SQQQ (long/target) 54sh @ 37.92 P/L $54.85 | day $10.97
   Telegram alert delivered
  watchlist: MRVL, ONDS, ACHR, SQQQ, NOK, AAL, SMCI
[2026-06-16 11:55 ET] L market OPEN | shorts=false trailing=false regime=true
  watchlist: MRVL, ONDS, ACHR, SQQQ, NOK, AAL, SMCI
[2026-06-16 12:00 ET] L market OPEN | shorts=false trailing=false regime=true
  watchlist: MRVL, ONDS, ACHR, SQQQ, NOK, AAL, SMCI
[2026-06-16 12:05 ET] L market OPEN | shorts=false trailing=false regime=true
  watchlist: MRVL, ONDS, ACHR, SQQQ, NOK, AAL, SMCI
[2026-06-16 12:10 ET] L market OPEN | shorts=false trailing=false regime=true
  watchlist: MRVL, ONDS, ACHR, SQQQ, NOK, AAL, SMCI
[2026-06-16 12:15 ET] L market OPEN | shorts=false trailing=false regime=true
  watchlist: MRVL, ONDS, ACHR, SQQQ, NOK, AAL, SMCI
[2026-06-16 12:20 ET] L market OPEN | shorts=false trailing=false regime=true
  watchlist: MRVL, ONDS, ACHR, SQQQ, NOK, AAL, SMCI
[2026-06-16 12:25 ET] L market OPEN | shorts=false trailing=false regime=true
  watchlist: MRVL, ONDS, ACHR, SQQQ, NOK, AAL, SMCI
[2026-06-16 12:30 ET] L market OPEN | shorts=false trailing=false regime=true
  watchlist: MRVL, ONDS, ACHR, SQQQ, NOK, AAL, SMCI
[2026-06-16 12:35 ET] L market OPEN | shorts=false trailing=false regime=true
  watchlist: MRVL, ONDS, ACHR, SQQQ, NOK, AAL, SMCI
[2026-06-16 12:40 ET] L market OPEN | shorts=false trailing=false regime=true
  watchlist: MRVL, ONDS, ACHR, SQQQ, NOK, AAL, SMCI
[2026-06-16 12:45 ET] L market OPEN | shorts=false trailing=false regime=true
  watchlist: MRVL, ONDS, ACHR, SQQQ, NOK, AAL, SMCI
[2026-06-16 12:50 ET] L market OPEN | shorts=false trailing=false regime=true
  watchlist: MRVL, ONDS, ACHR, SQQQ, NOK, AAL, SMCI
[2026-06-16 12:55 ET] L market OPEN | shorts=false trailing=false regime=true
  watchlist: MRVL, ONDS, ACHR, SQQQ, NOK, AAL, SMCI
[2026-06-16 13:00 ET] L market OPEN | shorts=false trailing=false regime=true
  watchlist: MRVL, ONDS, ACHR, SQQQ, NOK, AAL, SMCI
[2026-06-16 13:05 ET] L market OPEN | shorts=false trailing=false regime=true
  watchlist: MRVL, ONDS, ACHR, SQQQ, NOK, AAL, SMCI
[2026-06-16 13:10 ET] L market OPEN | shorts=false trailing=false regime=true
  watchlist: MRVL, ONDS, ACHR, SQQQ, NOK, AAL, SMCI
[2026-06-16 13:15 ET] L market OPEN | shorts=false trailing=false regime=true
  watchlist: MRVL, ONDS, ACHR, SQQQ, NOK, AAL, SMCI
[2026-06-16 13:20 ET] L market OPEN | shorts=false trailing=false regime=true
  watchlist: MRVL, ONDS, ACHR, SQQQ, NOK, AAL, SMCI
[2026-06-16 13:25 ET] L market OPEN | shorts=false trailing=false regime=true
  watchlist: MRVL, ONDS, ACHR, SQQQ, NOK, AAL, SMCI
[2026-06-16 13:30 ET] L market OPEN | shorts=false trailing=false regime=true
  watchlist: MRVL, ONDS, ACHR, SQQQ, NOK, AAL, SMCI
[2026-06-16 13:35 ET] L market OPEN | shorts=false trailing=false regime=true
  watchlist: MRVL, ONDS, ACHR, SQQQ, NOK, AAL, SMCI
[2026-06-16 13:40 ET] L market OPEN | shorts=false trailing=false regime=true
  watchlist: MRVL, ONDS, ACHR, SQQQ, NOK, AAL, SMCI
[2026-06-16 13:45 ET] L market OPEN | shorts=false trailing=false regime=true
  watchlist: MRVL, ONDS, ACHR, SQQQ, NOK, AAL, SMCI
[2026-06-16 13:50 ET] L market OPEN | shorts=false trailing=false regime=true
  watchlist: MRVL, ONDS, ACHR, SQQQ, NOK, AAL, SMCI
[2026-06-16 13:55 ET] L market OPEN | shorts=false trailing=false regime=true
  watchlist: MRVL, ONDS, ACHR, SQQQ, NOK, AAL, SMCI
[2026-06-16 14:00 ET] L market OPEN | shorts=false trailing=false regime=true
  watchlist: MRVL, ONDS, ACHR, SQQQ, NOK, AAL, SMCI
[2026-06-16 14:05 ET] L market OPEN | shorts=false trailing=false regime=true
  watchlist: MRVL, ONDS, ACHR, SQQQ, NOK, AAL, SMCI
[2026-06-16 14:10 ET] L market OPEN | shorts=false trailing=false regime=true
  watchlist: MRVL, ONDS, ACHR, SQQQ, NOK, AAL, SMCI
[2026-06-16 14:15 ET] L market OPEN | shorts=false trailing=false regime=true
  watchlist: MRVL, ONDS, ACHR, SQQQ, NOK, AAL, SMCI
[2026-06-16 14:20 ET] L market OPEN | shorts=false trailing=false regime=true
  watchlist: MRVL, ONDS, ACHR, SQQQ, NOK, AAL, SMCI
[2026-06-16 14:25 ET] L market OPEN | shorts=false trailing=false regime=true
  watchlist: MRVL, ONDS, ACHR, SQQQ, NOK, AAL, SMCI
[2026-06-16 14:30 ET] L market OPEN | shorts=false trailing=false regime=true
  watchlist: MRVL, ONDS, ACHR, SQQQ, NOK, AAL, SMCI
[2026-06-16 14:35 ET] L market OPEN | shorts=false trailing=false regime=true
  watchlist: MRVL, ONDS, ACHR, SQQQ, NOK, AAL, SMCI
[2026-06-16 14:40 ET] L market OPEN | shorts=false trailing=false regime=true
  watchlist: MRVL, ONDS, ACHR, SQQQ, NOK, AAL, SMCI
[2026-06-16 14:45 ET] L market OPEN | shorts=false trailing=false regime=true
  watchlist: MRVL, ONDS, ACHR, SQQQ, NOK, AAL, SMCI
[2026-06-16 14:50 ET] L market OPEN | shorts=false trailing=false regime=true
  watchlist: MRVL, ONDS, ACHR, SQQQ, NOK, AAL, SMCI
[2026-06-16 14:55 ET] L market OPEN | shorts=false trailing=false regime=true
  watchlist: MRVL, ONDS, ACHR, SQQQ, NOK, AAL, SMCI
[2026-06-16 15:00 ET] L market OPEN | shorts=false trailing=false regime=true
  watchlist: MRVL, ONDS, ACHR, SQQQ, NOK, AAL, SMCI
[2026-06-16 15:05 ET] L market OPEN | shorts=false trailing=false regime=true
  watchlist: MRVL, ONDS, ACHR, SQQQ, NOK, AAL, SMCI
[2026-06-16 15:10 ET] L market OPEN | shorts=false trailing=false regime=true
  watchlist: MRVL, ONDS, ACHR, SQQQ, NOK, AAL, SMCI
[2026-06-16 15:15 ET] L market OPEN | shorts=false trailing=false regime=true
  watchlist: MRVL, ONDS, ACHR, SQQQ, NOK, AAL, SMCI
[2026-06-16 15:20 ET] L market OPEN | shorts=false trailing=false regime=true
  watchlist: MRVL, ONDS, ACHR, SQQQ, NOK, AAL, SMCI
[2026-06-16 15:25 ET] L market OPEN | shorts=false trailing=false regime=true
  watchlist: MRVL, ONDS, ACHR, SQQQ, NOK, AAL, SMCI
[2026-06-16 15:30 ET] L market OPEN | shorts=false trailing=false regime=true
  watchlist: MRVL, ONDS, ACHR, SQQQ, NOK, AAL, SMCI
[2026-06-16 15:35 ET] L market OPEN | shorts=false trailing=false regime=true
  watchlist: MRVL, ONDS, ACHR, SQQQ, NOK, AAL, SMCI
[2026-06-16 15:40 ET] L market OPEN | shorts=false trailing=false regime=true
  watchlist: MRVL, ONDS, ACHR, SQQQ, NOK, AAL, SMCI
[2026-06-16 15:45 ET] L market OPEN | shorts=false trailing=false regime=true
  watchlist: MRVL, ONDS, ACHR, SQQQ, NOK, AAL, SMCI
[2026-06-16 15:50 ET] L market OPEN | shorts=false trailing=false regime=true
[2026-06-16 15:55 ET] L market OPEN | shorts=false trailing=false regime=true
[2026-06-16 16:00 ET] L market closed | shorts=false trailing=false regime=true
[2026-06-17 09:30 ET] L market OPEN | shorts=false trailing=false regime=true
  watchlist: SPCX, SNAP, KEEL, MRVL, INTC, NOK, NFLX
[2026-06-17 09:35 ET] L market OPEN | shorts=false trailing=false regime=true
  watchlist: SPCX, SNAP, KEEL, MRVL, INTC, NOK, NFLX
[2026-06-17 09:40 ET] L market OPEN | shorts=false trailing=false regime=true
  watchlist: SPCX, SNAP, KEEL, MRVL, INTC, NOK, NFLX
[2026-06-17 09:45 ET] L market OPEN | shorts=false trailing=false regime=true
  watchlist: SPCX, SNAP, KEEL, MRVL, INTC, NOK, NFLX
  regime SPY 751.51 vs VWAP 750.78 -> bull
[2026-06-17 09:50 ET] L market OPEN | shorts=false trailing=false regime=true
  watchlist: SPCX, SNAP, KEEL, MRVL, INTC, NOK, NFLX
  regime SPY 751.23 vs VWAP 750.95 -> bull
[2026-06-17 09:55 ET] L market OPEN | shorts=false trailing=false regime=true
  watchlist: SPCX, SNAP, KEEL, MRVL, INTC, NOK, NFLX
  regime SPY 751.36 vs VWAP 751.04 -> bull
[2026-06-17 10:00 ET] L market OPEN | shorts=false trailing=false regime=true
  watchlist: SPCX, SNAP, KEEL, MRVL, INTC, NOK, NFLX
  regime SPY 749.89 vs VWAP 750.92 -> bear
[2026-06-17 10:05 ET] L market OPEN | shorts=false trailing=false regime=true
  watchlist: SPCX, SNAP, KEEL, MRVL, INTC, NOK, NFLX
  regime SPY 750.35 vs VWAP 750.77 -> bear
[2026-06-17 10:10 ET] L market OPEN | shorts=false trailing=false regime=true
  watchlist: SPCX, SNAP, KEEL, MRVL, INTC, NOK, NFLX
  regime SPY 750.64 vs VWAP 750.75 -> bear
[2026-06-17 10:15 ET] L market OPEN | shorts=false trailing=false regime=true
  watchlist: SPCX, SNAP, KEEL, MRVL, INTC, NOK, NFLX
  regime SPY 751.19 vs VWAP 750.77 -> bull
[2026-06-17 10:20 ET] L market OPEN | shorts=false trailing=false regime=true
  watchlist: SPCX, SNAP, KEEL, MRVL, INTC, NOK, NFLX
  regime SPY 751.41 vs VWAP 750.82 -> bull
[2026-06-17 10:25 ET] L market OPEN | shorts=false trailing=false regime=true
  watchlist: SPCX, SNAP, KEEL, MRVL, INTC, NOK, NFLX
  regime SPY 752.13 vs VWAP 750.88 -> bull
[2026-06-17 10:30 ET] L market OPEN | shorts=false trailing=false regime=true
  watchlist: SPCX, SNAP, KEEL, MRVL, INTC, NOK, NFLX
  regime SPY 751.69 vs VWAP 750.93 -> bull
[2026-06-17 10:35 ET] L market OPEN | shorts=false trailing=false regime=true
  watchlist: SPCX, SNAP, KEEL, MRVL, INTC, NOK, NFLX
  regime SPY 750.74 vs VWAP 750.92 -> bear
[2026-06-17 10:40 ET] L market OPEN | shorts=false trailing=false regime=true
  watchlist: SPCX, SNAP, KEEL, MRVL, INTC, NOK, NFLX
  regime SPY 750.04 vs VWAP 750.88 -> bear
[2026-06-17 10:45 ET] L market OPEN | shorts=false trailing=false regime=true
  watchlist: SPCX, SNAP, KEEL, MRVL, INTC, NOK, NFLX
  regime SPY 750.19 vs VWAP 750.83 -> bear
[2026-06-17 10:50 ET] L market OPEN | shorts=false trailing=false regime=true
  watchlist: SPCX, SNAP, KEEL, MRVL, INTC, NOK, NFLX
  regime SPY 749.39 vs VWAP 750.69 -> bear
  KEEL: long break vetoed by bear regime
[2026-06-17 10:55 ET] L market OPEN | shorts=false trailing=false regime=true
  watchlist: SPCX, SNAP, KEEL, MRVL, INTC, NOK, NFLX
  regime SPY 750.08 vs VWAP 750.63 -> bear
  KEEL: long break vetoed by bear regime
[2026-06-17 11:00 ET] L market OPEN | shorts=false trailing=false regime=true
  watchlist: SPCX, SNAP, KEEL, MRVL, INTC, NOK, NFLX
  regime SPY 749.07 vs VWAP 750.56 -> bear
  KEEL: long break vetoed by bear regime
[2026-06-17 11:05 ET] L market OPEN | shorts=false trailing=false regime=true
  watchlist: SPCX, SNAP, KEEL, MRVL, INTC, NOK, NFLX
  regime SPY 749.20 vs VWAP 750.52 -> bear
  KEEL: long break vetoed by bear regime
[2026-06-17 11:10 ET] L market OPEN | shorts=false trailing=false regime=true
  watchlist: SPCX, SNAP, KEEL, MRVL, INTC, NOK, NFLX
  regime SPY 748.67 vs VWAP 750.44 -> bear
  KEEL: long break vetoed by bear regime
[2026-06-17 11:15 ET] L market OPEN | shorts=false trailing=false regime=true
  watchlist: SPCX, SNAP, KEEL, MRVL, INTC, NOK, NFLX
  regime SPY 749.65 vs VWAP 750.41 -> bear
  KEEL: long break vetoed by bear regime
[2026-06-17 11:20 ET] L market OPEN | shorts=false trailing=false regime=true
  watchlist: SPCX, SNAP, KEEL, MRVL, INTC, NOK, NFLX
  regime SPY 749.73 vs VWAP 750.38 -> bear
  KEEL: long break vetoed by bear regime
[2026-06-17 11:25 ET] L market OPEN | shorts=false trailing=false regime=true
  watchlist: SPCX, SNAP, KEEL, MRVL, INTC, NOK, NFLX
  regime SPY 749.80 vs VWAP 750.37 -> bear
  KEEL: long break vetoed by bear regime
[2026-06-17 11:30 ET] L market OPEN | shorts=false trailing=false regime=true
  watchlist: SPCX, SNAP, KEEL, MRVL, INTC, NOK, NFLX
  regime SPY 749.99 vs VWAP 750.36 -> bear
[2026-06-17 11:35 ET] L market OPEN | shorts=false trailing=false regime=true
  watchlist: SPCX, SNAP, KEEL, MRVL, INTC, NOK, NFLX
[2026-06-17 11:40 ET] L market OPEN | shorts=false trailing=false regime=true
  watchlist: SPCX, SNAP, KEEL, MRVL, INTC, NOK, NFLX
[2026-06-17 11:45 ET] L market OPEN | shorts=false trailing=false regime=true
  watchlist: SPCX, SNAP, KEEL, MRVL, INTC, NOK, NFLX
[2026-06-17 11:50 ET] L market OPEN | shorts=false trailing=false regime=true
  watchlist: SPCX, SNAP, KEEL, MRVL, INTC, NOK, NFLX
[2026-06-17 11:55 ET] L market OPEN | shorts=false trailing=false regime=true
  watchlist: SPCX, SNAP, KEEL, MRVL, INTC, NOK, NFLX
[2026-06-17 12:00 ET] L market OPEN | shorts=false trailing=false regime=true
  watchlist: SPCX, SNAP, KEEL, MRVL, INTC, NOK, NFLX
[2026-06-17 12:05 ET] L market OPEN | shorts=false trailing=false regime=true
  watchlist: SPCX, SNAP, KEEL, MRVL, INTC, NOK, NFLX
[2026-06-17 12:10 ET] L market OPEN | shorts=false trailing=false regime=true
  watchlist: SPCX, SNAP, KEEL, MRVL, INTC, NOK, NFLX
[2026-06-17 12:15 ET] L market OPEN | shorts=false trailing=false regime=true
  watchlist: SPCX, SNAP, KEEL, MRVL, INTC, NOK, NFLX
[2026-06-17 12:20 ET] L market OPEN | shorts=false trailing=false regime=true
  watchlist: SPCX, SNAP, KEEL, MRVL, INTC, NOK, NFLX
[2026-06-17 12:25 ET] L market OPEN | shorts=false trailing=false regime=true
  watchlist: SPCX, SNAP, KEEL, MRVL, INTC, NOK, NFLX
[2026-06-17 12:30 ET] L market OPEN | shorts=false trailing=false regime=true
  watchlist: SPCX, SNAP, KEEL, MRVL, INTC, NOK, NFLX
[2026-06-17 12:35 ET] L market OPEN | shorts=false trailing=false regime=true
  watchlist: SPCX, SNAP, KEEL, MRVL, INTC, NOK, NFLX
[2026-06-17 12:40 ET] L market OPEN | shorts=false trailing=false regime=true
  watchlist: SPCX, SNAP, KEEL, MRVL, INTC, NOK, NFLX
[2026-06-17 12:45 ET] L market OPEN | shorts=false trailing=false regime=true
  watchlist: SPCX, SNAP, KEEL, MRVL, INTC, NOK, NFLX
[2026-06-17 12:50 ET] L market OPEN | shorts=false trailing=false regime=true
  watchlist: SPCX, SNAP, KEEL, MRVL, INTC, NOK, NFLX
stockbot error: fetch failed
stockbot error: fetch failed
stockbot error: fetch failed
stockbot error: fetch failed
stockbot error: fetch failed
stockbot error: fetch failed
stockbot error: fetch failed
stockbot error: fetch failed
stockbot error: fetch failed
stockbot error: fetch failed
stockbot error: fetch failed
stockbot error: fetch failed
stockbot error: fetch failed
stockbot error: fetch failed
stockbot error: fetch failed
stockbot error: fetch failed
stockbot error: fetch failed
stockbot error: fetch failed
stockbot error: fetch failed
stockbot error: fetch failed
stockbot error: fetch failed
stockbot error: fetch failed
stockbot error: fetch failed
stockbot error: fetch failed
stockbot error: fetch failed
stockbot error: fetch failed
stockbot error: fetch failed
stockbot error: fetch failed
stockbot error: fetch failed
stockbot error: fetch failed
stockbot error: fetch failed
stockbot error: fetch failed
stockbot error: fetch failed
stockbot error: fetch failed
stockbot error: fetch failed
stockbot error: fetch failed
stockbot error: fetch failed
stockbot error: fetch failed
stockbot error: fetch failed
stockbot error: fetch failed
stockbot error: fetch failed
stockbot error: fetch failed
stockbot error: fetch failed
stockbot error: fetch failed
stockbot error: fetch failed
stockbot error: fetch failed
stockbot error: fetch failed
stockbot error: fetch failed
stockbot error: fetch failed
stockbot error: fetch failed
stockbot error: fetch failed
stockbot error: fetch failed
stockbot error: fetch failed
stockbot error: fetch failed
stockbot error: fetch failed
stockbot error: fetch failed
stockbot error: fetch failed
stockbot error: fetch failed
stockbot error: fetch failed
stockbot error: fetch failed
stockbot error: fetch failed
stockbot error: fetch failed
stockbot error: fetch failed
stockbot error: fetch failed
stockbot error: fetch failed
stockbot error: fetch failed
stockbot error: fetch failed
stockbot error: fetch failed
stockbot error: fetch failed
stockbot error: fetch failed
stockbot error: fetch failed
stockbot error: fetch failed
stockbot error: fetch failed
stockbot error: fetch failed
stockbot error: fetch failed
stockbot error: fetch failed
stockbot error: fetch failed
stockbot error: fetch failed
stockbot error: fetch failed
stockbot error: fetch failed
stockbot error: fetch failed
stockbot error: fetch failed
stockbot error: fetch failed
stockbot error: fetch failed
stockbot error: fetch failed
stockbot error: fetch failed
stockbot error: fetch failed
stockbot error: fetch failed
stockbot error: fetch failed
stockbot error: fetch failed
stockbot error: fetch failed
stockbot error: fetch failed
stockbot error: fetch failed
stockbot error: fetch failed
stockbot error: fetch failed
stockbot error: fetch failed
stockbot error: fetch failed
stockbot error: fetch failed
stockbot error: fetch failed
stockbot error: fetch failed
stockbot error: fetch failed
stockbot error: fetch failed
stockbot error: fetch failed
stockbot error: fetch failed
stockbot error: fetch failed
stockbot error: fetch failed
stockbot error: fetch failed
stockbot error: fetch failed
stockbot error: fetch failed
stockbot error: fetch failed
stockbot error: fetch failed
stockbot error: fetch failed
stockbot error: fetch failed
stockbot error: fetch failed
stockbot error: fetch failed
stockbot error: fetch failed
stockbot error: fetch failed
stockbot error: fetch failed
stockbot error: fetch failed
stockbot error: fetch failed
stockbot error: fetch failed
stockbot error: fetch failed
stockbot error: fetch failed
stockbot error: fetch failed
stockbot error: fetch failed
stockbot error: fetch failed
stockbot error: fetch failed
stockbot error: fetch failed
stockbot error: fetch failed
stockbot error: fetch failed
stockbot error: fetch failed
stockbot error: fetch failed
stockbot error: fetch failed
stockbot error: fetch failed
stockbot error: fetch failed
stockbot error: fetch failed
stockbot error: fetch failed
stockbot error: fetch failed
stockbot error: fetch failed
stockbot error: fetch failed
stockbot error: fetch failed
stockbot error: fetch failed
stockbot error: fetch failed
stockbot error: fetch failed
stockbot error: fetch failed
stockbot error: fetch failed
stockbot error: fetch failed
stockbot error: fetch failed
stockbot error: fetch failed
stockbot error: fetch failed
stockbot error: fetch failed
stockbot error: fetch failed
stockbot error: fetch failed
stockbot error: fetch failed
stockbot error: fetch failed
stockbot error: fetch failed
stockbot error: fetch failed
stockbot error: fetch failed
stockbot error: fetch failed
stockbot error: fetch failed
stockbot error: fetch failed
stockbot error: fetch failed
stockbot error: fetch failed
stockbot error: fetch failed
stockbot error: fetch failed
stockbot error: fetch failed
stockbot error: fetch failed
stockbot error: fetch failed
stockbot error: fetch failed
stockbot error: fetch failed
stockbot error: fetch failed
stockbot error: fetch failed
stockbot error: fetch failed
stockbot error: fetch failed
stockbot error: fetch failed
stockbot error: fetch failed
stockbot error: fetch failed
stockbot error: fetch failed
stockbot error: fetch failed
stockbot error: fetch failed
stockbot error: fetch failed
stockbot error: fetch failed
stockbot error: fetch failed
stockbot error: fetch failed
stockbot error: fetch failed
stockbot error: fetch failed
stockbot error: fetch failed
stockbot error: fetch failed
stockbot error: fetch failed
stockbot error: fetch failed
stockbot error: fetch failed
stockbot error: fetch failed
stockbot error: fetch failed
stockbot error: fetch failed
stockbot error: fetch failed
stockbot error: fetch failed
stockbot error: fetch failed
stockbot error: fetch failed
stockbot error: fetch failed
stockbot error: fetch failed
stockbot error: fetch failed
stockbot error: fetch failed
stockbot error: fetch failed
stockbot error: fetch failed
stockbot error: fetch failed
stockbot error: fetch failed
stockbot error: fetch failed
stockbot error: fetch failed
stockbot error: fetch failed
[2026-06-22 13:35 ET] L market OPEN | shorts=false trailing=false regime=true
  no watchlist for today — run scan.js pre-market.
[2026-06-22 13:40 ET] L market OPEN | shorts=false trailing=false regime=true
  no watchlist for today — run scan.js pre-market.
[2026-06-22 13:45 ET] L market OPEN | shorts=false trailing=false regime=true
  no watchlist for today — run scan.js pre-market.
[2026-06-22 13:50 ET] L market OPEN | shorts=false trailing=false regime=true
  no watchlist for today — run scan.js pre-market.
[2026-06-22 13:55 ET] L market OPEN | shorts=false trailing=false regime=true
  no watchlist for today — run scan.js pre-market.
[2026-06-22 14:00 ET] L market OPEN | shorts=false trailing=false regime=true
  no watchlist for today — run scan.js pre-market.
[2026-06-22 14:05 ET] L market OPEN | shorts=false trailing=false regime=true
  no watchlist for today — run scan.js pre-market.
[2026-06-22 14:10 ET] L market OPEN | shorts=false trailing=false regime=true
  no watchlist for today — run scan.js pre-market.
[2026-06-22 14:15 ET] L market OPEN | shorts=false trailing=false regime=true
  no watchlist for today — run scan.js pre-market.
[2026-06-22 14:20 ET] L market OPEN | shorts=false trailing=false regime=true
  no watchlist for today — run scan.js pre-market.
[2026-06-22 14:25 ET] L market OPEN | shorts=false trailing=false regime=true
  no watchlist for today — run scan.js pre-market.
[2026-06-22 14:30 ET] L market OPEN | shorts=false trailing=false regime=true
  no watchlist for today — run scan.js pre-market.
[2026-06-22 14:35 ET] L market OPEN | shorts=false trailing=false regime=true
  no watchlist for today — run scan.js pre-market.
[2026-06-22 14:40 ET] L market OPEN | shorts=false trailing=false regime=true
  no watchlist for today — run scan.js pre-market.
[2026-06-22 14:45 ET] L market OPEN | shorts=false trailing=false regime=true
  no watchlist for today — run scan.js pre-market.
[2026-06-22 14:50 ET] L market OPEN | shorts=false trailing=false regime=true
  no watchlist for today — run scan.js pre-market.
[2026-06-22 14:55 ET] L market OPEN | shorts=false trailing=false regime=true
  no watchlist for today — run scan.js pre-market.
[2026-06-22 15:00 ET] L market OPEN | shorts=false trailing=false regime=true
  no watchlist for today — run scan.js pre-market.
[2026-06-22 15:05 ET] L market OPEN | shorts=false trailing=false regime=true
  no watchlist for today — run scan.js pre-market.
[2026-06-22 15:10 ET] L market OPEN | shorts=false trailing=false regime=true
  no watchlist for today — run scan.js pre-market.
[2026-06-22 15:15 ET] L market OPEN | shorts=false trailing=false regime=true
  no watchlist for today — run scan.js pre-market.
[2026-06-22 15:20 ET] L market OPEN | shorts=false trailing=false regime=true
  no watchlist for today — run scan.js pre-market.
[2026-06-22 15:25 ET] L market OPEN | shorts=false trailing=false regime=true
  no watchlist for today — run scan.js pre-market.
[2026-06-22 15:30 ET] L market OPEN | shorts=false trailing=false regime=true
  no watchlist for today — run scan.js pre-market.
[2026-06-22 15:35 ET] L market OPEN | shorts=false trailing=false regime=true
  no watchlist for today — run scan.js pre-market.
[2026-06-22 15:40 ET] L market OPEN | shorts=false trailing=false regime=true
  no watchlist for today — run scan.js pre-market.
[2026-06-22 15:45 ET] L market OPEN | shorts=false trailing=false regime=true
  no watchlist for today — run scan.js pre-market.
[2026-06-22 15:50 ET] L market OPEN | shorts=false trailing=false regime=true
[2026-06-22 15:55 ET] L market OPEN | shorts=false trailing=false regime=true
[2026-06-22 16:00 ET] L market closed | shorts=false trailing=false regime=true
[2026-06-23 09:30 ET] L market OPEN | shorts=false trailing=false regime=true
  watchlist: MARA, KEEL, TSLL, NOK, PLTR, NFLX
[2026-06-23 09:35 ET] L market OPEN | shorts=false trailing=false regime=true
  watchlist: MARA, KEEL, TSLL, NOK, PLTR, NFLX
[2026-06-23 09:40 ET] L market OPEN | shorts=false trailing=false regime=true
  watchlist: MARA, KEEL, TSLL, NOK, PLTR, NFLX
[2026-06-23 09:45 ET] L market OPEN | shorts=false trailing=false regime=true
  watchlist: MARA, KEEL, TSLL, NOK, PLTR, NFLX
  regime SPY 734.93 vs VWAP 733.91 -> bull
[2026-06-23 09:50 ET] L market OPEN | shorts=false trailing=false regime=true
  watchlist: MARA, KEEL, TSLL, NOK, PLTR, NFLX
  regime SPY 736.41 vs VWAP 734.30 -> bull
  ENTER long KEEL 114sh @ 6.49 | stop 6.04 tgt7.35 | risk $50 | sec KEEL
   Telegram alert delivered
  ENTER long NOK 122sh @ 13.64 | stop 13.22 tgt14.38 | risk $50 | sec NOK
   Telegram alert delivered
[2026-06-23 09:55 ET] L market OPEN | shorts=false trailing=false regime=true
  watchlist: MARA, KEEL, TSLL, NOK, PLTR, NFLX
  regime SPY 736.57 vs VWAP 734.58 -> bull
[2026-06-23 10:00 ET] L market OPEN | shorts=false trailing=false regime=true
  watchlist: MARA, KEEL, TSLL, NOK, PLTR, NFLX
  regime SPY 737.18 vs VWAP 734.82 -> bull
  ENTER long MARA 52sh @ 14.94 | stop 13.98 tgt16.82 | risk $49 | sec crypto
   Telegram alert delivered
[2026-06-23 10:05 ET] L market OPEN | shorts=false trailing=false regime=true
  watchlist: MARA, KEEL, TSLL, NOK, PLTR, NFLX
  regime SPY 737.97 vs VWAP 735.32 -> bull
[2026-06-23 10:10 ET] L market OPEN | shorts=false trailing=false regime=true
  watchlist: MARA, KEEL, TSLL, NOK, PLTR, NFLX
  regime SPY 738.37 vs VWAP 735.52 -> bull
[2026-06-23 10:15 ET] L market OPEN | shorts=false trailing=false regime=true
  watchlist: MARA, KEEL, TSLL, NOK, PLTR, NFLX
  regime SPY 738.90 vs VWAP 735.79 -> bull
[2026-06-23 10:20 ET] L market OPEN | shorts=false trailing=false regime=true
  watchlist: MARA, KEEL, TSLL, NOK, PLTR, NFLX
  regime SPY 739.15 vs VWAP 735.89 -> bull
[2026-06-23 10:25 ET] L market OPEN | shorts=false trailing=false regime=true
  watchlist: MARA, KEEL, TSLL, NOK, PLTR, NFLX
  regime SPY 738.87 vs VWAP 736.12 -> bull
[2026-06-23 10:30 ET] L market OPEN | shorts=false trailing=false regime=true
  watchlist: MARA, KEEL, TSLL, NOK, PLTR, NFLX
  regime SPY 739.00 vs VWAP 736.25 -> bull
[2026-06-23 10:35 ET] L market OPEN | shorts=false trailing=false regime=true
  watchlist: MARA, KEEL, TSLL, NOK, PLTR, NFLX
  regime SPY 738.23 vs VWAP 736.34 -> bull
[2026-06-23 10:40 ET] L market OPEN | shorts=false trailing=false regime=true
  watchlist: MARA, KEEL, TSLL, NOK, PLTR, NFLX
  regime SPY 737.61 vs VWAP 736.38 -> bull
[2026-06-23 10:45 ET] L market OPEN | shorts=false trailing=false regime=true
  watchlist: MARA, KEEL, TSLL, NOK, PLTR, NFLX
  regime SPY 737.37 vs VWAP 736.43 -> bull
[2026-06-23 10:50 ET] L market OPEN | shorts=false trailing=false regime=true
  watchlist: MARA, KEEL, TSLL, NOK, PLTR, NFLX
  regime SPY 737.28 vs VWAP 736.46 -> bull
[2026-06-23 10:55 ET] L market OPEN | shorts=false trailing=false regime=true
  watchlist: MARA, KEEL, TSLL, NOK, PLTR, NFLX
  regime SPY 737.17 vs VWAP 736.49 -> bull
[2026-06-23 11:00 ET] L market OPEN | shorts=false trailing=false regime=true
  watchlist: MARA, KEEL, TSLL, NOK, PLTR, NFLX
  regime SPY 737.01 vs VWAP 736.51 -> bull
[2026-06-23 11:05 ET] L market OPEN | shorts=false trailing=false regime=true
  watchlist: MARA, KEEL, TSLL, NOK, PLTR, NFLX
  regime SPY 736.55 vs VWAP 736.51 -> bull
[2026-06-23 11:10 ET] L market OPEN | shorts=false trailing=false regime=true
  watchlist: MARA, KEEL, TSLL, NOK, PLTR, NFLX
  regime SPY 735.98 vs VWAP 736.49 -> bear
[2026-06-23 11:15 ET] L market OPEN | shorts=false trailing=false regime=true
  watchlist: MARA, KEEL, TSLL, NOK, PLTR, NFLX
  regime SPY 736.04 vs VWAP 736.47 -> bear
[2026-06-23 11:20 ET] L market OPEN | shorts=false trailing=false regime=true
  watchlist: MARA, KEEL, TSLL, NOK, PLTR, NFLX
  regime SPY 735.26 vs VWAP 736.45 -> bear
[2026-06-23 11:25 ET] L market OPEN | shorts=false trailing=false regime=true
  watchlist: MARA, KEEL, TSLL, NOK, PLTR, NFLX
  regime SPY 734.60 vs VWAP 736.41 -> bear
[2026-06-23 11:30 ET] L market OPEN | shorts=false trailing=false regime=true
  watchlist: MARA, KEEL, TSLL, NOK, PLTR, NFLX
  regime SPY 734.54 vs VWAP 736.31 -> bear
[2026-06-23 11:35 ET] L market OPEN | shorts=false trailing=false regime=true
  watchlist: MARA, KEEL, TSLL, NOK, PLTR, NFLX
[2026-06-23 11:40 ET] L market OPEN | shorts=false trailing=false regime=true
  watchlist: MARA, KEEL, TSLL, NOK, PLTR, NFLX
[2026-06-23 11:45 ET] L market OPEN | shorts=false trailing=false regime=true
  watchlist: MARA, KEEL, TSLL, NOK, PLTR, NFLX
[2026-06-23 11:50 ET] L market OPEN | shorts=false trailing=false regime=true
  watchlist: MARA, KEEL, TSLL, NOK, PLTR, NFLX
[2026-06-23 11:55 ET] L market OPEN | shorts=false trailing=false regime=true
  watchlist: MARA, KEEL, TSLL, NOK, PLTR, NFLX
[2026-06-23 12:00 ET] L market OPEN | shorts=false trailing=false regime=true
  watchlist: MARA, KEEL, TSLL, NOK, PLTR, NFLX
[2026-06-23 12:05 ET] L market OPEN | shorts=false trailing=false regime=true
  watchlist: MARA, KEEL, TSLL, NOK, PLTR, NFLX
[2026-06-23 12:10 ET] L market OPEN | shorts=false trailing=false regime=true
  watchlist: MARA, KEEL, TSLL, NOK, PLTR, NFLX
[2026-06-23 12:15 ET] L market OPEN | shorts=false trailing=false regime=true
  watchlist: MARA, KEEL, TSLL, NOK, PLTR, NFLX
[2026-06-23 12:20 ET] L market OPEN | shorts=false trailing=false regime=true
  watchlist: MARA, KEEL, TSLL, NOK, PLTR, NFLX
[2026-06-23 12:25 ET] L market OPEN | shorts=false trailing=false regime=true
  watchlist: MARA, KEEL, TSLL, NOK, PLTR, NFLX
[2026-06-23 12:30 ET] L market OPEN | shorts=false trailing=false regime=true
  watchlist: MARA, KEEL, TSLL, NOK, PLTR, NFLX
[2026-06-23 12:35 ET] L market OPEN | shorts=false trailing=false regime=true
  watchlist: MARA, KEEL, TSLL, NOK, PLTR, NFLX
[2026-06-23 12:40 ET] L market OPEN | shorts=false trailing=false regime=true
  watchlist: MARA, KEEL, TSLL, NOK, PLTR, NFLX
[2026-06-23 12:45 ET] L market OPEN | shorts=false trailing=false regime=true
  watchlist: MARA, KEEL, TSLL, NOK, PLTR, NFLX
[2026-06-23 12:50 ET] L market OPEN | shorts=false trailing=false regime=true
  watchlist: MARA, KEEL, TSLL, NOK, PLTR, NFLX
[2026-06-23 12:55 ET] L market OPEN | shorts=false trailing=false regime=true
  watchlist: MARA, KEEL, TSLL, NOK, PLTR, NFLX
[2026-06-23 13:00 ET] L market OPEN | shorts=false trailing=false regime=true
  watchlist: MARA, KEEL, TSLL, NOK, PLTR, NFLX
[2026-06-23 13:05 ET] L market OPEN | shorts=false trailing=false regime=true
  watchlist: MARA, KEEL, TSLL, NOK, PLTR, NFLX
[2026-06-23 13:10 ET] L market OPEN | shorts=false trailing=false regime=true
  watchlist: MARA, KEEL, TSLL, NOK, PLTR, NFLX
[2026-06-23 13:15 ET] L market OPEN | shorts=false trailing=false regime=true
  watchlist: MARA, KEEL, TSLL, NOK, PLTR, NFLX
[2026-06-23 13:20 ET] L market OPEN | shorts=false trailing=false regime=true
  watchlist: MARA, KEEL, TSLL, NOK, PLTR, NFLX
[2026-06-23 13:25 ET] L market OPEN | shorts=false trailing=false regime=true
  watchlist: MARA, KEEL, TSLL, NOK, PLTR, NFLX
[2026-06-23 13:30 ET] L market OPEN | shorts=false trailing=false regime=true
  watchlist: MARA, KEEL, TSLL, NOK, PLTR, NFLX
[2026-06-23 13:35 ET] L market OPEN | shorts=false trailing=false regime=true
  watchlist: MARA, KEEL, TSLL, NOK, PLTR, NFLX
[2026-06-23 13:40 ET] L market OPEN | shorts=false trailing=false regime=true
  watchlist: MARA, KEEL, TSLL, NOK, PLTR, NFLX
[2026-06-23 13:45 ET] L market OPEN | shorts=false trailing=false regime=true
  watchlist: MARA, KEEL, TSLL, NOK, PLTR, NFLX
[2026-06-23 13:50 ET] L market OPEN | shorts=false trailing=false regime=true
  watchlist: MARA, KEEL, TSLL, NOK, PLTR, NFLX
[2026-06-23 13:55 ET] L market OPEN | shorts=false trailing=false regime=true
  watchlist: MARA, KEEL, TSLL, NOK, PLTR, NFLX
[2026-06-23 14:00 ET] L market OPEN | shorts=false trailing=false regime=true
  watchlist: MARA, KEEL, TSLL, NOK, PLTR, NFLX
[2026-06-23 14:05 ET] L market OPEN | shorts=false trailing=false regime=true
  watchlist: MARA, KEEL, TSLL, NOK, PLTR, NFLX
[2026-06-23 14:10 ET] L market OPEN | shorts=false trailing=false regime=true
  watchlist: MARA, KEEL, TSLL, NOK, PLTR, NFLX
[2026-06-23 14:15 ET] L market OPEN | shorts=false trailing=false regime=true
  watchlist: MARA, KEEL, TSLL, NOK, PLTR, NFLX
[2026-06-23 14:20 ET] L market OPEN | shorts=false trailing=false regime=true
  watchlist: MARA, KEEL, TSLL, NOK, PLTR, NFLX
[2026-06-23 14:25 ET] L market OPEN | shorts=false trailing=false regime=true
  watchlist: MARA, KEEL, TSLL, NOK, PLTR, NFLX
[2026-06-23 14:30 ET] L market OPEN | shorts=false trailing=false regime=true
  watchlist: MARA, KEEL, TSLL, NOK, PLTR, NFLX
[2026-06-23 14:35 ET] L market OPEN | shorts=false trailing=false regime=true
  watchlist: MARA, KEEL, TSLL, NOK, PLTR, NFLX
[2026-06-23 14:40 ET] L market OPEN | shorts=false trailing=false regime=true
  watchlist: MARA, KEEL, TSLL, NOK, PLTR, NFLX
[2026-06-23 14:45 ET] L market OPEN | shorts=false trailing=false regime=true
  watchlist: MARA, KEEL, TSLL, NOK, PLTR, NFLX
[2026-06-23 14:50 ET] L market OPEN | shorts=false trailing=false regime=true
  watchlist: MARA, KEEL, TSLL, NOK, PLTR, NFLX
[2026-06-23 14:55 ET] L market OPEN | shorts=false trailing=false regime=true
  watchlist: MARA, KEEL, TSLL, NOK, PLTR, NFLX
[2026-06-23 15:00 ET] L market OPEN | shorts=false trailing=false regime=true
  watchlist: MARA, KEEL, TSLL, NOK, PLTR, NFLX
[2026-06-23 15:05 ET] L market OPEN | shorts=false trailing=false regime=true
  watchlist: MARA, KEEL, TSLL, NOK, PLTR, NFLX
[2026-06-23 15:10 ET] L market OPEN | shorts=false trailing=false regime=true
  watchlist: MARA, KEEL, TSLL, NOK, PLTR, NFLX
[2026-06-23 15:15 ET] L market OPEN | shorts=false trailing=false regime=true
  watchlist: MARA, KEEL, TSLL, NOK, PLTR, NFLX
[2026-06-23 15:20 ET] L market OPEN | shorts=false trailing=false regime=true
  watchlist: MARA, KEEL, TSLL, NOK, PLTR, NFLX
[2026-06-23 15:25 ET] L market OPEN | shorts=false trailing=false regime=true
  watchlist: MARA, KEEL, TSLL, NOK, PLTR, NFLX
[2026-06-23 15:30 ET] L market OPEN | shorts=false trailing=false regime=true
  watchlist: MARA, KEEL, TSLL, NOK, PLTR, NFLX
[2026-06-23 15:35 ET] L market OPEN | shorts=false trailing=false regime=true
  watchlist: MARA, KEEL, TSLL, NOK, PLTR, NFLX
[2026-06-23 15:40 ET] L market OPEN | shorts=false trailing=false regime=true
  watchlist: MARA, KEEL, TSLL, NOK, PLTR, NFLX
[2026-06-23 15:45 ET] L market OPEN | shorts=false trailing=false regime=true
  watchlist: MARA, KEEL, TSLL, NOK, PLTR, NFLX
[2026-06-23 15:50 ET] L market OPEN | shorts=false trailing=false regime=true
  flatten KEEL: close not confirmed (status no-order) — leaving open, will retry next run.
  flatten MARA: close not confirmed (status no-order) — leaving open, will retry next run.
  flatten NOK failed: Alpaca /v2/positions/NOK 404: {"code":40410000,"message":"position not found: NOK"}
[2026-06-23 15:55 ET] L market OPEN | shorts=false trailing=false regime=true
  EXIT KEEL (long/exit-partial) 113sh @ 6.49 P/L $0.00 | day $0.00
   Telegram alert delivered
  EXIT NOK (long/exit) 122sh @ 13.70 P/L $6.93 | day $6.93
   Telegram alert delivered
  EXIT MARA (long/exit-partial) 41sh @ 14.94 P/L $0.00 | day $6.93
   Telegram alert delivered
  flatten KEEL: close not confirmed (status no-order) — leaving open, will retry next run.
  flatten MARA: close not confirmed (status no-order) — leaving open, will retry next run.
[2026-06-23 16:00 ET] L market closed | shorts=false trailing=false regime=true
  EXIT KEEL (long/exit) 1sh @ 6.60 P/L $0.11 | day $7.04
   Telegram alert delivered
  EXIT MARA (long/exit) 11sh @ 14.75 P/L $-2.09 | day $4.95
   Telegram alert delivered
[2026-06-24 09:30 ET] L market OPEN | shorts=false trailing=false regime=true
  watchlist: KEEL, SPCX, INTC, DRAM, SQQQ, NVD, T
[2026-06-24 09:35 ET] L market OPEN | shorts=false trailing=false regime=true
  watchlist: KEEL, SPCX, INTC, DRAM, SQQQ, NVD, T
[2026-06-24 09:40 ET] L market OPEN | shorts=false trailing=false regime=true
  watchlist: KEEL, SPCX, INTC, DRAM, SQQQ, NVD, T
[2026-06-24 09:45 ET] L market OPEN | shorts=false trailing=false regime=true
  watchlist: KEEL, SPCX, INTC, DRAM, SQQQ, NVD, T
  regime SPY 735.78 vs VWAP 736.18 -> bear
[2026-06-24 09:50 ET] L market OPEN | shorts=false trailing=false regime=true
  watchlist: KEEL, SPCX, INTC, DRAM, SQQQ, NVD, T
  regime SPY 735.56 vs VWAP 735.94 -> bear
[2026-06-24 09:55 ET] L market OPEN | shorts=false trailing=false regime=true
  watchlist: KEEL, SPCX, INTC, DRAM, SQQQ, NVD, T
  regime SPY 737.30 vs VWAP 736.16 -> bull
[2026-06-24 10:00 ET] L market OPEN | shorts=false trailing=false regime=true
  watchlist: KEEL, SPCX, INTC, DRAM, SQQQ, NVD, T
  regime SPY 735.94 vs VWAP 736.19 -> bear
[2026-06-24 10:05 ET] L market OPEN | shorts=false trailing=false regime=true
  watchlist: KEEL, SPCX, INTC, DRAM, SQQQ, NVD, T
  regime SPY 735.46 vs VWAP 736.14 -> bear
  SPCX: long break vetoed by bear regime
[2026-06-24 10:10 ET] L market OPEN | shorts=false trailing=false regime=true
  watchlist: KEEL, SPCX, INTC, DRAM, SQQQ, NVD, T
  regime SPY 735.75 vs VWAP 736.12 -> bear
  SPCX: long break vetoed by bear regime
[2026-06-24 10:15 ET] L market OPEN | shorts=false trailing=false regime=true
  watchlist: KEEL, SPCX, INTC, DRAM, SQQQ, NVD, T
  regime SPY 735.57 vs VWAP 736.08 -> bear
[2026-06-24 10:20 ET] L market OPEN | shorts=false trailing=false regime=true
  watchlist: KEEL, SPCX, INTC, DRAM, SQQQ, NVD, T
  regime SPY 734.89 vs VWAP 736.01 -> bear
  ENTER long SQQQ 49sh @ 40.22 | stop 39.18 tgt42.18 | risk $49 | sec index
   Telegram alert delivered
  ENTER long NVD 379sh @ 5.29 | stop 5.15 tgt5.51 | risk $45 | sec semis
   Telegram alert delivered
[2026-06-24 10:25 ET] L market OPEN | shorts=false trailing=false regime=true
  watchlist: KEEL, SPCX, INTC, DRAM, SQQQ, NVD, T
  regime SPY 736.39 vs VWAP 735.99 -> bull
  ENTER long SPCX 7sh @ 157.57 | stop 150.79 tgt171.37 | risk $48 | sec SPCX
   Telegram alert delivered
[2026-06-24 10:30 ET] L market OPEN | shorts=false trailing=false regime=true
  watchlist: KEEL, SPCX, INTC, DRAM, SQQQ, NVD, T
  regime SPY 736.44 vs VWAP 736.01 -> bull
[2026-06-24 10:35 ET] L market OPEN | shorts=false trailing=false regime=true
  watchlist: KEEL, SPCX, INTC, DRAM, SQQQ, NVD, T
  regime SPY 736.96 vs VWAP 736.07 -> bull
[2026-06-24 10:40 ET] L market OPEN | shorts=false trailing=false regime=true
  watchlist: KEEL, SPCX, INTC, DRAM, SQQQ, NVD, T
  regime SPY 736.24 vs VWAP 736.09 -> bull
[2026-06-24 10:45 ET] L market OPEN | shorts=false trailing=false regime=true
  watchlist: KEEL, SPCX, INTC, DRAM, SQQQ, NVD, T
  regime SPY 737.62 vs VWAP 736.14 -> bull
[2026-06-24 10:50 ET] L market OPEN | shorts=false trailing=false regime=true
  EXIT SQQQ (long/stop) 49sh @ 39.12 P/L $-53.90 | day $-53.90
   Telegram alert delivered
  watchlist: KEEL, SPCX, INTC, DRAM, SQQQ, NVD, T
  regime SPY 738.30 vs VWAP 736.25 -> bull
  INTC: long opposes held semis exposure (econ short) — skip.
[2026-06-24 10:55 ET] L market OPEN | shorts=false trailing=false regime=true
  watchlist: KEEL, SPCX, INTC, DRAM, SQQQ, NVD, T
  regime SPY 738.45 vs VWAP 736.39 -> bull
[2026-06-24 11:00 ET] L market OPEN | shorts=false trailing=false regime=true
  watchlist: KEEL, SPCX, INTC, DRAM, SQQQ, NVD, T
  regime SPY 739.60 vs VWAP 736.57 -> bull
  INTC: long opposes held semis exposure (econ short) — skip.
[2026-06-24 11:05 ET] L market OPEN | shorts=false trailing=false regime=true
  EXIT NVD (long/stop) 379sh @ 5.15 P/L $-53.06 | day $-106.96
   Telegram alert delivered
  watchlist: KEEL, SPCX, INTC, DRAM, SQQQ, NVD, T
  regime SPY 739.22 vs VWAP 736.70 -> bull
  ENTER long INTC 8sh @ 135.87 | stop 130.04 tgt147.77 | risk $47 | sec semis
   Telegram alert delivered
[2026-06-24 11:10 ET] L market OPEN | shorts=false trailing=false regime=true
  watchlist: KEEL, SPCX, INTC, DRAM, SQQQ, NVD, T
  regime SPY 738.46 vs VWAP 736.75 -> bull
[2026-06-24 11:15 ET] L market OPEN | shorts=false trailing=false regime=true
  watchlist: KEEL, SPCX, INTC, DRAM, SQQQ, NVD, T
  regime SPY 738.52 vs VWAP 736.82 -> bull
[2026-06-24 11:20 ET] L market OPEN | shorts=false trailing=false regime=true
  watchlist: KEEL, SPCX, INTC, DRAM, SQQQ, NVD, T
  regime SPY 739.21 vs VWAP 736.88 -> bull
[2026-06-24 11:25 ET] L market OPEN | shorts=false trailing=false regime=true
  watchlist: KEEL, SPCX, INTC, DRAM, SQQQ, NVD, T
  regime SPY 738.73 vs VWAP 736.93 -> bull
[2026-06-24 11:30 ET] L market OPEN | shorts=false trailing=false regime=true
  watchlist: KEEL, SPCX, INTC, DRAM, SQQQ, NVD, T
  regime SPY 739.63 vs VWAP 737.00 -> bull
[2026-06-24 11:35 ET] L market OPEN | shorts=false trailing=false regime=true
  watchlist: KEEL, SPCX, INTC, DRAM, SQQQ, NVD, T
[2026-06-24 11:40 ET] L market OPEN | shorts=false trailing=false regime=true
  watchlist: KEEL, SPCX, INTC, DRAM, SQQQ, NVD, T
[2026-06-24 11:45 ET] L market OPEN | shorts=false trailing=false regime=true
  watchlist: KEEL, SPCX, INTC, DRAM, SQQQ, NVD, T
[2026-06-24 11:50 ET] L market OPEN | shorts=false trailing=false regime=true
  watchlist: KEEL, SPCX, INTC, DRAM, SQQQ, NVD, T
[2026-06-24 11:55 ET] L market OPEN | shorts=false trailing=false regime=true
  watchlist: KEEL, SPCX, INTC, DRAM, SQQQ, NVD, T
[2026-06-24 12:00 ET] L market OPEN | shorts=false trailing=false regime=true
  watchlist: KEEL, SPCX, INTC, DRAM, SQQQ, NVD, T
[2026-06-24 12:05 ET] L market OPEN | shorts=false trailing=false regime=true
  watchlist: KEEL, SPCX, INTC, DRAM, SQQQ, NVD, T
[2026-06-24 12:10 ET] L market OPEN | shorts=false trailing=false regime=true
  watchlist: KEEL, SPCX, INTC, DRAM, SQQQ, NVD, T
[2026-06-24 12:15 ET] L market OPEN | shorts=false trailing=false regime=true
  watchlist: KEEL, SPCX, INTC, DRAM, SQQQ, NVD, T
[2026-06-24 12:20 ET] L market OPEN | shorts=false trailing=false regime=true
  watchlist: KEEL, SPCX, INTC, DRAM, SQQQ, NVD, T
[2026-06-24 12:25 ET] L market OPEN | shorts=false trailing=false regime=true
  watchlist: KEEL, SPCX, INTC, DRAM, SQQQ, NVD, T
[2026-06-24 12:30 ET] L market OPEN | shorts=false trailing=false regime=true
  watchlist: KEEL, SPCX, INTC, DRAM, SQQQ, NVD, T
[2026-06-24 12:35 ET] L market OPEN | shorts=false trailing=false regime=true
  watchlist: KEEL, SPCX, INTC, DRAM, SQQQ, NVD, T
[2026-06-24 12:40 ET] L market OPEN | shorts=false trailing=false regime=true
  watchlist: KEEL, SPCX, INTC, DRAM, SQQQ, NVD, T
[2026-06-24 12:45 ET] L market OPEN | shorts=false trailing=false regime=true
  watchlist: KEEL, SPCX, INTC, DRAM, SQQQ, NVD, T
[2026-06-24 12:50 ET] L market OPEN | shorts=false trailing=false regime=true
  watchlist: KEEL, SPCX, INTC, DRAM, SQQQ, NVD, T
[2026-06-24 12:55 ET] L market OPEN | shorts=false trailing=false regime=true
  watchlist: KEEL, SPCX, INTC, DRAM, SQQQ, NVD, T
[2026-06-24 13:00 ET] L market OPEN | shorts=false trailing=false regime=true
  watchlist: KEEL, SPCX, INTC, DRAM, SQQQ, NVD, T
[2026-06-24 13:05 ET] L market OPEN | shorts=false trailing=false regime=true
  watchlist: KEEL, SPCX, INTC, DRAM, SQQQ, NVD, T
[2026-06-24 13:10 ET] L market OPEN | shorts=false trailing=false regime=true
  watchlist: KEEL, SPCX, INTC, DRAM, SQQQ, NVD, T
[2026-06-24 13:15 ET] L market OPEN | shorts=false trailing=false regime=true
  watchlist: KEEL, SPCX, INTC, DRAM, SQQQ, NVD, T
[2026-06-24 13:20 ET] L market OPEN | shorts=false trailing=false regime=true
  watchlist: KEEL, SPCX, INTC, DRAM, SQQQ, NVD, T
[2026-06-24 13:25 ET] L market OPEN | shorts=false trailing=false regime=true
  watchlist: KEEL, SPCX, INTC, DRAM, SQQQ, NVD, T
[2026-06-24 13:30 ET] L market OPEN | shorts=false trailing=false regime=true
  watchlist: KEEL, SPCX, INTC, DRAM, SQQQ, NVD, T
[2026-06-24 13:35 ET] L market OPEN | shorts=false trailing=false regime=true
  watchlist: KEEL, SPCX, INTC, DRAM, SQQQ, NVD, T
[2026-06-24 13:40 ET] L market OPEN | shorts=false trailing=false regime=true
  watchlist: KEEL, SPCX, INTC, DRAM, SQQQ, NVD, T
[2026-06-24 13:45 ET] L market OPEN | shorts=false trailing=false regime=true
  watchlist: KEEL, SPCX, INTC, DRAM, SQQQ, NVD, T
[2026-06-24 13:50 ET] L market OPEN | shorts=false trailing=false regime=true
  watchlist: KEEL, SPCX, INTC, DRAM, SQQQ, NVD, T
[2026-06-24 13:55 ET] L market OPEN | shorts=false trailing=false regime=true
  EXIT INTC (long/stop) 8sh @ 130.02 P/L $-46.79 | day $-153.75
   Telegram alert delivered
  watchlist: KEEL, SPCX, INTC, DRAM, SQQQ, NVD, T
[2026-06-24 14:00 ET] L market OPEN | shorts=false trailing=false regime=true
  watchlist: KEEL, SPCX, INTC, DRAM, SQQQ, NVD, T
[2026-06-24 14:05 ET] L market OPEN | shorts=false trailing=false regime=true
  watchlist: KEEL, SPCX, INTC, DRAM, SQQQ, NVD, T
[2026-06-24 14:10 ET] L market OPEN | shorts=false trailing=false regime=true
  watchlist: KEEL, SPCX, INTC, DRAM, SQQQ, NVD, T
[2026-06-24 14:15 ET] L market OPEN | shorts=false trailing=false regime=true
  watchlist: KEEL, SPCX, INTC, DRAM, SQQQ, NVD, T
[2026-06-24 14:20 ET] L market OPEN | shorts=false trailing=false regime=true
  watchlist: KEEL, SPCX, INTC, DRAM, SQQQ, NVD, T
[2026-06-24 14:25 ET] L market OPEN | shorts=false trailing=false regime=true
  watchlist: KEEL, SPCX, INTC, DRAM, SQQQ, NVD, T
[2026-06-24 14:30 ET] L market OPEN | shorts=false trailing=false regime=true
  watchlist: KEEL, SPCX, INTC, DRAM, SQQQ, NVD, T
[2026-06-24 14:35 ET] L market OPEN | shorts=false trailing=false regime=true
  watchlist: KEEL, SPCX, INTC, DRAM, SQQQ, NVD, T
[2026-06-24 14:40 ET] L market OPEN | shorts=false trailing=false regime=true
  watchlist: KEEL, SPCX, INTC, DRAM, SQQQ, NVD, T
[2026-06-24 14:45 ET] L market OPEN | shorts=false trailing=false regime=true
  watchlist: KEEL, SPCX, INTC, DRAM, SQQQ, NVD, T
[2026-06-24 14:50 ET] L market OPEN | shorts=false trailing=false regime=true
  watchlist: KEEL, SPCX, INTC, DRAM, SQQQ, NVD, T
[2026-06-24 14:55 ET] L market OPEN | shorts=false trailing=false regime=true
  watchlist: KEEL, SPCX, INTC, DRAM, SQQQ, NVD, T
[2026-06-24 15:00 ET] L market OPEN | shorts=false trailing=false regime=true
  watchlist: KEEL, SPCX, INTC, DRAM, SQQQ, NVD, T
[2026-06-24 15:05 ET] L market OPEN | shorts=false trailing=false regime=true
  watchlist: KEEL, SPCX, INTC, DRAM, SQQQ, NVD, T
[2026-06-24 15:10 ET] L market OPEN | shorts=false trailing=false regime=true
  watchlist: KEEL, SPCX, INTC, DRAM, SQQQ, NVD, T
[2026-06-24 15:15 ET] L market OPEN | shorts=false trailing=false regime=true
  watchlist: KEEL, SPCX, INTC, DRAM, SQQQ, NVD, T
[2026-06-24 15:20 ET] L market OPEN | shorts=false trailing=false regime=true
  watchlist: KEEL, SPCX, INTC, DRAM, SQQQ, NVD, T
[2026-06-24 15:25 ET] L market OPEN | shorts=false trailing=false regime=true
  watchlist: KEEL, SPCX, INTC, DRAM, SQQQ, NVD, T
[2026-06-24 15:30 ET] L market OPEN | shorts=false trailing=false regime=true
  watchlist: KEEL, SPCX, INTC, DRAM, SQQQ, NVD, T
[2026-06-24 15:35 ET] L market OPEN | shorts=false trailing=false regime=true
  watchlist: KEEL, SPCX, INTC, DRAM, SQQQ, NVD, T
[2026-06-24 15:40 ET] L market OPEN | shorts=false trailing=false regime=true
  watchlist: KEEL, SPCX, INTC, DRAM, SQQQ, NVD, T
[2026-06-24 15:45 ET] L market OPEN | shorts=false trailing=false regime=true
  watchlist: KEEL, SPCX, INTC, DRAM, SQQQ, NVD, T
[2026-06-24 15:50 ET] L market OPEN | shorts=false trailing=false regime=true
  flatten SPCX failed: Alpaca /v2/positions/SPCX 404: {"code":40410000,"message":"position not found: SPCX"}
[2026-06-24 15:55 ET] L market OPEN | shorts=false trailing=false regime=true
  EXIT SPCX (long/exit) 7sh @ 155.30 P/L $-15.86 | day $-169.61
   Telegram alert delivered
[2026-06-24 16:00 ET] L market closed | shorts=false trailing=false regime=true
[2026-06-25 09:30 ET] L market OPEN | shorts=false trailing=false regime=true
  watchlist: KEEL, RKT, ONDS, AAL, BITO, NVD, PFE, IBIT
[2026-06-25 09:35 ET] L market OPEN | shorts=false trailing=false regime=true
  watchlist: KEEL, RKT, ONDS, AAL, BITO, NVD, PFE, IBIT
[2026-06-25 09:40 ET] L market OPEN | shorts=false trailing=false regime=true
  watchlist: KEEL, RKT, ONDS, AAL, BITO, NVD, PFE, IBIT
[2026-06-25 09:45 ET] L market OPEN | shorts=false trailing=false regime=true
  watchlist: KEEL, RKT, ONDS, AAL, BITO, NVD, PFE, IBIT
  regime SPY 734.28 vs VWAP 736.50 -> bear
[2026-06-25 09:50 ET] L market OPEN | shorts=false trailing=false regime=true
  watchlist: KEEL, RKT, ONDS, AAL, BITO, NVD, PFE, IBIT
  regime SPY 732.96 vs VWAP 735.40 -> bear
  ENTER long NVD 147sh @ 5.52 | stop 5.19 tgt6.21 | risk $50 | sec semis
   Telegram alert delivered
[2026-06-25 09:55 ET] L market OPEN | shorts=false trailing=false regime=true
  watchlist: KEEL, RKT, ONDS, AAL, BITO, NVD, PFE, IBIT
  regime SPY 730.62 vs VWAP 734.80 -> bear
[2026-06-25 10:00 ET] L market OPEN | shorts=false trailing=false regime=true
  watchlist: KEEL, RKT, ONDS, AAL, BITO, NVD, PFE, IBIT
  regime SPY 729.88 vs VWAP 733.95 -> bear
[2026-06-25 10:05 ET] L market OPEN | shorts=false trailing=false regime=true
  watchlist: KEEL, RKT, ONDS, AAL, BITO, NVD, PFE, IBIT
  regime SPY 733.25 vs VWAP 733.67 -> bear
[2026-06-25 10:10 ET] L market OPEN | shorts=false trailing=false regime=true
  watchlist: KEEL, RKT, ONDS, AAL, BITO, NVD, PFE, IBIT
  regime SPY 734.84 vs VWAP 733.78 -> bull
[2026-06-25 10:15 ET] L market OPEN | shorts=false trailing=false regime=true
  watchlist: KEEL, RKT, ONDS, AAL, BITO, NVD, PFE, IBIT
  regime SPY 734.12 vs VWAP 733.86 -> bull
[2026-06-25 10:20 ET] L market OPEN | shorts=false trailing=false regime=true
  watchlist: KEEL, RKT, ONDS, AAL, BITO, NVD, PFE, IBIT
  regime SPY 735.53 vs VWAP 733.90 -> bull
[2026-06-25 10:25 ET] L market OPEN | shorts=false trailing=false regime=true
  watchlist: KEEL, RKT, ONDS, AAL, BITO, NVD, PFE, IBIT
  regime SPY 734.98 vs VWAP 733.98 -> bull
[2026-06-25 10:30 ET] L market OPEN | shorts=false trailing=false regime=true
  watchlist: KEEL, RKT, ONDS, AAL, BITO, NVD, PFE, IBIT
  regime SPY 735.41 vs VWAP 734.07 -> bull
[2026-06-25 10:35 ET] L market OPEN | shorts=false trailing=false regime=true
  watchlist: KEEL, RKT, ONDS, AAL, BITO, NVD, PFE, IBIT
  regime SPY 736.33 vs VWAP 734.18 -> bull
  ENTER long AAL 112sh @ 17.83 | stop 17.48 tgt18.51 | risk $39 | sec AAL
   Telegram alert delivered
[2026-06-25 10:40 ET] L market OPEN | shorts=false trailing=false regime=true
  watchlist: KEEL, RKT, ONDS, AAL, BITO, NVD, PFE, IBIT
  regime SPY 736.64 vs VWAP 734.28 -> bull
[2026-06-25 10:45 ET] L market OPEN | shorts=false trailing=false regime=true
  watchlist: KEEL, RKT, ONDS, AAL, BITO, NVD, PFE, IBIT
  regime SPY 735.33 vs VWAP 734.34 -> bull
[2026-06-25 10:50 ET] L market OPEN | shorts=false trailing=false regime=true
  watchlist: KEEL, RKT, ONDS, AAL, BITO, NVD, PFE, IBIT
  regime SPY 736.37 vs VWAP 734.40 -> bull
[2026-06-25 10:55 ET] L market OPEN | shorts=false trailing=false regime=true
  watchlist: KEEL, RKT, ONDS, AAL, BITO, NVD, PFE, IBIT
  regime SPY 737.79 vs VWAP 734.53 -> bull
[2026-06-25 11:00 ET] L market OPEN | shorts=false trailing=false regime=true
  watchlist: KEEL, RKT, ONDS, AAL, BITO, NVD, PFE, IBIT
  regime SPY 735.26 vs VWAP 734.59 -> bull
[2026-06-25 11:05 ET] L market OPEN | shorts=false trailing=false regime=true
  watchlist: KEEL, RKT, ONDS, AAL, BITO, NVD, PFE, IBIT
  regime SPY 736.18 vs VWAP 734.62 -> bull
[2026-06-25 11:10 ET] L market OPEN | shorts=false trailing=false regime=true
  watchlist: KEEL, RKT, ONDS, AAL, BITO, NVD, PFE, IBIT
  regime SPY 734.78 vs VWAP 734.65 -> bull
[2026-06-25 11:15 ET] L market OPEN | shorts=false trailing=false regime=true
  watchlist: KEEL, RKT, ONDS, AAL, BITO, NVD, PFE, IBIT
  regime SPY 732.97 vs VWAP 734.60 -> bear
[2026-06-25 11:20 ET] L market OPEN | shorts=false trailing=false regime=true
  watchlist: KEEL, RKT, ONDS, AAL, BITO, NVD, PFE, IBIT
  regime SPY 733.77 vs VWAP 734.51 -> bear
[2026-06-25 11:25 ET] L market OPEN | shorts=false trailing=false regime=true
  EXIT AAL (long/stop) 112sh @ 17.49 P/L $-38.08 | day $-38.08
   Telegram alert delivered
  watchlist: KEEL, RKT, ONDS, AAL, BITO, NVD, PFE, IBIT
  regime SPY 734.56 vs VWAP 734.50 -> bull
[2026-06-25 11:30 ET] L market OPEN | shorts=false trailing=false regime=true
  watchlist: KEEL, RKT, ONDS, AAL, BITO, NVD, PFE, IBIT
  regime SPY 734.22 vs VWAP 734.49 -> bear
[2026-06-25 11:35 ET] L market OPEN | shorts=false trailing=false regime=true
  watchlist: KEEL, RKT, ONDS, AAL, BITO, NVD, PFE, IBIT
[2026-06-25 11:40 ET] L market OPEN | shorts=false trailing=false regime=true
  watchlist: KEEL, RKT, ONDS, AAL, BITO, NVD, PFE, IBIT
[2026-06-25 11:45 ET] L market OPEN | shorts=false trailing=false regime=true
  watchlist: KEEL, RKT, ONDS, AAL, BITO, NVD, PFE, IBIT
[2026-06-25 11:50 ET] L market OPEN | shorts=false trailing=false regime=true
  watchlist: KEEL, RKT, ONDS, AAL, BITO, NVD, PFE, IBIT
[2026-06-25 11:55 ET] L market OPEN | shorts=false trailing=false regime=true
  watchlist: KEEL, RKT, ONDS, AAL, BITO, NVD, PFE, IBIT
[2026-06-25 12:00 ET] L market OPEN | shorts=false trailing=false regime=true
  watchlist: KEEL, RKT, ONDS, AAL, BITO, NVD, PFE, IBIT
[2026-06-25 12:05 ET] L market OPEN | shorts=false trailing=false regime=true
  watchlist: KEEL, RKT, ONDS, AAL, BITO, NVD, PFE, IBIT
[2026-06-25 12:10 ET] L market OPEN | shorts=false trailing=false regime=true
  watchlist: KEEL, RKT, ONDS, AAL, BITO, NVD, PFE, IBIT
[2026-06-25 12:15 ET] L market OPEN | shorts=false trailing=false regime=true
  watchlist: KEEL, RKT, ONDS, AAL, BITO, NVD, PFE, IBIT
[2026-06-25 12:20 ET] L market OPEN | shorts=false trailing=false regime=true
  watchlist: KEEL, RKT, ONDS, AAL, BITO, NVD, PFE, IBIT
[2026-06-25 12:25 ET] L market OPEN | shorts=false trailing=false regime=true
  watchlist: KEEL, RKT, ONDS, AAL, BITO, NVD, PFE, IBIT
[2026-06-25 12:30 ET] L market OPEN | shorts=false trailing=false regime=true
  watchlist: KEEL, RKT, ONDS, AAL, BITO, NVD, PFE, IBIT
[2026-06-25 12:35 ET] L market OPEN | shorts=false trailing=false regime=true
  watchlist: KEEL, RKT, ONDS, AAL, BITO, NVD, PFE, IBIT
[2026-06-25 12:40 ET] L market OPEN | shorts=false trailing=false regime=true
  watchlist: KEEL, RKT, ONDS, AAL, BITO, NVD, PFE, IBIT
[2026-06-25 12:45 ET] L market OPEN | shorts=false trailing=false regime=true
  watchlist: KEEL, RKT, ONDS, AAL, BITO, NVD, PFE, IBIT
[2026-06-25 12:50 ET] L market OPEN | shorts=false trailing=false regime=true
  watchlist: KEEL, RKT, ONDS, AAL, BITO, NVD, PFE, IBIT
[2026-06-25 12:55 ET] L market OPEN | shorts=false trailing=false regime=true
  watchlist: KEEL, RKT, ONDS, AAL, BITO, NVD, PFE, IBIT
[2026-06-25 13:00 ET] L market OPEN | shorts=false trailing=false regime=true
  watchlist: KEEL, RKT, ONDS, AAL, BITO, NVD, PFE, IBIT
[2026-06-25 13:05 ET] L market OPEN | shorts=false trailing=false regime=true
  watchlist: KEEL, RKT, ONDS, AAL, BITO, NVD, PFE, IBIT
[2026-06-25 13:10 ET] L market OPEN | shorts=false trailing=false regime=true
  watchlist: KEEL, RKT, ONDS, AAL, BITO, NVD, PFE, IBIT
[2026-06-25 13:15 ET] L market OPEN | shorts=false trailing=false regime=true
  watchlist: KEEL, RKT, ONDS, AAL, BITO, NVD, PFE, IBIT
[2026-06-25 13:20 ET] L market OPEN | shorts=false trailing=false regime=true
  watchlist: KEEL, RKT, ONDS, AAL, BITO, NVD, PFE, IBIT
[2026-06-25 13:25 ET] L market OPEN | shorts=false trailing=false regime=true
  watchlist: KEEL, RKT, ONDS, AAL, BITO, NVD, PFE, IBIT
[2026-06-25 13:30 ET] L market OPEN | shorts=false trailing=false regime=true
  watchlist: KEEL, RKT, ONDS, AAL, BITO, NVD, PFE, IBIT
[2026-06-25 13:35 ET] L market OPEN | shorts=false trailing=false regime=true
  watchlist: KEEL, RKT, ONDS, AAL, BITO, NVD, PFE, IBIT
[2026-06-25 13:40 ET] L market OPEN | shorts=false trailing=false regime=true
  watchlist: KEEL, RKT, ONDS, AAL, BITO, NVD, PFE, IBIT
[2026-06-25 13:45 ET] L market OPEN | shorts=false trailing=false regime=true
  watchlist: KEEL, RKT, ONDS, AAL, BITO, NVD, PFE, IBIT
[2026-06-25 13:50 ET] L market OPEN | shorts=false trailing=false regime=true
  watchlist: KEEL, RKT, ONDS, AAL, BITO, NVD, PFE, IBIT
[2026-06-25 13:55 ET] L market OPEN | shorts=false trailing=false regime=true
  watchlist: KEEL, RKT, ONDS, AAL, BITO, NVD, PFE, IBIT
[2026-06-25 14:00 ET] L market OPEN | shorts=false trailing=false regime=true
  watchlist: KEEL, RKT, ONDS, AAL, BITO, NVD, PFE, IBIT
[2026-06-25 14:05 ET] L market OPEN | shorts=false trailing=false regime=true
  watchlist: KEEL, RKT, ONDS, AAL, BITO, NVD, PFE, IBIT
[2026-06-25 14:10 ET] L market OPEN | shorts=false trailing=false regime=true
  watchlist: KEEL, RKT, ONDS, AAL, BITO, NVD, PFE, IBIT
[2026-06-25 14:15 ET] L market OPEN | shorts=false trailing=false regime=true
  watchlist: KEEL, RKT, ONDS, AAL, BITO, NVD, PFE, IBIT
[2026-06-25 14:20 ET] L market OPEN | shorts=false trailing=false regime=true
  watchlist: KEEL, RKT, ONDS, AAL, BITO, NVD, PFE, IBIT
[2026-06-25 14:25 ET] L market OPEN | shorts=false trailing=false regime=true
  watchlist: KEEL, RKT, ONDS, AAL, BITO, NVD, PFE, IBIT
[2026-06-25 14:30 ET] L market OPEN | shorts=false trailing=false regime=true
  watchlist: KEEL, RKT, ONDS, AAL, BITO, NVD, PFE, IBIT
[2026-06-25 14:35 ET] L market OPEN | shorts=false trailing=false regime=true
  watchlist: KEEL, RKT, ONDS, AAL, BITO, NVD, PFE, IBIT
[2026-06-25 14:40 ET] L market OPEN | shorts=false trailing=false regime=true
  watchlist: KEEL, RKT, ONDS, AAL, BITO, NVD, PFE, IBIT
[2026-06-25 14:45 ET] L market OPEN | shorts=false trailing=false regime=true
  watchlist: KEEL, RKT, ONDS, AAL, BITO, NVD, PFE, IBIT
[2026-06-25 14:50 ET] L market OPEN | shorts=false trailing=false regime=true
  watchlist: KEEL, RKT, ONDS, AAL, BITO, NVD, PFE, IBIT
[2026-06-25 14:55 ET] L market OPEN | shorts=false trailing=false regime=true
  watchlist: KEEL, RKT, ONDS, AAL, BITO, NVD, PFE, IBIT
[2026-06-25 15:00 ET] L market OPEN | shorts=false trailing=false regime=true
  watchlist: KEEL, RKT, ONDS, AAL, BITO, NVD, PFE, IBIT
[2026-06-25 15:05 ET] L market OPEN | shorts=false trailing=false regime=true
  watchlist: KEEL, RKT, ONDS, AAL, BITO, NVD, PFE, IBIT
[2026-06-25 15:10 ET] L market OPEN | shorts=false trailing=false regime=true
  watchlist: KEEL, RKT, ONDS, AAL, BITO, NVD, PFE, IBIT
[2026-06-25 15:15 ET] L market OPEN | shorts=false trailing=false regime=true
  watchlist: KEEL, RKT, ONDS, AAL, BITO, NVD, PFE, IBIT
[2026-06-25 15:20 ET] L market OPEN | shorts=false trailing=false regime=true
  watchlist: KEEL, RKT, ONDS, AAL, BITO, NVD, PFE, IBIT
[2026-06-25 15:25 ET] L market OPEN | shorts=false trailing=false regime=true
  watchlist: KEEL, RKT, ONDS, AAL, BITO, NVD, PFE, IBIT
[2026-06-25 15:30 ET] L market OPEN | shorts=false trailing=false regime=true
  watchlist: KEEL, RKT, ONDS, AAL, BITO, NVD, PFE, IBIT
[2026-06-25 15:35 ET] L market OPEN | shorts=false trailing=false regime=true
  watchlist: KEEL, RKT, ONDS, AAL, BITO, NVD, PFE, IBIT
[2026-06-25 15:40 ET] L market OPEN | shorts=false trailing=false regime=true
  watchlist: KEEL, RKT, ONDS, AAL, BITO, NVD, PFE, IBIT
[2026-06-25 15:45 ET] L market OPEN | shorts=false trailing=false regime=true
  watchlist: KEEL, RKT, ONDS, AAL, BITO, NVD, PFE, IBIT
[2026-06-25 15:50 ET] L market OPEN | shorts=false trailing=false regime=true
  flatten NVD: close not confirmed (status no-order) — leaving open, will retry next run.
[2026-06-25 15:55 ET] L market OPEN | shorts=false trailing=false regime=true
  EXIT NVD (long/exit) 147sh @ 5.54 P/L $2.23 | day $-35.85
   Telegram alert delivered
[2026-06-25 16:00 ET] L market closed | shorts=false trailing=false regime=true
[2026-06-26 09:30 ET] L market OPEN | shorts=false trailing=false regime=true
  watchlist: WEN, INTC, SQQQ, DRAM, AAPL, BITO, NVD, IBIT
[2026-06-26 09:35 ET] L market OPEN | shorts=false trailing=false regime=true
  watchlist: WEN, INTC, SQQQ, DRAM, AAPL, BITO, NVD, IBIT
[2026-06-26 09:40 ET] L market OPEN | shorts=false trailing=false regime=true
  watchlist: WEN, INTC, SQQQ, DRAM, AAPL, BITO, NVD, IBIT
[2026-06-26 09:45 ET] L market OPEN | shorts=false trailing=false regime=true
  watchlist: WEN, INTC, SQQQ, DRAM, AAPL, BITO, NVD, IBIT
  regime SPY 729.34 vs VWAP 728.32 -> bull
[2026-06-26 09:50 ET] L market OPEN | shorts=false trailing=false regime=true
  watchlist: WEN, INTC, SQQQ, DRAM, AAPL, BITO, NVD, IBIT
  regime SPY 728.75 vs VWAP 728.43 -> bull
[2026-06-26 09:55 ET] L market OPEN | shorts=false trailing=false regime=true
  watchlist: WEN, INTC, SQQQ, DRAM, AAPL, BITO, NVD, IBIT
  regime SPY 729.27 vs VWAP 728.57 -> bull
  ENTER long BITO 196sh @ 8.13 | stop 7.99 tgt8.38 | risk $32 | sec crypto
   Telegram alert delivered
  ENTER long IBIT 59sh @ 33.83 | stop 33.27 tgt34.90 | risk $32 | sec crypto
   Telegram alert delivered
[2026-06-26 10:00 ET] L market OPEN | shorts=false trailing=false regime=true
  watchlist: WEN, INTC, SQQQ, DRAM, AAPL, BITO, NVD, IBIT
  regime SPY 730.81 vs VWAP 728.90 -> bull
  ENTER long DRAM 25sh @ 73.28 | stop 71.34 tgt77.13 | risk $48 | sec DRAM
   Telegram alert delivered
[2026-06-26 10:05 ET] L market OPEN | shorts=false trailing=false regime=true
  watchlist: WEN, INTC, SQQQ, DRAM, AAPL, BITO, NVD, IBIT
  regime SPY 732.19 vs VWAP 729.41 -> bull
  ENTER long INTC 10sh @ 130.08 | stop 125.60 tgt139.52 | risk $46 | sec semis
   Telegram alert delivered
  max positions (4) reached — no more entries.
[2026-06-26 10:10 ET] L market OPEN | shorts=false trailing=false regime=true
  watchlist: WEN, INTC, SQQQ, DRAM, AAPL, BITO, NVD, IBIT
  regime SPY 732.97 vs VWAP 729.92 -> bull
  max positions (4) reached — no more entries.
[2026-06-26 10:15 ET] L market OPEN | shorts=false trailing=false regime=true
  watchlist: WEN, INTC, SQQQ, DRAM, AAPL, BITO, NVD, IBIT
  regime SPY 733.21 vs VWAP 730.29 -> bull
  max positions (4) reached — no more entries.
[2026-06-26 10:20 ET] L market OPEN | shorts=false trailing=false regime=true
  watchlist: WEN, INTC, SQQQ, DRAM, AAPL, BITO, NVD, IBIT
  regime SPY 732.59 vs VWAP 730.43 -> bull
  max positions (4) reached — no more entries.
[2026-06-26 10:25 ET] L market OPEN | shorts=false trailing=false regime=true
  watchlist: WEN, INTC, SQQQ, DRAM, AAPL, BITO, NVD, IBIT
  regime SPY 733.46 vs VWAP 730.62 -> bull
  max positions (4) reached — no more entries.
[2026-06-26 10:30 ET] L market OPEN | shorts=false trailing=false regime=true
  watchlist: WEN, INTC, SQQQ, DRAM, AAPL, BITO, NVD, IBIT
  regime SPY 733.50 vs VWAP 730.77 -> bull
  max positions (4) reached — no more entries.
[2026-06-26 10:35 ET] L market OPEN | shorts=false trailing=false regime=true
  watchlist: WEN, INTC, SQQQ, DRAM, AAPL, BITO, NVD, IBIT
  regime SPY 733.34 vs VWAP 730.91 -> bull
  max positions (4) reached — no more entries.
[2026-06-26 10:40 ET] L market OPEN | shorts=false trailing=false regime=true
  watchlist: WEN, INTC, SQQQ, DRAM, AAPL, BITO, NVD, IBIT
  regime SPY 732.19 vs VWAP 731.00 -> bull
  max positions (4) reached — no more entries.
[2026-06-26 10:45 ET] L market OPEN | shorts=false trailing=false regime=true
  watchlist: WEN, INTC, SQQQ, DRAM, AAPL, BITO, NVD, IBIT
  regime SPY 732.18 vs VWAP 731.12 -> bull
  max positions (4) reached — no more entries.
[2026-06-26 10:50 ET] L market OPEN | shorts=false trailing=false regime=true
  watchlist: WEN, INTC, SQQQ, DRAM, AAPL, BITO, NVD, IBIT
  regime SPY 732.89 vs VWAP 731.19 -> bull
  max positions (4) reached — no more entries.
[2026-06-26 10:55 ET] L market OPEN | shorts=false trailing=false regime=true
  watchlist: WEN, INTC, SQQQ, DRAM, AAPL, BITO, NVD, IBIT
  regime SPY 732.52 vs VWAP 731.28 -> bull
  max positions (4) reached — no more entries.
[2026-06-26 11:00 ET] L market OPEN | shorts=false trailing=false regime=true
  watchlist: WEN, INTC, SQQQ, DRAM, AAPL, BITO, NVD, IBIT
  regime SPY 732.47 vs VWAP 731.32 -> bull
  max positions (4) reached — no more entries.
[2026-06-26 11:05 ET] L market OPEN | shorts=false trailing=false regime=true
  watchlist: WEN, INTC, SQQQ, DRAM, AAPL, BITO, NVD, IBIT
  regime SPY 732.76 vs VWAP 731.36 -> bull
  max positions (4) reached — no more entries.
[2026-06-26 11:10 ET] L market OPEN | shorts=false trailing=false regime=true
  watchlist: WEN, INTC, SQQQ, DRAM, AAPL, BITO, NVD, IBIT
  regime SPY 733.08 vs VWAP 731.40 -> bull
  max positions (4) reached — no more entries.
[2026-06-26 11:15 ET] L market OPEN | shorts=false trailing=false regime=true
  watchlist: WEN, INTC, SQQQ, DRAM, AAPL, BITO, NVD, IBIT
  regime SPY 732.13 vs VWAP 731.44 -> bull
  max positions (4) reached — no more entries.
[2026-06-26 11:20 ET] L market OPEN | shorts=false trailing=false regime=true
  watchlist: WEN, INTC, SQQQ, DRAM, AAPL, BITO, NVD, IBIT
  regime SPY 733.05 vs VWAP 731.50 -> bull
  max positions (4) reached — no more entries.
[2026-06-26 11:25 ET] L market OPEN | shorts=false trailing=false regime=true
  watchlist: WEN, INTC, SQQQ, DRAM, AAPL, BITO, NVD, IBIT
  regime SPY 733.76 vs VWAP 731.56 -> bull
  max positions (4) reached — no more entries.
[2026-06-26 11:30 ET] L market OPEN | shorts=false trailing=false regime=true
  watchlist: WEN, INTC, SQQQ, DRAM, AAPL, BITO, NVD, IBIT
  regime SPY 734.65 vs VWAP 731.67 -> bull
  max positions (4) reached — no more entries.
[2026-06-26 11:35 ET] L market OPEN | shorts=false trailing=false regime=true
  watchlist: WEN, INTC, SQQQ, DRAM, AAPL, BITO, NVD, IBIT
[2026-06-26 11:40 ET] L market OPEN | shorts=false trailing=false regime=true
  watchlist: WEN, INTC, SQQQ, DRAM, AAPL, BITO, NVD, IBIT
[2026-06-26 11:45 ET] L market OPEN | shorts=false trailing=false regime=true
  watchlist: WEN, INTC, SQQQ, DRAM, AAPL, BITO, NVD, IBIT
[2026-06-26 11:50 ET] L market OPEN | shorts=false trailing=false regime=true
  watchlist: WEN, INTC, SQQQ, DRAM, AAPL, BITO, NVD, IBIT
[2026-06-26 11:55 ET] L market OPEN | shorts=false trailing=false regime=true
  watchlist: WEN, INTC, SQQQ, DRAM, AAPL, BITO, NVD, IBIT
[2026-06-26 12:00 ET] L market OPEN | shorts=false trailing=false regime=true
  watchlist: WEN, INTC, SQQQ, DRAM, AAPL, BITO, NVD, IBIT
[2026-06-26 12:05 ET] L market OPEN | shorts=false trailing=false regime=true
  watchlist: WEN, INTC, SQQQ, DRAM, AAPL, BITO, NVD, IBIT
[2026-06-26 12:10 ET] L market OPEN | shorts=false trailing=false regime=true
  watchlist: WEN, INTC, SQQQ, DRAM, AAPL, BITO, NVD, IBIT
[2026-06-26 12:15 ET] L market OPEN | shorts=false trailing=false regime=true
  watchlist: WEN, INTC, SQQQ, DRAM, AAPL, BITO, NVD, IBIT
[2026-06-26 12:20 ET] L market OPEN | shorts=false trailing=false regime=true
  watchlist: WEN, INTC, SQQQ, DRAM, AAPL, BITO, NVD, IBIT
[2026-06-26 12:25 ET] L market OPEN | shorts=false trailing=false regime=true
  watchlist: WEN, INTC, SQQQ, DRAM, AAPL, BITO, NVD, IBIT
[2026-06-26 12:30 ET] L market OPEN | shorts=false trailing=false regime=true
  watchlist: WEN, INTC, SQQQ, DRAM, AAPL, BITO, NVD, IBIT
[2026-06-26 12:35 ET] L market OPEN | shorts=false trailing=false regime=true
  watchlist: WEN, INTC, SQQQ, DRAM, AAPL, BITO, NVD, IBIT
[2026-06-26 12:40 ET] L market OPEN | shorts=false trailing=false regime=true
  watchlist: WEN, INTC, SQQQ, DRAM, AAPL, BITO, NVD, IBIT
[2026-06-26 12:45 ET] L market OPEN | shorts=false trailing=false regime=true
  watchlist: WEN, INTC, SQQQ, DRAM, AAPL, BITO, NVD, IBIT
[2026-06-26 12:50 ET] L market OPEN | shorts=false trailing=false regime=true
  watchlist: WEN, INTC, SQQQ, DRAM, AAPL, BITO, NVD, IBIT
[2026-06-26 12:55 ET] L market OPEN | shorts=false trailing=false regime=true
  watchlist: WEN, INTC, SQQQ, DRAM, AAPL, BITO, NVD, IBIT
[2026-06-26 13:00 ET] L market OPEN | shorts=false trailing=false regime=true
  watchlist: WEN, INTC, SQQQ, DRAM, AAPL, BITO, NVD, IBIT
[2026-06-26 13:05 ET] L market OPEN | shorts=false trailing=false regime=true
  watchlist: WEN, INTC, SQQQ, DRAM, AAPL, BITO, NVD, IBIT
[2026-06-26 13:10 ET] L market OPEN | shorts=false trailing=false regime=true
  watchlist: WEN, INTC, SQQQ, DRAM, AAPL, BITO, NVD, IBIT
[2026-06-26 13:15 ET] L market OPEN | shorts=false trailing=false regime=true
  watchlist: WEN, INTC, SQQQ, DRAM, AAPL, BITO, NVD, IBIT
[2026-06-26 13:20 ET] L market OPEN | shorts=false trailing=false regime=true
  watchlist: WEN, INTC, SQQQ, DRAM, AAPL, BITO, NVD, IBIT
[2026-06-26 13:25 ET] L market OPEN | shorts=false trailing=false regime=true
  watchlist: WEN, INTC, SQQQ, DRAM, AAPL, BITO, NVD, IBIT
[2026-06-26 13:30 ET] L market OPEN | shorts=false trailing=false regime=true
  watchlist: WEN, INTC, SQQQ, DRAM, AAPL, BITO, NVD, IBIT
[2026-06-26 13:35 ET] L market OPEN | shorts=false trailing=false regime=true
  watchlist: WEN, INTC, SQQQ, DRAM, AAPL, BITO, NVD, IBIT
[2026-06-26 13:40 ET] L market OPEN | shorts=false trailing=false regime=true
  watchlist: WEN, INTC, SQQQ, DRAM, AAPL, BITO, NVD, IBIT
[2026-06-26 13:45 ET] L market OPEN | shorts=false trailing=false regime=true
  watchlist: WEN, INTC, SQQQ, DRAM, AAPL, BITO, NVD, IBIT
[2026-06-26 13:50 ET] L market OPEN | shorts=false trailing=false regime=true
  watchlist: WEN, INTC, SQQQ, DRAM, AAPL, BITO, NVD, IBIT
[2026-06-26 13:55 ET] L market OPEN | shorts=false trailing=false regime=true
  watchlist: WEN, INTC, SQQQ, DRAM, AAPL, BITO, NVD, IBIT
[2026-06-26 14:00 ET] L market OPEN | shorts=false trailing=false regime=true
  watchlist: WEN, INTC, SQQQ, DRAM, AAPL, BITO, NVD, IBIT
[2026-06-26 14:05 ET] L market OPEN | shorts=false trailing=false regime=true
  watchlist: WEN, INTC, SQQQ, DRAM, AAPL, BITO, NVD, IBIT
[2026-06-26 14:10 ET] L market OPEN | shorts=false trailing=false regime=true
  watchlist: WEN, INTC, SQQQ, DRAM, AAPL, BITO, NVD, IBIT
[2026-06-26 14:15 ET] L market OPEN | shorts=false trailing=false regime=true
  watchlist: WEN, INTC, SQQQ, DRAM, AAPL, BITO, NVD, IBIT
[2026-06-26 14:20 ET] L market OPEN | shorts=false trailing=false regime=true
  watchlist: WEN, INTC, SQQQ, DRAM, AAPL, BITO, NVD, IBIT
[2026-06-26 14:25 ET] L market OPEN | shorts=false trailing=false regime=true
  watchlist: WEN, INTC, SQQQ, DRAM, AAPL, BITO, NVD, IBIT
[2026-06-26 14:30 ET] L market OPEN | shorts=false trailing=false regime=true
  watchlist: WEN, INTC, SQQQ, DRAM, AAPL, BITO, NVD, IBIT
[2026-06-26 14:35 ET] L market OPEN | shorts=false trailing=false regime=true
  watchlist: WEN, INTC, SQQQ, DRAM, AAPL, BITO, NVD, IBIT
[2026-06-26 14:40 ET] L market OPEN | shorts=false trailing=false regime=true
  watchlist: WEN, INTC, SQQQ, DRAM, AAPL, BITO, NVD, IBIT
[2026-06-26 14:45 ET] L market OPEN | shorts=false trailing=false regime=true
  watchlist: WEN, INTC, SQQQ, DRAM, AAPL, BITO, NVD, IBIT
[2026-06-26 14:50 ET] L market OPEN | shorts=false trailing=false regime=true
  watchlist: WEN, INTC, SQQQ, DRAM, AAPL, BITO, NVD, IBIT
[2026-06-26 14:55 ET] L market OPEN | shorts=false trailing=false regime=true
  watchlist: WEN, INTC, SQQQ, DRAM, AAPL, BITO, NVD, IBIT
[2026-06-26 15:00 ET] L market OPEN | shorts=false trailing=false regime=true
  watchlist: WEN, INTC, SQQQ, DRAM, AAPL, BITO, NVD, IBIT
[2026-06-26 15:05 ET] L market OPEN | shorts=false trailing=false regime=true
  watchlist: WEN, INTC, SQQQ, DRAM, AAPL, BITO, NVD, IBIT
[2026-06-26 15:10 ET] L market OPEN | shorts=false trailing=false regime=true
  watchlist: WEN, INTC, SQQQ, DRAM, AAPL, BITO, NVD, IBIT
[2026-06-26 15:15 ET] L market OPEN | shorts=false trailing=false regime=true
  watchlist: WEN, INTC, SQQQ, DRAM, AAPL, BITO, NVD, IBIT
[2026-06-26 15:20 ET] L market OPEN | shorts=false trailing=false regime=true
  watchlist: WEN, INTC, SQQQ, DRAM, AAPL, BITO, NVD, IBIT
[2026-06-26 15:25 ET] L market OPEN | shorts=false trailing=false regime=true
  watchlist: WEN, INTC, SQQQ, DRAM, AAPL, BITO, NVD, IBIT
[2026-06-26 15:30 ET] L market OPEN | shorts=false trailing=false regime=true
  watchlist: WEN, INTC, SQQQ, DRAM, AAPL, BITO, NVD, IBIT
[2026-06-26 15:35 ET] L market OPEN | shorts=false trailing=false regime=true
  watchlist: WEN, INTC, SQQQ, DRAM, AAPL, BITO, NVD, IBIT
[2026-06-26 15:40 ET] L market OPEN | shorts=false trailing=false regime=true
  watchlist: WEN, INTC, SQQQ, DRAM, AAPL, BITO, NVD, IBIT
[2026-06-26 15:45 ET] L market OPEN | shorts=false trailing=false regime=true
  watchlist: WEN, INTC, SQQQ, DRAM, AAPL, BITO, NVD, IBIT
[2026-06-26 15:50 ET] L market OPEN | shorts=false trailing=false regime=true
  flatten BITO: close not confirmed (status no-order) — leaving open, will retry next run.
  flatten DRAM: close not confirmed (status no-order) — leaving open, will retry next run.
  flatten IBIT: close not confirmed (status no-order) — leaving open, will retry next run.
  flatten INTC failed: Alpaca /v2/positions/INTC 404: {"code":40410000,"message":"position not found: INTC"}
[2026-06-26 15:55 ET] L market OPEN | shorts=false trailing=false regime=true
  EXIT BITO (long/exit) 196sh @ 8.12 P/L $-1.96 | day $-1.96
   Telegram alert delivered
  EXIT IBIT (long/exit-partial) 18sh @ 33.83 P/L $0.00 | day $-1.96
   Telegram alert delivered
  EXIT DRAM (long/exit-partial) 7sh @ 73.28 P/L $0.00 | day $-1.96
   Telegram alert delivered
  EXIT INTC (long/exit) 10sh @ 128.13 P/L $-19.42 | day $-21.38
   Telegram alert delivered
  flatten DRAM: close not confirmed (status no-order) — leaving open, will retry next run.
  flatten IBIT: close not confirmed (status no-order) — leaving open, will retry next run.
[2026-06-26 16:00 ET] L market closed | shorts=false trailing=false regime=true
  EXIT DRAM (long/exit) 18sh @ 72.14 P/L $-20.61 | day $-41.99
   Telegram alert delivered
  flatten IBIT: close not confirmed (status no-order) — leaving open, will retry next run.
[2026-06-29 09:30 ET] L market OPEN | shorts=false trailing=false regime=true
  watchlist: WEN, KEEL, NWL, NOK, MSFT, NVD, NFLX, TQQQ
[2026-06-29 09:35 ET] L market OPEN | shorts=false trailing=false regime=true
  watchlist: WEN, KEEL, NWL, NOK, MSFT, NVD, NFLX, TQQQ
[2026-06-29 09:40 ET] L market OPEN | shorts=false trailing=false regime=true
  watchlist: WEN, KEEL, NWL, NOK, MSFT, NVD, NFLX, TQQQ
[2026-06-29 09:45 ET] L market OPEN | shorts=false trailing=false regime=true
  watchlist: WEN, KEEL, NWL, NOK, MSFT, NVD, NFLX, TQQQ
  regime SPY 738.59 vs VWAP 737.87 -> bull
[2026-06-29 09:50 ET] L market OPEN | shorts=false trailing=false regime=true
  watchlist: WEN, KEEL, NWL, NOK, MSFT, NVD, NFLX, TQQQ
  regime SPY 739.31 vs VWAP 738.35 -> bull
  ENTER long WEN 147sh @ 7.67 | stop 7.41 tgt8.43 | risk $50 | sec WEN
   Telegram alert delivered
  ENTER long NFLX 26sh @ 75.41 | stop 74.09 tgt78.13 | risk $35 | sec NFLX
   Telegram alert delivered
[2026-06-29 09:55 ET] L market OPEN | shorts=false trailing=false regime=true
  watchlist: WEN, KEEL, NWL, NOK, MSFT, NVD, NFLX, TQQQ
  regime SPY 738.91 vs VWAP 738.45 -> bull
[2026-06-29 10:00 ET] L market OPEN | shorts=false trailing=false regime=true
  watchlist: WEN, KEEL, NWL, NOK, MSFT, NVD, NFLX, TQQQ
  regime SPY 736.83 vs VWAP 738.21 -> bear
[2026-06-29 10:05 ET] L market OPEN | shorts=false trailing=false regime=true
  watchlist: WEN, KEEL, NWL, NOK, MSFT, NVD, NFLX, TQQQ
  regime SPY 736.06 vs VWAP 737.91 -> bear
[2026-06-29 10:10 ET] L market OPEN | shorts=false trailing=false regime=true
  watchlist: WEN, KEEL, NWL, NOK, MSFT, NVD, NFLX, TQQQ
  regime SPY 735.11 vs VWAP 737.56 -> bear
[2026-06-29 10:15 ET] L market OPEN | shorts=false trailing=false regime=true
  watchlist: WEN, KEEL, NWL, NOK, MSFT, NVD, NFLX, TQQQ
  regime SPY 733.13 vs VWAP 737.09 -> bear
  ENTER long NVD 208sh @ 5.74 | stop 5.47 tgt6.19 | risk $50 | sec semis
   Telegram alert delivered
  max positions (4) reached — no more entries.
[2026-06-29 10:20 ET] L market OPEN | shorts=false trailing=false regime=true
  watchlist: WEN, KEEL, NWL, NOK, MSFT, NVD, NFLX, TQQQ
  regime SPY 733.17 vs VWAP 736.51 -> bear
  max positions (4) reached — no more entries.
[2026-06-29 10:25 ET] L market OPEN | shorts=false trailing=false regime=true
  watchlist: WEN, KEEL, NWL, NOK, MSFT, NVD, NFLX, TQQQ
  regime SPY 733.75 vs VWAP 736.25 -> bear
  max positions (4) reached — no more entries.
[2026-06-29 10:30 ET] L market OPEN | shorts=false trailing=false regime=true
  watchlist: WEN, KEEL, NWL, NOK, MSFT, NVD, NFLX, TQQQ
  regime SPY 736.06 vs VWAP 736.14 -> bear
  max positions (4) reached — no more entries.
[2026-06-29 10:35 ET] L market OPEN | shorts=false trailing=false regime=true
  watchlist: WEN, KEEL, NWL, NOK, MSFT, NVD, NFLX, TQQQ
  regime SPY 737.36 vs VWAP 736.19 -> bull
  max positions (4) reached — no more entries.
[2026-06-29 10:40 ET] L market OPEN | shorts=false trailing=false regime=true
  watchlist: WEN, KEEL, NWL, NOK, MSFT, NVD, NFLX, TQQQ
  regime SPY 737.10 vs VWAP 736.25 -> bull
  max positions (4) reached — no more entries.
[2026-06-29 10:45 ET] L market OPEN | shorts=false trailing=false regime=true
  watchlist: WEN, KEEL, NWL, NOK, MSFT, NVD, NFLX, TQQQ
  regime SPY 737.17 vs VWAP 736.29 -> bull
  max positions (4) reached — no more entries.
[2026-06-29 10:50 ET] L market OPEN | shorts=false trailing=false regime=true
  watchlist: WEN, KEEL, NWL, NOK, MSFT, NVD, NFLX, TQQQ
  regime SPY 735.96 vs VWAP 736.29 -> bear
  max positions (4) reached — no more entries.
[2026-06-29 10:55 ET] L market OPEN | shorts=false trailing=false regime=true
  watchlist: WEN, KEEL, NWL, NOK, MSFT, NVD, NFLX, TQQQ
  regime SPY 737.95 vs VWAP 736.34 -> bull
  max positions (4) reached — no more entries.
[2026-06-29 11:00 ET] L market OPEN | shorts=false trailing=false regime=true
  watchlist: WEN, KEEL, NWL, NOK, MSFT, NVD, NFLX, TQQQ
  regime SPY 737.80 vs VWAP 736.40 -> bull
  max positions (4) reached — no more entries.
[2026-06-29 11:05 ET] L market OPEN | shorts=false trailing=false regime=true
  watchlist: WEN, KEEL, NWL, NOK, MSFT, NVD, NFLX, TQQQ
  regime SPY 737.38 vs VWAP 736.46 -> bull
  max positions (4) reached — no more entries.
[2026-06-29 11:10 ET] L market OPEN | shorts=false trailing=false regime=true
  watchlist: WEN, KEEL, NWL, NOK, MSFT, NVD, NFLX, TQQQ
  regime SPY 737.17 vs VWAP 736.48 -> bull
  max positions (4) reached — no more entries.
[2026-06-29 11:15 ET] L market OPEN | shorts=false trailing=false regime=true
  watchlist: WEN, KEEL, NWL, NOK, MSFT, NVD, NFLX, TQQQ
  regime SPY 736.99 vs VWAP 736.49 -> bull
  max positions (4) reached — no more entries.
[2026-06-29 11:20 ET] L market OPEN | shorts=false trailing=false regime=true
  watchlist: WEN, KEEL, NWL, NOK, MSFT, NVD, NFLX, TQQQ
  regime SPY 737.26 vs VWAP 736.52 -> bull
  max positions (4) reached — no more entries.
[2026-06-29 11:25 ET] L market OPEN | shorts=false trailing=false regime=true
  watchlist: WEN, KEEL, NWL, NOK, MSFT, NVD, NFLX, TQQQ
  regime SPY 736.71 vs VWAP 736.53 -> bull
  max positions (4) reached — no more entries.
[2026-06-29 11:30 ET] L market OPEN | shorts=false trailing=false regime=true
  watchlist: WEN, KEEL, NWL, NOK, MSFT, NVD, NFLX, TQQQ
  regime SPY 737.76 vs VWAP 736.55 -> bull
  max positions (4) reached — no more entries.
[2026-06-29 11:35 ET] L market OPEN | shorts=false trailing=false regime=true
  watchlist: WEN, KEEL, NWL, NOK, MSFT, NVD, NFLX, TQQQ
[2026-06-29 11:40 ET] L market OPEN | shorts=false trailing=false regime=true
  watchlist: WEN, KEEL, NWL, NOK, MSFT, NVD, NFLX, TQQQ
[2026-06-29 11:45 ET] L market OPEN | shorts=false trailing=false regime=true
  watchlist: WEN, KEEL, NWL, NOK, MSFT, NVD, NFLX, TQQQ
[2026-06-29 11:50 ET] L market OPEN | shorts=false trailing=false regime=true
  watchlist: WEN, KEEL, NWL, NOK, MSFT, NVD, NFLX, TQQQ
[2026-06-29 11:55 ET] L market OPEN | shorts=false trailing=false regime=true
  watchlist: WEN, KEEL, NWL, NOK, MSFT, NVD, NFLX, TQQQ
[2026-06-29 12:00 ET] L market OPEN | shorts=false trailing=false regime=true
  watchlist: WEN, KEEL, NWL, NOK, MSFT, NVD, NFLX, TQQQ
[2026-06-29 12:05 ET] L market OPEN | shorts=false trailing=false regime=true
  watchlist: WEN, KEEL, NWL, NOK, MSFT, NVD, NFLX, TQQQ
[2026-06-29 12:10 ET] L market OPEN | shorts=false trailing=false regime=true
  watchlist: WEN, KEEL, NWL, NOK, MSFT, NVD, NFLX, TQQQ
[2026-06-29 12:15 ET] L market OPEN | shorts=false trailing=false regime=true
  watchlist: WEN, KEEL, NWL, NOK, MSFT, NVD, NFLX, TQQQ
[2026-06-29 12:20 ET] L market OPEN | shorts=false trailing=false regime=true
  watchlist: WEN, KEEL, NWL, NOK, MSFT, NVD, NFLX, TQQQ
[2026-06-29 12:25 ET] L market OPEN | shorts=false trailing=false regime=true
  watchlist: WEN, KEEL, NWL, NOK, MSFT, NVD, NFLX, TQQQ
[2026-06-29 12:30 ET] L market OPEN | shorts=false trailing=false regime=true
  watchlist: WEN, KEEL, NWL, NOK, MSFT, NVD, NFLX, TQQQ
[2026-06-29 12:35 ET] L market OPEN | shorts=false trailing=false regime=true
  watchlist: WEN, KEEL, NWL, NOK, MSFT, NVD, NFLX, TQQQ
[2026-06-29 12:40 ET] L market OPEN | shorts=false trailing=false regime=true
  watchlist: WEN, KEEL, NWL, NOK, MSFT, NVD, NFLX, TQQQ
[2026-06-29 12:45 ET] L market OPEN | shorts=false trailing=false regime=true
  watchlist: WEN, KEEL, NWL, NOK, MSFT, NVD, NFLX, TQQQ
[2026-06-29 12:50 ET] L market OPEN | shorts=false trailing=false regime=true
  watchlist: WEN, KEEL, NWL, NOK, MSFT, NVD, NFLX, TQQQ
[2026-06-29 12:55 ET] L market OPEN | shorts=false trailing=false regime=true
  watchlist: WEN, KEEL, NWL, NOK, MSFT, NVD, NFLX, TQQQ
[2026-06-29 13:00 ET] L market OPEN | shorts=false trailing=false regime=true
  watchlist: WEN, KEEL, NWL, NOK, MSFT, NVD, NFLX, TQQQ
[2026-06-29 13:05 ET] L market OPEN | shorts=false trailing=false regime=true
  watchlist: WEN, KEEL, NWL, NOK, MSFT, NVD, NFLX, TQQQ
[2026-06-29 13:10 ET] L market OPEN | shorts=false trailing=false regime=true
  watchlist: WEN, KEEL, NWL, NOK, MSFT, NVD, NFLX, TQQQ
[2026-06-29 13:15 ET] L market OPEN | shorts=false trailing=false regime=true
  watchlist: WEN, KEEL, NWL, NOK, MSFT, NVD, NFLX, TQQQ
[2026-06-29 13:20 ET] L market OPEN | shorts=false trailing=false regime=true
  watchlist: WEN, KEEL, NWL, NOK, MSFT, NVD, NFLX, TQQQ
[2026-06-29 13:25 ET] L market OPEN | shorts=false trailing=false regime=true
  watchlist: WEN, KEEL, NWL, NOK, MSFT, NVD, NFLX, TQQQ
[2026-06-29 13:30 ET] L market OPEN | shorts=false trailing=false regime=true
  watchlist: WEN, KEEL, NWL, NOK, MSFT, NVD, NFLX, TQQQ
[2026-06-29 13:35 ET] L market OPEN | shorts=false trailing=false regime=true
  watchlist: WEN, KEEL, NWL, NOK, MSFT, NVD, NFLX, TQQQ
[2026-06-29 13:40 ET] L market OPEN | shorts=false trailing=false regime=true
  watchlist: WEN, KEEL, NWL, NOK, MSFT, NVD, NFLX, TQQQ
[2026-06-29 13:45 ET] L market OPEN | shorts=false trailing=false regime=true
  watchlist: WEN, KEEL, NWL, NOK, MSFT, NVD, NFLX, TQQQ
[2026-06-29 13:50 ET] L market OPEN | shorts=false trailing=false regime=true
  watchlist: WEN, KEEL, NWL, NOK, MSFT, NVD, NFLX, TQQQ
[2026-06-29 13:55 ET] L market OPEN | shorts=false trailing=false regime=true
  watchlist: WEN, KEEL, NWL, NOK, MSFT, NVD, NFLX, TQQQ
[2026-06-29 14:00 ET] L market OPEN | shorts=false trailing=false regime=true
  watchlist: WEN, KEEL, NWL, NOK, MSFT, NVD, NFLX, TQQQ
[2026-06-29 14:05 ET] L market OPEN | shorts=false trailing=false regime=true
  watchlist: WEN, KEEL, NWL, NOK, MSFT, NVD, NFLX, TQQQ
[2026-06-29 14:10 ET] L market OPEN | shorts=false trailing=false regime=true
  EXIT NFLX (long/stop) 26sh @ 74.08 P/L $-34.78 | day $-34.78
   Telegram alert delivered
  watchlist: WEN, KEEL, NWL, NOK, MSFT, NVD, NFLX, TQQQ
[2026-06-29 14:15 ET] L market OPEN | shorts=false trailing=false regime=true
  watchlist: WEN, KEEL, NWL, NOK, MSFT, NVD, NFLX, TQQQ
[2026-06-29 14:20 ET] L market OPEN | shorts=false trailing=false regime=true
  watchlist: WEN, KEEL, NWL, NOK, MSFT, NVD, NFLX, TQQQ
[2026-06-29 14:25 ET] L market OPEN | shorts=false trailing=false regime=true
  watchlist: WEN, KEEL, NWL, NOK, MSFT, NVD, NFLX, TQQQ
[2026-06-29 14:30 ET] L market OPEN | shorts=false trailing=false regime=true
  watchlist: WEN, KEEL, NWL, NOK, MSFT, NVD, NFLX, TQQQ
[2026-06-29 14:35 ET] L market OPEN | shorts=false trailing=false regime=true
  watchlist: WEN, KEEL, NWL, NOK, MSFT, NVD, NFLX, TQQQ
[2026-06-29 14:40 ET] L market OPEN | shorts=false trailing=false regime=true
  watchlist: WEN, KEEL, NWL, NOK, MSFT, NVD, NFLX, TQQQ
[2026-06-29 14:45 ET] L market OPEN | shorts=false trailing=false regime=true
  watchlist: WEN, KEEL, NWL, NOK, MSFT, NVD, NFLX, TQQQ
[2026-06-29 14:50 ET] L market OPEN | shorts=false trailing=false regime=true
  watchlist: WEN, KEEL, NWL, NOK, MSFT, NVD, NFLX, TQQQ
[2026-06-29 14:55 ET] L market OPEN | shorts=false trailing=false regime=true
  watchlist: WEN, KEEL, NWL, NOK, MSFT, NVD, NFLX, TQQQ
[2026-06-29 15:00 ET] L market OPEN | shorts=false trailing=false regime=true
  watchlist: WEN, KEEL, NWL, NOK, MSFT, NVD, NFLX, TQQQ
[2026-06-29 15:05 ET] L market OPEN | shorts=false trailing=false regime=true
  watchlist: WEN, KEEL, NWL, NOK, MSFT, NVD, NFLX, TQQQ
[2026-06-29 15:10 ET] L market OPEN | shorts=false trailing=false regime=true
  watchlist: WEN, KEEL, NWL, NOK, MSFT, NVD, NFLX, TQQQ
[2026-06-29 15:15 ET] L market OPEN | shorts=false trailing=false regime=true
  watchlist: WEN, KEEL, NWL, NOK, MSFT, NVD, NFLX, TQQQ
[2026-06-29 15:20 ET] L market OPEN | shorts=false trailing=false regime=true
  watchlist: WEN, KEEL, NWL, NOK, MSFT, NVD, NFLX, TQQQ
[2026-06-29 15:25 ET] L market OPEN | shorts=false trailing=false regime=true
  watchlist: WEN, KEEL, NWL, NOK, MSFT, NVD, NFLX, TQQQ
[2026-06-29 15:30 ET] L market OPEN | shorts=false trailing=false regime=true
  watchlist: WEN, KEEL, NWL, NOK, MSFT, NVD, NFLX, TQQQ
[2026-06-29 15:35 ET] L market OPEN | shorts=false trailing=false regime=true
  watchlist: WEN, KEEL, NWL, NOK, MSFT, NVD, NFLX, TQQQ
[2026-06-29 15:40 ET] L market OPEN | shorts=false trailing=false regime=true
  watchlist: WEN, KEEL, NWL, NOK, MSFT, NVD, NFLX, TQQQ
[2026-06-29 15:45 ET] L market OPEN | shorts=false trailing=false regime=true
  watchlist: WEN, KEEL, NWL, NOK, MSFT, NVD, NFLX, TQQQ
[2026-06-29 15:50 ET] L market OPEN | shorts=false trailing=false regime=true
  EOD flatten IBIT 41sh @ 34.18 P/L $16.20 | day $-18.59
   Telegram alert delivered
  flatten NVD: close not confirmed (status no-order) — leaving open, will retry next run.
  flatten WEN: close not confirmed (status no-order) — leaving open, will retry next run.
[2026-06-29 15:55 ET] L market OPEN | shorts=false trailing=false regime=true
  EXIT WEN (long/exit-partial) 146sh @ 7.67 P/L $0.00 | day $-18.59
   Telegram alert delivered
  EXIT NVD (long/exit-partial) 186sh @ 5.74 P/L $0.00 | day $-18.59
   Telegram alert delivered
  flatten NVD: close not confirmed (status no-order) — leaving open, will retry next run.
  flatten WEN: close not confirmed (status no-order) — leaving open, will retry next run.
[2026-06-29 16:00 ET] L market closed | shorts=false trailing=false regime=true
  EXIT WEN (long/exit) 1sh @ 8.23 P/L $0.56 | day $-18.03
   Telegram alert delivered
  EXIT NVD (long/exit) 22sh @ 5.48 P/L $-5.72 | day $-23.75
   Telegram alert delivered
[2026-06-30 09:30 ET] L market OPEN | shorts=false trailing=false regime=true
  watchlist: SMCI, CMCSA, INTC, TSLA, TQQQ, NVD, T
[2026-06-30 09:35 ET] L market OPEN | shorts=false trailing=false regime=true
  watchlist: SMCI, CMCSA, INTC, TSLA, TQQQ, NVD, T
[2026-06-30 09:40 ET] L market OPEN | shorts=false trailing=false regime=true
  watchlist: SMCI, CMCSA, INTC, TSLA, TQQQ, NVD, T
[2026-06-30 09:45 ET] L market OPEN | shorts=false trailing=false regime=true
  watchlist: SMCI, CMCSA, INTC, TSLA, TQQQ, NVD, T
  regime SPY 741.91 vs VWAP 741.60 -> bull
[2026-06-30 09:50 ET] L market OPEN | shorts=false trailing=false regime=true
  watchlist: SMCI, CMCSA, INTC, TSLA, TQQQ, NVD, T
  regime SPY 742.09 vs VWAP 741.65 -> bull
  ENTER long SMCI 68sh @ 28.79 | stop 28.18 tgt30.37 | risk $50 | sec SMCI
   Telegram alert delivered
[2026-06-30 09:55 ET] L market OPEN | shorts=false trailing=false regime=true
  watchlist: SMCI, CMCSA, INTC, TSLA, TQQQ, NVD, T
  regime SPY 743.16 vs VWAP 741.97 -> bull
  ENTER long INTC 11sh @ 136.10 | stop 131.60 tgt144.22 | risk $46 | sec semis
   Telegram alert delivered
  ENTER long TQQQ 23sh @ 79.32 | stop 77.18 tgt83.06 | risk $49 | sec index
   Telegram alert delivered
[2026-06-30 10:00 ET] L market OPEN | shorts=false trailing=false regime=true
  watchlist: SMCI, CMCSA, INTC, TSLA, TQQQ, NVD, T
  regime SPY 743.88 vs VWAP 742.25 -> bull
[2026-06-30 10:05 ET] L market OPEN | shorts=false trailing=false regime=true
  watchlist: SMCI, CMCSA, INTC, TSLA, TQQQ, NVD, T
  regime SPY 744.35 vs VWAP 742.37 -> bull
  TSLA: notional cap shrinks risk to $25 (< 50% of $50) — skip.
[2026-06-30 10:10 ET] L market OPEN | shorts=false trailing=false regime=true
  watchlist: SMCI, CMCSA, INTC, TSLA, TQQQ, NVD, T
  regime SPY 743.54 vs VWAP 742.46 -> bull
  ENTER long TSLA 4sh @ 414.07 | stop 406.39 tgt430.11 | risk $32 | sec tsla
   Telegram alert delivered
  max positions (4) reached — no more entries.
[2026-06-30 10:15 ET] L market OPEN | shorts=false trailing=false regime=true
  watchlist: SMCI, CMCSA, INTC, TSLA, TQQQ, NVD, T
  regime SPY 743.59 vs VWAP 742.53 -> bull
  max positions (4) reached — no more entries.
[2026-06-30 10:20 ET] L market OPEN | shorts=false trailing=false regime=true
  watchlist: SMCI, CMCSA, INTC, TSLA, TQQQ, NVD, T
  regime SPY 743.55 vs VWAP 742.57 -> bull
  max positions (4) reached — no more entries.
[2026-06-30 10:25 ET] L market OPEN | shorts=false trailing=false regime=true
  watchlist: SMCI, CMCSA, INTC, TSLA, TQQQ, NVD, T
  regime SPY 744.43 vs VWAP 742.62 -> bull
  max positions (4) reached — no more entries.
[2026-06-30 10:30 ET] L market OPEN | shorts=false trailing=false regime=true
  watchlist: SMCI, CMCSA, INTC, TSLA, TQQQ, NVD, T
  regime SPY 744.45 vs VWAP 742.68 -> bull
  max positions (4) reached — no more entries.
[2026-06-30 10:35 ET] L market OPEN | shorts=false trailing=false regime=true
  watchlist: SMCI, CMCSA, INTC, TSLA, TQQQ, NVD, T
  regime SPY 745.06 vs VWAP 742.77 -> bull
  max positions (4) reached — no more entries.
[2026-06-30 10:40 ET] L market OPEN | shorts=false trailing=false regime=true
  watchlist: SMCI, CMCSA, INTC, TSLA, TQQQ, NVD, T
  regime SPY 744.58 vs VWAP 742.87 -> bull
  max positions (4) reached — no more entries.
[2026-06-30 10:45 ET] L market OPEN | shorts=false trailing=false regime=true
  watchlist: SMCI, CMCSA, INTC, TSLA, TQQQ, NVD, T
  regime SPY 744.46 vs VWAP 742.92 -> bull
  max positions (4) reached — no more entries.
[2026-06-30 10:50 ET] L market OPEN | shorts=false trailing=false regime=true
  watchlist: SMCI, CMCSA, INTC, TSLA, TQQQ, NVD, T
  regime SPY 743.94 vs VWAP 742.98 -> bull
  max positions (4) reached — no more entries.
[2026-06-30 10:55 ET] L market OPEN | shorts=false trailing=false regime=true
  watchlist: SMCI, CMCSA, INTC, TSLA, TQQQ, NVD, T
  regime SPY 743.37 vs VWAP 743.01 -> bull
  max positions (4) reached — no more entries.
[2026-06-30 11:00 ET] L market OPEN | shorts=false trailing=false regime=true
  watchlist: SMCI, CMCSA, INTC, TSLA, TQQQ, NVD, T
  regime SPY 743.33 vs VWAP 743.02 -> bull
  max positions (4) reached — no more entries.
[2026-06-30 11:05 ET] L market OPEN | shorts=false trailing=false regime=true
  watchlist: SMCI, CMCSA, INTC, TSLA, TQQQ, NVD, T
  regime SPY 744.16 vs VWAP 743.03 -> bull
  max positions (4) reached — no more entries.
[2026-06-30 11:10 ET] L market OPEN | shorts=false trailing=false regime=true
  watchlist: SMCI, CMCSA, INTC, TSLA, TQQQ, NVD, T
  regime SPY 744.44 vs VWAP 743.06 -> bull
  max positions (4) reached — no more entries.
[2026-06-30 11:15 ET] L market OPEN | shorts=false trailing=false regime=true
  watchlist: SMCI, CMCSA, INTC, TSLA, TQQQ, NVD, T
  regime SPY 744.81 vs VWAP 743.10 -> bull
  max positions (4) reached — no more entries.
[2026-06-30 11:20 ET] L market OPEN | shorts=false trailing=false regime=true
  watchlist: SMCI, CMCSA, INTC, TSLA, TQQQ, NVD, T
  regime SPY 744.50 vs VWAP 743.11 -> bull
  max positions (4) reached — no more entries.
[2026-06-30 11:25 ET] L market OPEN | shorts=false trailing=false regime=true
  watchlist: SMCI, CMCSA, INTC, TSLA, TQQQ, NVD, T
  regime SPY 745.08 vs VWAP 743.14 -> bull
  max positions (4) reached — no more entries.
[2026-06-30 11:30 ET] L market OPEN | shorts=false trailing=false regime=true
  watchlist: SMCI, CMCSA, INTC, TSLA, TQQQ, NVD, T
  regime SPY 745.23 vs VWAP 743.25 -> bull
  max positions (4) reached — no more entries.
[2026-06-30 11:35 ET] L market OPEN | shorts=false trailing=false regime=true
  watchlist: SMCI, CMCSA, INTC, TSLA, TQQQ, NVD, T
[2026-06-30 11:40 ET] L market OPEN | shorts=false trailing=false regime=true
  watchlist: SMCI, CMCSA, INTC, TSLA, TQQQ, NVD, T
[2026-06-30 11:45 ET] L market OPEN | shorts=false trailing=false regime=true
  watchlist: SMCI, CMCSA, INTC, TSLA, TQQQ, NVD, T
[2026-06-30 11:50 ET] L market OPEN | shorts=false trailing=false regime=true
  watchlist: SMCI, CMCSA, INTC, TSLA, TQQQ, NVD, T
[2026-06-30 11:55 ET] L market OPEN | shorts=false trailing=false regime=true
  watchlist: SMCI, CMCSA, INTC, TSLA, TQQQ, NVD, T
[2026-06-30 12:00 ET] L market OPEN | shorts=false trailing=false regime=true
  watchlist: SMCI, CMCSA, INTC, TSLA, TQQQ, NVD, T
[2026-06-30 12:05 ET] L market OPEN | shorts=false trailing=false regime=true
  watchlist: SMCI, CMCSA, INTC, TSLA, TQQQ, NVD, T
[2026-06-30 12:10 ET] L market OPEN | shorts=false trailing=false regime=true
  watchlist: SMCI, CMCSA, INTC, TSLA, TQQQ, NVD, T
[2026-06-30 12:15 ET] L market OPEN | shorts=false trailing=false regime=true
  watchlist: SMCI, CMCSA, INTC, TSLA, TQQQ, NVD, T
[2026-06-30 12:20 ET] L market OPEN | shorts=false trailing=false regime=true
  watchlist: SMCI, CMCSA, INTC, TSLA, TQQQ, NVD, T
[2026-06-30 12:25 ET] L market OPEN | shorts=false trailing=false regime=true
  watchlist: SMCI, CMCSA, INTC, TSLA, TQQQ, NVD, T
[2026-06-30 12:30 ET] L market OPEN | shorts=false trailing=false regime=true
  watchlist: SMCI, CMCSA, INTC, TSLA, TQQQ, NVD, T
[2026-06-30 12:35 ET] L market OPEN | shorts=false trailing=false regime=true
  watchlist: SMCI, CMCSA, INTC, TSLA, TQQQ, NVD, T
[2026-06-30 12:40 ET] L market OPEN | shorts=false trailing=false regime=true
  watchlist: SMCI, CMCSA, INTC, TSLA, TQQQ, NVD, T
[2026-06-30 12:45 ET] L market OPEN | shorts=false trailing=false regime=true
  watchlist: SMCI, CMCSA, INTC, TSLA, TQQQ, NVD, T
[2026-06-30 12:50 ET] L market OPEN | shorts=false trailing=false regime=true
  watchlist: SMCI, CMCSA, INTC, TSLA, TQQQ, NVD, T
[2026-06-30 12:55 ET] L market OPEN | shorts=false trailing=false regime=true
  watchlist: SMCI, CMCSA, INTC, TSLA, TQQQ, NVD, T
[2026-06-30 13:00 ET] L market OPEN | shorts=false trailing=false regime=true
  watchlist: SMCI, CMCSA, INTC, TSLA, TQQQ, NVD, T
[2026-06-30 13:05 ET] L market OPEN | shorts=false trailing=false regime=true
  watchlist: SMCI, CMCSA, INTC, TSLA, TQQQ, NVD, T
[2026-06-30 13:10 ET] L market OPEN | shorts=false trailing=false regime=true
  watchlist: SMCI, CMCSA, INTC, TSLA, TQQQ, NVD, T
[2026-06-30 13:15 ET] L market OPEN | shorts=false trailing=false regime=true
  watchlist: SMCI, CMCSA, INTC, TSLA, TQQQ, NVD, T
[2026-06-30 13:20 ET] L market OPEN | shorts=false trailing=false regime=true
  watchlist: SMCI, CMCSA, INTC, TSLA, TQQQ, NVD, T
[2026-06-30 13:25 ET] L market OPEN | shorts=false trailing=false regime=true
  watchlist: SMCI, CMCSA, INTC, TSLA, TQQQ, NVD, T
[2026-06-30 13:30 ET] L market OPEN | shorts=false trailing=false regime=true
  watchlist: SMCI, CMCSA, INTC, TSLA, TQQQ, NVD, T
[2026-06-30 13:35 ET] L market OPEN | shorts=false trailing=false regime=true
  watchlist: SMCI, CMCSA, INTC, TSLA, TQQQ, NVD, T
[2026-06-30 13:40 ET] L market OPEN | shorts=false trailing=false regime=true
  watchlist: SMCI, CMCSA, INTC, TSLA, TQQQ, NVD, T
[2026-06-30 13:45 ET] L market OPEN | shorts=false trailing=false regime=true
  watchlist: SMCI, CMCSA, INTC, TSLA, TQQQ, NVD, T
[2026-06-30 13:50 ET] L market OPEN | shorts=false trailing=false regime=true
  watchlist: SMCI, CMCSA, INTC, TSLA, TQQQ, NVD, T
[2026-06-30 13:55 ET] L market OPEN | shorts=false trailing=false regime=true
  watchlist: SMCI, CMCSA, INTC, TSLA, TQQQ, NVD, T
[2026-06-30 14:00 ET] L market OPEN | shorts=false trailing=false regime=true
  watchlist: SMCI, CMCSA, INTC, TSLA, TQQQ, NVD, T
[2026-06-30 14:05 ET] L market OPEN | shorts=false trailing=false regime=true
  watchlist: SMCI, CMCSA, INTC, TSLA, TQQQ, NVD, T
[2026-06-30 14:10 ET] L market OPEN | shorts=false trailing=false regime=true
  watchlist: SMCI, CMCSA, INTC, TSLA, TQQQ, NVD, T
[2026-06-30 14:15 ET] L market OPEN | shorts=false trailing=false regime=true
  watchlist: SMCI, CMCSA, INTC, TSLA, TQQQ, NVD, T
[2026-06-30 14:20 ET] L market OPEN | shorts=false trailing=false regime=true
  watchlist: SMCI, CMCSA, INTC, TSLA, TQQQ, NVD, T
[2026-06-30 14:25 ET] L market OPEN | shorts=false trailing=false regime=true
  watchlist: SMCI, CMCSA, INTC, TSLA, TQQQ, NVD, T
[2026-06-30 14:30 ET] L market OPEN | shorts=false trailing=false regime=true
  watchlist: SMCI, CMCSA, INTC, TSLA, TQQQ, NVD, T
[2026-06-30 14:35 ET] L market OPEN | shorts=false trailing=false regime=true
  watchlist: SMCI, CMCSA, INTC, TSLA, TQQQ, NVD, T
[2026-06-30 14:40 ET] L market OPEN | shorts=false trailing=false regime=true
  watchlist: SMCI, CMCSA, INTC, TSLA, TQQQ, NVD, T
[2026-06-30 14:45 ET] L market OPEN | shorts=false trailing=false regime=true
  watchlist: SMCI, CMCSA, INTC, TSLA, TQQQ, NVD, T
[2026-06-30 14:50 ET] L market OPEN | shorts=false trailing=false regime=true
  watchlist: SMCI, CMCSA, INTC, TSLA, TQQQ, NVD, T
[2026-06-30 14:55 ET] L market OPEN | shorts=false trailing=false regime=true
  watchlist: SMCI, CMCSA, INTC, TSLA, TQQQ, NVD, T
[2026-06-30 15:00 ET] L market OPEN | shorts=false trailing=false regime=true
  watchlist: SMCI, CMCSA, INTC, TSLA, TQQQ, NVD, T
[2026-06-30 15:05 ET] L market OPEN | shorts=false trailing=false regime=true
  watchlist: SMCI, CMCSA, INTC, TSLA, TQQQ, NVD, T
[2026-06-30 15:10 ET] L market OPEN | shorts=false trailing=false regime=true
  watchlist: SMCI, CMCSA, INTC, TSLA, TQQQ, NVD, T
[2026-06-30 15:15 ET] L market OPEN | shorts=false trailing=false regime=true
  watchlist: SMCI, CMCSA, INTC, TSLA, TQQQ, NVD, T
[2026-06-30 15:20 ET] L market OPEN | shorts=false trailing=false regime=true
  watchlist: SMCI, CMCSA, INTC, TSLA, TQQQ, NVD, T
[2026-06-30 15:25 ET] L market OPEN | shorts=false trailing=false regime=true
  watchlist: SMCI, CMCSA, INTC, TSLA, TQQQ, NVD, T
[2026-06-30 15:30 ET] L market OPEN | shorts=false trailing=false regime=true
  watchlist: SMCI, CMCSA, INTC, TSLA, TQQQ, NVD, T
[2026-06-30 15:35 ET] L market OPEN | shorts=false trailing=false regime=true
  watchlist: SMCI, CMCSA, INTC, TSLA, TQQQ, NVD, T
[2026-06-30 15:40 ET] L market OPEN | shorts=false trailing=false regime=true
  watchlist: SMCI, CMCSA, INTC, TSLA, TQQQ, NVD, T
[2026-06-30 15:45 ET] L market OPEN | shorts=false trailing=false regime=true
  watchlist: SMCI, CMCSA, INTC, TSLA, TQQQ, NVD, T
[2026-06-30 15:50 ET] L market OPEN | shorts=false trailing=false regime=true
  flatten INTC: close not confirmed (status no-order) — leaving open, will retry next run.
  flatten SMCI failed: Alpaca /v2/positions/SMCI 404: {"code":40410000,"message":"position not found: SMCI"}
  flatten TQQQ: close not confirmed (status no-order) — leaving open, will retry next run.
  EOD flatten TSLA 4sh @ 421.34 P/L $29.08 | day $29.08
   Telegram alert delivered
[2026-06-30 15:55 ET] L market OPEN | shorts=false trailing=false regime=true
  EXIT SMCI (long/exit) 68sh @ 29.35 P/L $38.08 | day $67.16
   Telegram alert delivered
  EXIT INTC (long/exit-partial) 10sh @ 136.10 P/L $0.00 | day $67.16
   Telegram alert delivered
  EXIT TQQQ (long/exit-partial) 10sh @ 79.32 P/L $0.00 | day $67.16
   Telegram alert delivered
  flatten INTC: close not confirmed (status no-order) — leaving open, will retry next run.
  flatten TQQQ: close not confirmed (status no-order) — leaving open, will retry next run.
[2026-06-30 16:00 ET] L market closed | shorts=false trailing=false regime=true
  EXIT INTC (long/exit) 1sh @ 140.02 P/L $3.92 | day $71.08
   Telegram alert delivered
  flatten TQQQ: close not confirmed (status no-order) — leaving open, will retry next run.
[2026-07-01 09:30 ET] L market OPEN | shorts=false trailing=false regime=true
  watchlist: QXO, TSLL, INTC, NVD, T, VZ
[2026-07-01 09:35 ET] L market OPEN | shorts=false trailing=false regime=true
  watchlist: QXO, TSLL, INTC, NVD, T, VZ
[2026-07-01 09:40 ET] L market OPEN | shorts=false trailing=false regime=true
  watchlist: QXO, TSLL, INTC, NVD, T, VZ
[2026-07-01 09:45 ET] L market OPEN | shorts=false trailing=false regime=true
  watchlist: QXO, TSLL, INTC, NVD, T, VZ
  regime SPY 743.31 vs VWAP 743.29 -> bull
[2026-07-01 09:50 ET] L market OPEN | shorts=false trailing=false regime=true
  watchlist: QXO, TSLL, INTC, NVD, T, VZ
  regime SPY 743.70 vs VWAP 743.34 -> bull
  ENTER long INTC 14sh @ 135.33 | stop 132.49 tgt140.75 | risk $39 | sec semis
   Telegram alert delivered
[2026-07-01 09:55 ET] L market OPEN | shorts=false trailing=false regime=true
  watchlist: QXO, TSLL, INTC, NVD, T, VZ
  regime SPY 744.79 vs VWAP 743.64 -> bull
[2026-07-01 10:00 ET] L market OPEN | shorts=false trailing=false regime=true
  watchlist: QXO, TSLL, INTC, NVD, T, VZ
  regime SPY 745.31 vs VWAP 743.81 -> bull
[2026-07-01 10:05 ET] L market OPEN | shorts=false trailing=false regime=true
  watchlist: QXO, TSLL, INTC, NVD, T, VZ
  regime SPY 745.40 vs VWAP 743.90 -> bull
  ENTER long QXO 112sh @ 17.72 | stop 17.25 tgt18.59 | risk $50 | sec QXO
   Telegram alert delivered
[2026-07-01 10:10 ET] L market OPEN | shorts=false trailing=false regime=true
  watchlist: QXO, TSLL, INTC, NVD, T, VZ
  regime SPY 746.07 vs VWAP 744.04 -> bull
  ENTER long TSLL 94sh @ 14.59 | stop 14.05 tgt15.61 | risk $50 | sec tsla
   Telegram alert delivered
  max positions (4) reached — no more entries.
[2026-07-01 10:15 ET] L market OPEN | shorts=false trailing=false regime=true
  EXIT INTC (long/stop) 14sh @ 132.21 P/L $-43.68 | day $-43.68
   Telegram alert delivered
  watchlist: QXO, TSLL, INTC, NVD, T, VZ
  regime SPY 746.61 vs VWAP 744.24 -> bull
[2026-07-01 10:20 ET] L market OPEN | shorts=false trailing=false regime=true
  watchlist: QXO, TSLL, INTC, NVD, T, VZ
  regime SPY 746.76 vs VWAP 744.39 -> bull
[2026-07-01 10:25 ET] L market OPEN | shorts=false trailing=false regime=true
  watchlist: QXO, TSLL, INTC, NVD, T, VZ
  regime SPY 746.81 vs VWAP 744.50 -> bull
[2026-07-01 10:30 ET] L market OPEN | shorts=false trailing=false regime=true
  watchlist: QXO, TSLL, INTC, NVD, T, VZ
  regime SPY 746.82 vs VWAP 744.61 -> bull
[2026-07-01 10:35 ET] L market OPEN | shorts=false trailing=false regime=true
  watchlist: QXO, TSLL, INTC, NVD, T, VZ
  regime SPY 746.26 vs VWAP 744.72 -> bull
[2026-07-01 10:40 ET] L market OPEN | shorts=false trailing=false regime=true
  watchlist: QXO, TSLL, INTC, NVD, T, VZ
  regime SPY 746.92 vs VWAP 744.82 -> bull
[2026-07-01 10:45 ET] L market OPEN | shorts=false trailing=false regime=true
  watchlist: QXO, TSLL, INTC, NVD, T, VZ
  regime SPY 746.67 vs VWAP 744.90 -> bull
[2026-07-01 10:50 ET] L market OPEN | shorts=false trailing=false regime=true
  watchlist: QXO, TSLL, INTC, NVD, T, VZ
  regime SPY 746.49 vs VWAP 744.97 -> bull
[2026-07-01 10:55 ET] L market OPEN | shorts=false trailing=false regime=true
  watchlist: QXO, TSLL, INTC, NVD, T, VZ
  regime SPY 746.87 vs VWAP 745.03 -> bull
[2026-07-01 11:00 ET] L market OPEN | shorts=false trailing=false regime=true
  watchlist: QXO, TSLL, INTC, NVD, T, VZ
  regime SPY 746.96 vs VWAP 745.11 -> bull
[2026-07-01 11:05 ET] L market OPEN | shorts=false trailing=false regime=true
  watchlist: QXO, TSLL, INTC, NVD, T, VZ
  regime SPY 747.78 vs VWAP 745.18 -> bull
[2026-07-01 11:10 ET] L market OPEN | shorts=false trailing=false regime=true
  watchlist: QXO, TSLL, INTC, NVD, T, VZ
  regime SPY 747.64 vs VWAP 745.26 -> bull
[2026-07-01 11:15 ET] L market OPEN | shorts=false trailing=false regime=true
  watchlist: QXO, TSLL, INTC, NVD, T, VZ
  regime SPY 748.07 vs VWAP 745.32 -> bull
[2026-07-01 11:20 ET] L market OPEN | shorts=false trailing=false regime=true
  watchlist: QXO, TSLL, INTC, NVD, T, VZ
  regime SPY 748.47 vs VWAP 745.43 -> bull
[2026-07-01 11:25 ET] L market OPEN | shorts=false trailing=false regime=true
  watchlist: QXO, TSLL, INTC, NVD, T, VZ
  regime SPY 748.89 vs VWAP 745.57 -> bull
[2026-07-01 11:30 ET] L market OPEN | shorts=false trailing=false regime=true
  watchlist: QXO, TSLL, INTC, NVD, T, VZ
  regime SPY 749.29 vs VWAP 745.73 -> bull
[2026-07-01 11:35 ET] L market OPEN | shorts=false trailing=false regime=true
  watchlist: QXO, TSLL, INTC, NVD, T, VZ
[2026-07-01 11:40 ET] L market OPEN | shorts=false trailing=false regime=true
  watchlist: QXO, TSLL, INTC, NVD, T, VZ
[2026-07-01 11:45 ET] L market OPEN | shorts=false trailing=false regime=true
  watchlist: QXO, TSLL, INTC, NVD, T, VZ
[2026-07-01 11:50 ET] L market OPEN | shorts=false trailing=false regime=true
  watchlist: QXO, TSLL, INTC, NVD, T, VZ
[2026-07-01 11:55 ET] L market OPEN | shorts=false trailing=false regime=true
  watchlist: QXO, TSLL, INTC, NVD, T, VZ
[2026-07-01 12:00 ET] L market OPEN | shorts=false trailing=false regime=true
  watchlist: QXO, TSLL, INTC, NVD, T, VZ
[2026-07-01 12:05 ET] L market OPEN | shorts=false trailing=false regime=true
  watchlist: QXO, TSLL, INTC, NVD, T, VZ
[2026-07-01 12:10 ET] L market OPEN | shorts=false trailing=false regime=true
  watchlist: QXO, TSLL, INTC, NVD, T, VZ
[2026-07-01 12:15 ET] L market OPEN | shorts=false trailing=false regime=true
  watchlist: QXO, TSLL, INTC, NVD, T, VZ
[2026-07-01 12:20 ET] L market OPEN | shorts=false trailing=false regime=true
  watchlist: QXO, TSLL, INTC, NVD, T, VZ
[2026-07-01 12:25 ET] L market OPEN | shorts=false trailing=false regime=true
  watchlist: QXO, TSLL, INTC, NVD, T, VZ
[2026-07-01 12:30 ET] L market OPEN | shorts=false trailing=false regime=true
  watchlist: QXO, TSLL, INTC, NVD, T, VZ
[2026-07-01 12:35 ET] L market OPEN | shorts=false trailing=false regime=true
  watchlist: QXO, TSLL, INTC, NVD, T, VZ
[2026-07-01 12:40 ET] L market OPEN | shorts=false trailing=false regime=true
  watchlist: QXO, TSLL, INTC, NVD, T, VZ
[2026-07-01 12:45 ET] L market OPEN | shorts=false trailing=false regime=true
  watchlist: QXO, TSLL, INTC, NVD, T, VZ
[2026-07-01 12:50 ET] L market OPEN | shorts=false trailing=false regime=true
  watchlist: QXO, TSLL, INTC, NVD, T, VZ
[2026-07-01 12:55 ET] L market OPEN | shorts=false trailing=false regime=true
  watchlist: QXO, TSLL, INTC, NVD, T, VZ
[2026-07-01 13:00 ET] L market OPEN | shorts=false trailing=false regime=true
  watchlist: QXO, TSLL, INTC, NVD, T, VZ
[2026-07-01 13:05 ET] L market OPEN | shorts=false trailing=false regime=true
  watchlist: QXO, TSLL, INTC, NVD, T, VZ
[2026-07-01 13:10 ET] L market OPEN | shorts=false trailing=false regime=true
  EXIT QXO (long/stop) 112sh @ 17.25 P/L $-52.64 | day $-96.32
   Telegram alert delivered
  watchlist: QXO, TSLL, INTC, NVD, T, VZ
[2026-07-01 13:15 ET] L market OPEN | shorts=false trailing=false regime=true
  watchlist: QXO, TSLL, INTC, NVD, T, VZ
[2026-07-01 13:20 ET] L market OPEN | shorts=false trailing=false regime=true
  watchlist: QXO, TSLL, INTC, NVD, T, VZ
[2026-07-01 13:25 ET] L market OPEN | shorts=false trailing=false regime=true
  watchlist: QXO, TSLL, INTC, NVD, T, VZ
[2026-07-01 13:30 ET] L market OPEN | shorts=false trailing=false regime=true
  watchlist: QXO, TSLL, INTC, NVD, T, VZ
[2026-07-01 13:35 ET] L market OPEN | shorts=false trailing=false regime=true
  watchlist: QXO, TSLL, INTC, NVD, T, VZ
[2026-07-01 13:40 ET] L market OPEN | shorts=false trailing=false regime=true
  watchlist: QXO, TSLL, INTC, NVD, T, VZ
[2026-07-01 13:45 ET] L market OPEN | shorts=false trailing=false regime=true
  watchlist: QXO, TSLL, INTC, NVD, T, VZ
[2026-07-01 13:50 ET] L market OPEN | shorts=false trailing=false regime=true
  watchlist: QXO, TSLL, INTC, NVD, T, VZ
[2026-07-01 13:55 ET] L market OPEN | shorts=false trailing=false regime=true
  watchlist: QXO, TSLL, INTC, NVD, T, VZ
[2026-07-01 14:00 ET] L market OPEN | shorts=false trailing=false regime=true
  watchlist: QXO, TSLL, INTC, NVD, T, VZ
[2026-07-01 14:05 ET] L market OPEN | shorts=false trailing=false regime=true
  watchlist: QXO, TSLL, INTC, NVD, T, VZ
[2026-07-01 14:10 ET] L market OPEN | shorts=false trailing=false regime=true
  watchlist: QXO, TSLL, INTC, NVD, T, VZ
[2026-07-01 14:15 ET] L market OPEN | shorts=false trailing=false regime=true
  watchlist: QXO, TSLL, INTC, NVD, T, VZ
[2026-07-01 14:20 ET] L market OPEN | shorts=false trailing=false regime=true
  watchlist: QXO, TSLL, INTC, NVD, T, VZ
[2026-07-01 14:25 ET] L market OPEN | shorts=false trailing=false regime=true
  watchlist: QXO, TSLL, INTC, NVD, T, VZ
[2026-07-01 14:30 ET] L market OPEN | shorts=false trailing=false regime=true
  watchlist: QXO, TSLL, INTC, NVD, T, VZ
[2026-07-01 14:35 ET] L market OPEN | shorts=false trailing=false regime=true
  watchlist: QXO, TSLL, INTC, NVD, T, VZ
[2026-07-01 14:40 ET] L market OPEN | shorts=false trailing=false regime=true
  watchlist: QXO, TSLL, INTC, NVD, T, VZ
[2026-07-01 14:45 ET] L market OPEN | shorts=false trailing=false regime=true
  watchlist: QXO, TSLL, INTC, NVD, T, VZ
[2026-07-01 14:50 ET] L market OPEN | shorts=false trailing=false regime=true
  watchlist: QXO, TSLL, INTC, NVD, T, VZ
[2026-07-01 14:55 ET] L market OPEN | shorts=false trailing=false regime=true
  watchlist: QXO, TSLL, INTC, NVD, T, VZ
[2026-07-01 15:00 ET] L market OPEN | shorts=false trailing=false regime=true
  watchlist: QXO, TSLL, INTC, NVD, T, VZ
[2026-07-01 15:05 ET] L market OPEN | shorts=false trailing=false regime=true
  watchlist: QXO, TSLL, INTC, NVD, T, VZ
[2026-07-01 15:10 ET] L market OPEN | shorts=false trailing=false regime=true
  watchlist: QXO, TSLL, INTC, NVD, T, VZ
[2026-07-01 15:15 ET] L market OPEN | shorts=false trailing=false regime=true
  watchlist: QXO, TSLL, INTC, NVD, T, VZ
[2026-07-01 15:20 ET] L market OPEN | shorts=false trailing=false regime=true
  watchlist: QXO, TSLL, INTC, NVD, T, VZ
[2026-07-01 15:25 ET] L market OPEN | shorts=false trailing=false regime=true
  watchlist: QXO, TSLL, INTC, NVD, T, VZ
[2026-07-01 15:30 ET] L market OPEN | shorts=false trailing=false regime=true
  watchlist: QXO, TSLL, INTC, NVD, T, VZ
[2026-07-01 15:35 ET] L market OPEN | shorts=false trailing=false regime=true
  watchlist: QXO, TSLL, INTC, NVD, T, VZ
[2026-07-01 15:40 ET] L market OPEN | shorts=false trailing=false regime=true
  watchlist: QXO, TSLL, INTC, NVD, T, VZ
[2026-07-01 15:45 ET] L market OPEN | shorts=false trailing=false regime=true
  watchlist: QXO, TSLL, INTC, NVD, T, VZ
[2026-07-01 15:50 ET] L market OPEN | shorts=false trailing=false regime=true
  flatten TQQQ: close not confirmed (status no-order) — leaving open, will retry next run.
  flatten TSLL: close not confirmed (status no-order) — leaving open, will retry next run.
[2026-07-01 15:55 ET] L market OPEN | shorts=false trailing=false regime=true
  EXIT TSLL (long/exit-partial) 20sh @ 14.59 P/L $0.00 | day $-96.32
   Telegram alert delivered
  flatten TQQQ: close not confirmed (status no-order) — leaving open, will retry next run.
  flatten TSLL: close not confirmed (status no-order) — leaving open, will retry next run.
[2026-07-01 16:00 ET] L market closed | shorts=false trailing=false regime=true
  EXIT TSLL (long/exit) 74sh @ 14.55 P/L $-2.96 | day $-99.28
   Telegram alert delivered
[2026-07-02 09:30 ET] L market closed | shorts=false trailing=false regime=true
  market closed — nothing to do.
[2026-07-02 09:35 ET] L market OPEN | shorts=false trailing=false regime=true
  watchlist: SPCX, NKE, PLTD, CRWV, DRAM, INTC, BITO, NVD
[2026-07-02 09:40 ET] L market OPEN | shorts=false trailing=false regime=true
  watchlist: SPCX, NKE, PLTD, CRWV, DRAM, INTC, BITO, NVD
[2026-07-02 09:45 ET] L market OPEN | shorts=false trailing=false regime=true
  watchlist: SPCX, NKE, PLTD, CRWV, DRAM, INTC, BITO, NVD
  regime SPY 749.80 vs VWAP 748.81 -> bull
[2026-07-02 09:50 ET] L market OPEN | shorts=false trailing=false regime=true
  watchlist: SPCX, NKE, PLTD, CRWV, DRAM, INTC, BITO, NVD
  regime SPY 750.49 vs VWAP 748.98 -> bull
  ENTER long SPCX 12sh @ 160.15 | stop 156.84 tgt166.32 | risk $38 | sec SPCX
   Telegram alert delivered
  ENTER long NKE 44sh @ 44.97 | stop 43.92 tgt47.05 | risk $46 | sec NKE
   Telegram alert delivered
  ENTER long CRWV 21sh @ 86.67 | stop 84.39 tgt91.23 | risk $48 | sec CRWV
   Telegram alert delivered
[2026-07-02 09:55 ET] L market OPEN | shorts=false trailing=false regime=true
  watchlist: SPCX, NKE, PLTD, CRWV, DRAM, INTC, BITO, NVD
  regime SPY 750.48 vs VWAP 749.29 -> bull
  ENTER long INTC 9sh @ 129.62 | stop 124.51 tgt139.84 | risk $46 | sec semis
   Telegram alert delivered
  max positions (4) reached — no more entries.
[2026-07-02 10:00 ET] L market OPEN | shorts=false trailing=false regime=true
  watchlist: SPCX, NKE, PLTD, CRWV, DRAM, INTC, BITO, NVD
  regime SPY 750.77 vs VWAP 749.42 -> bull
  max positions (4) reached — no more entries.
[2026-07-02 10:05 ET] L market OPEN | shorts=false trailing=false regime=true
  watchlist: SPCX, NKE, PLTD, CRWV, DRAM, INTC, BITO, NVD
  regime SPY 750.79 vs VWAP 749.55 -> bull
  max positions (4) reached — no more entries.
[2026-07-02 10:10 ET] L market OPEN | shorts=false trailing=false regime=true
  watchlist: SPCX, NKE, PLTD, CRWV, DRAM, INTC, BITO, NVD
  regime SPY 750.24 vs VWAP 749.63 -> bull
  max positions (4) reached — no more entries.
[2026-07-02 10:15 ET] L market OPEN | shorts=false trailing=false regime=true
  watchlist: SPCX, NKE, PLTD, CRWV, DRAM, INTC, BITO, NVD
  regime SPY 750.98 vs VWAP 749.73 -> bull
  max positions (4) reached — no more entries.
[2026-07-02 10:20 ET] L market OPEN | shorts=false trailing=false regime=true
  watchlist: SPCX, NKE, PLTD, CRWV, DRAM, INTC, BITO, NVD
  regime SPY 750.67 vs VWAP 749.78 -> bull
  max positions (4) reached — no more entries.
[2026-07-02 10:25 ET] L market OPEN | shorts=false trailing=false regime=true
  EXIT NKE (long/stop) 44sh @ 43.91 P/L $-46.64 | day $-46.64
   Telegram alert delivered
  watchlist: SPCX, NKE, PLTD, CRWV, DRAM, INTC, BITO, NVD
  regime SPY 749.65 vs VWAP 749.80 -> bear
[2026-07-02 10:30 ET] L market OPEN | shorts=false trailing=false regime=true
  watchlist: SPCX, NKE, PLTD, CRWV, DRAM, INTC, BITO, NVD
  regime SPY 747.98 vs VWAP 749.64 -> bear
[2026-07-02 10:35 ET] L market OPEN | shorts=false trailing=false regime=true
  EXIT INTC (long/stop) 9sh @ 124.51 P/L $-45.98 | day $-92.62
   Telegram alert delivered
  watchlist: SPCX, NKE, PLTD, CRWV, DRAM, INTC, BITO, NVD
  regime SPY 748.27 vs VWAP 749.55 -> bear
[2026-07-02 10:40 ET] L market OPEN | shorts=false trailing=false regime=true
  watchlist: SPCX, NKE, PLTD, CRWV, DRAM, INTC, BITO, NVD
  regime SPY 748.41 vs VWAP 749.48 -> bear
[2026-07-02 10:45 ET] L market OPEN | shorts=false trailing=false regime=true
  EXIT CRWV (long/stop) 21sh @ 84.37 P/L $-48.29 | day $-140.91
   Telegram alert delivered
  watchlist: SPCX, NKE, PLTD, CRWV, DRAM, INTC, BITO, NVD
  regime SPY 746.85 vs VWAP 749.34 -> bear
  ENTER long NVD 370sh @ 5.40 | stop 5.31 tgt5.58 | risk $33 | sec semis
   Telegram alert delivered
[2026-07-02 10:50 ET] L market OPEN | shorts=false trailing=false regime=true
  watchlist: SPCX, NKE, PLTD, CRWV, DRAM, INTC, BITO, NVD
  regime SPY 747.22 vs VWAP 749.21 -> bear
[2026-07-02 10:55 ET] L market OPEN | shorts=false trailing=false regime=true
  watchlist: SPCX, NKE, PLTD, CRWV, DRAM, INTC, BITO, NVD
  regime SPY 746.53 vs VWAP 749.09 -> bear
[2026-07-02 11:00 ET] L market OPEN | shorts=false trailing=false regime=true
  watchlist: SPCX, NKE, PLTD, CRWV, DRAM, INTC, BITO, NVD
  regime SPY 747.62 vs VWAP 749.03 -> bear
[2026-07-02 11:05 ET] L market OPEN | shorts=false trailing=false regime=true
  watchlist: SPCX, NKE, PLTD, CRWV, DRAM, INTC, BITO, NVD
  regime SPY 746.10 vs VWAP 748.94 -> bear
[2026-07-02 11:10 ET] L market OPEN | shorts=false trailing=false regime=true
  watchlist: SPCX, NKE, PLTD, CRWV, DRAM, INTC, BITO, NVD
  regime SPY 745.36 vs VWAP 748.72 -> bear
[2026-07-02 11:15 ET] L market OPEN | shorts=false trailing=false regime=true
  watchlist: SPCX, NKE, PLTD, CRWV, DRAM, INTC, BITO, NVD
  regime SPY 746.11 vs VWAP 748.62 -> bear
[2026-07-02 11:20 ET] L market OPEN | shorts=false trailing=false regime=true
  watchlist: SPCX, NKE, PLTD, CRWV, DRAM, INTC, BITO, NVD
  regime SPY 744.53 vs VWAP 748.50 -> bear
[2026-07-02 11:25 ET] L market OPEN | shorts=false trailing=false regime=true
  watchlist: SPCX, NKE, PLTD, CRWV, DRAM, INTC, BITO, NVD
  regime SPY 745.75 vs VWAP 748.40 -> bear
[2026-07-02 11:30 ET] L market OPEN | shorts=false trailing=false regime=true
  watchlist: SPCX, NKE, PLTD, CRWV, DRAM, INTC, BITO, NVD
  regime SPY 744.89 vs VWAP 748.27 -> bear
[2026-07-02 11:35 ET] L market OPEN | shorts=false trailing=false regime=true
  watchlist: SPCX, NKE, PLTD, CRWV, DRAM, INTC, BITO, NVD
[2026-07-02 11:40 ET] L market OPEN | shorts=false trailing=false regime=true
  watchlist: SPCX, NKE, PLTD, CRWV, DRAM, INTC, BITO, NVD
[2026-07-02 11:45 ET] L market OPEN | shorts=false trailing=false regime=true
  watchlist: SPCX, NKE, PLTD, CRWV, DRAM, INTC, BITO, NVD
[2026-07-02 11:50 ET] L market OPEN | shorts=false trailing=false regime=true
  watchlist: SPCX, NKE, PLTD, CRWV, DRAM, INTC, BITO, NVD
[2026-07-02 11:55 ET] L market OPEN | shorts=false trailing=false regime=true
  watchlist: SPCX, NKE, PLTD, CRWV, DRAM, INTC, BITO, NVD
[2026-07-02 12:00 ET] L market OPEN | shorts=false trailing=false regime=true
  watchlist: SPCX, NKE, PLTD, CRWV, DRAM, INTC, BITO, NVD
[2026-07-02 12:05 ET] L market OPEN | shorts=false trailing=false regime=true
  watchlist: SPCX, NKE, PLTD, CRWV, DRAM, INTC, BITO, NVD
[2026-07-02 12:10 ET] L market OPEN | shorts=false trailing=false regime=true
  watchlist: SPCX, NKE, PLTD, CRWV, DRAM, INTC, BITO, NVD
[2026-07-02 12:15 ET] L market OPEN | shorts=false trailing=false regime=true
  watchlist: SPCX, NKE, PLTD, CRWV, DRAM, INTC, BITO, NVD
[2026-07-02 12:20 ET] L market OPEN | shorts=false trailing=false regime=true
  watchlist: SPCX, NKE, PLTD, CRWV, DRAM, INTC, BITO, NVD
[2026-07-02 12:25 ET] L market OPEN | shorts=false trailing=false regime=true
  watchlist: SPCX, NKE, PLTD, CRWV, DRAM, INTC, BITO, NVD
[2026-07-02 12:30 ET] L market OPEN | shorts=false trailing=false regime=true
  EXIT SPCX (long/stop) 12sh @ 156.81 P/L $-40.08 | day $-180.99
   Telegram alert delivered
  watchlist: SPCX, NKE, PLTD, CRWV, DRAM, INTC, BITO, NVD
[2026-07-02 12:35 ET] L market OPEN | shorts=false trailing=false regime=true
  watchlist: SPCX, NKE, PLTD, CRWV, DRAM, INTC, BITO, NVD
[2026-07-02 12:40 ET] L market OPEN | shorts=false trailing=false regime=true
  watchlist: SPCX, NKE, PLTD, CRWV, DRAM, INTC, BITO, NVD
[2026-07-02 12:45 ET] L market OPEN | shorts=false trailing=false regime=true
  watchlist: SPCX, NKE, PLTD, CRWV, DRAM, INTC, BITO, NVD
[2026-07-02 12:50 ET] L market OPEN | shorts=false trailing=false regime=true
  watchlist: SPCX, NKE, PLTD, CRWV, DRAM, INTC, BITO, NVD
[2026-07-02 12:55 ET] L market OPEN | shorts=false trailing=false regime=true
  watchlist: SPCX, NKE, PLTD, CRWV, DRAM, INTC, BITO, NVD
[2026-07-02 13:00 ET] L market OPEN | shorts=false trailing=false regime=true
  watchlist: SPCX, NKE, PLTD, CRWV, DRAM, INTC, BITO, NVD
[2026-07-02 13:05 ET] L market OPEN | shorts=false trailing=false regime=true
  EXIT NVD (long/target) 370sh @ 5.58 P/L $68.19 | day $-112.80
   Telegram alert delivered
  watchlist: SPCX, NKE, PLTD, CRWV, DRAM, INTC, BITO, NVD
[2026-07-02 13:10 ET] L market OPEN | shorts=false trailing=false regime=true
  watchlist: SPCX, NKE, PLTD, CRWV, DRAM, INTC, BITO, NVD
[2026-07-02 13:15 ET] L market OPEN | shorts=false trailing=false regime=true
  watchlist: SPCX, NKE, PLTD, CRWV, DRAM, INTC, BITO, NVD
[2026-07-02 13:20 ET] L market OPEN | shorts=false trailing=false regime=true
  watchlist: SPCX, NKE, PLTD, CRWV, DRAM, INTC, BITO, NVD
[2026-07-02 13:25 ET] L market OPEN | shorts=false trailing=false regime=true
  watchlist: SPCX, NKE, PLTD, CRWV, DRAM, INTC, BITO, NVD
[2026-07-02 13:30 ET] L market OPEN | shorts=false trailing=false regime=true
  watchlist: SPCX, NKE, PLTD, CRWV, DRAM, INTC, BITO, NVD
[2026-07-02 13:35 ET] L market OPEN | shorts=false trailing=false regime=true
  watchlist: SPCX, NKE, PLTD, CRWV, DRAM, INTC, BITO, NVD
[2026-07-02 13:40 ET] L market OPEN | shorts=false trailing=false regime=true
  watchlist: SPCX, NKE, PLTD, CRWV, DRAM, INTC, BITO, NVD
[2026-07-02 13:45 ET] L market OPEN | shorts=false trailing=false regime=true
  watchlist: SPCX, NKE, PLTD, CRWV, DRAM, INTC, BITO, NVD
[2026-07-02 13:50 ET] L market OPEN | shorts=false trailing=false regime=true
  watchlist: SPCX, NKE, PLTD, CRWV, DRAM, INTC, BITO, NVD
[2026-07-02 13:55 ET] L market OPEN | shorts=false trailing=false regime=true
  watchlist: SPCX, NKE, PLTD, CRWV, DRAM, INTC, BITO, NVD
[2026-07-02 14:00 ET] L market OPEN | shorts=false trailing=false regime=true
  watchlist: SPCX, NKE, PLTD, CRWV, DRAM, INTC, BITO, NVD
[2026-07-02 14:05 ET] L market OPEN | shorts=false trailing=false regime=true
  watchlist: SPCX, NKE, PLTD, CRWV, DRAM, INTC, BITO, NVD
[2026-07-02 14:10 ET] L market OPEN | shorts=false trailing=false regime=true
  watchlist: SPCX, NKE, PLTD, CRWV, DRAM, INTC, BITO, NVD
[2026-07-02 14:15 ET] L market OPEN | shorts=false trailing=false regime=true
  watchlist: SPCX, NKE, PLTD, CRWV, DRAM, INTC, BITO, NVD
[2026-07-02 14:20 ET] L market OPEN | shorts=false trailing=false regime=true
  watchlist: SPCX, NKE, PLTD, CRWV, DRAM, INTC, BITO, NVD
[2026-07-02 14:25 ET] L market OPEN | shorts=false trailing=false regime=true
  watchlist: SPCX, NKE, PLTD, CRWV, DRAM, INTC, BITO, NVD
[2026-07-02 14:30 ET] L market OPEN | shorts=false trailing=false regime=true
  watchlist: SPCX, NKE, PLTD, CRWV, DRAM, INTC, BITO, NVD
[2026-07-02 14:35 ET] L market OPEN | shorts=false trailing=false regime=true
  watchlist: SPCX, NKE, PLTD, CRWV, DRAM, INTC, BITO, NVD
[2026-07-02 14:40 ET] L market OPEN | shorts=false trailing=false regime=true
  watchlist: SPCX, NKE, PLTD, CRWV, DRAM, INTC, BITO, NVD
[2026-07-02 14:45 ET] L market OPEN | shorts=false trailing=false regime=true
  watchlist: SPCX, NKE, PLTD, CRWV, DRAM, INTC, BITO, NVD
[2026-07-02 14:50 ET] L market OPEN | shorts=false trailing=false regime=true
  watchlist: SPCX, NKE, PLTD, CRWV, DRAM, INTC, BITO, NVD
[2026-07-02 14:55 ET] L market OPEN | shorts=false trailing=false regime=true
  watchlist: SPCX, NKE, PLTD, CRWV, DRAM, INTC, BITO, NVD
[2026-07-02 15:00 ET] L market OPEN | shorts=false trailing=false regime=true
  watchlist: SPCX, NKE, PLTD, CRWV, DRAM, INTC, BITO, NVD
[2026-07-02 15:05 ET] L market OPEN | shorts=false trailing=false regime=true
  watchlist: SPCX, NKE, PLTD, CRWV, DRAM, INTC, BITO, NVD
[2026-07-02 15:10 ET] L market OPEN | shorts=false trailing=false regime=true
  watchlist: SPCX, NKE, PLTD, CRWV, DRAM, INTC, BITO, NVD
[2026-07-02 15:15 ET] L market OPEN | shorts=false trailing=false regime=true
  watchlist: SPCX, NKE, PLTD, CRWV, DRAM, INTC, BITO, NVD
[2026-07-02 15:20 ET] L market OPEN | shorts=false trailing=false regime=true
  watchlist: SPCX, NKE, PLTD, CRWV, DRAM, INTC, BITO, NVD
[2026-07-02 15:25 ET] L market OPEN | shorts=false trailing=false regime=true
  watchlist: SPCX, NKE, PLTD, CRWV, DRAM, INTC, BITO, NVD
[2026-07-02 15:30 ET] L market OPEN | shorts=false trailing=false regime=true
  watchlist: SPCX, NKE, PLTD, CRWV, DRAM, INTC, BITO, NVD
[2026-07-02 15:35 ET] L market OPEN | shorts=false trailing=false regime=true
  watchlist: SPCX, NKE, PLTD, CRWV, DRAM, INTC, BITO, NVD
[2026-07-02 15:40 ET] L market OPEN | shorts=false trailing=false regime=true
  watchlist: SPCX, NKE, PLTD, CRWV, DRAM, INTC, BITO, NVD
[2026-07-02 15:45 ET] L market OPEN | shorts=false trailing=false regime=true
  watchlist: SPCX, NKE, PLTD, CRWV, DRAM, INTC, BITO, NVD
[2026-07-02 15:50 ET] L market OPEN | shorts=false trailing=false regime=true
[2026-07-02 15:55 ET] L market OPEN | shorts=false trailing=false regime=true
[2026-07-02 16:00 ET] L market closed | shorts=false trailing=false regime=true
[2026-07-03 09:30 ET] L market closed | shorts=false trailing=false regime=true
  market closed — nothing to do.
[2026-07-03 09:35 ET] L market closed | shorts=false trailing=false regime=true
  market closed — nothing to do.
[2026-07-03 09:40 ET] L market closed | shorts=false trailing=false regime=true
  market closed — nothing to do.
[2026-07-03 09:45 ET] L market closed | shorts=false trailing=false regime=true
  market closed — nothing to do.
[2026-07-03 09:50 ET] L market closed | shorts=false trailing=false regime=true
  market closed — nothing to do.
[2026-07-03 09:55 ET] L market closed | shorts=false trailing=false regime=true
  market closed — nothing to do.
[2026-07-03 10:00 ET] L market closed | shorts=false trailing=false regime=true
  market closed — nothing to do.
[2026-07-03 10:05 ET] L market closed | shorts=false trailing=false regime=true
  market closed — nothing to do.
[2026-07-03 10:10 ET] L market closed | shorts=false trailing=false regime=true
  market closed — nothing to do.
[2026-07-03 10:15 ET] L market closed | shorts=false trailing=false regime=true
  market closed — nothing to do.
[2026-07-03 10:20 ET] L market closed | shorts=false trailing=false regime=true
  market closed — nothing to do.
[2026-07-03 10:25 ET] L market closed | shorts=false trailing=false regime=true
  market closed — nothing to do.
[2026-07-03 10:30 ET] L market closed | shorts=false trailing=false regime=true
  market closed — nothing to do.
[2026-07-03 10:35 ET] L market closed | shorts=false trailing=false regime=true
  market closed — nothing to do.
[2026-07-03 10:40 ET] L market closed | shorts=false trailing=false regime=true
  market closed — nothing to do.
[2026-07-03 10:45 ET] L market closed | shorts=false trailing=false regime=true
  market closed — nothing to do.
[2026-07-03 10:50 ET] L market closed | shorts=false trailing=false regime=true
  market closed — nothing to do.
[2026-07-03 10:55 ET] L market closed | shorts=false trailing=false regime=true
  market closed — nothing to do.
[2026-07-03 11:00 ET] L market closed | shorts=false trailing=false regime=true
  market closed — nothing to do.
[2026-07-03 11:05 ET] L market closed | shorts=false trailing=false regime=true
  market closed — nothing to do.
[2026-07-03 11:10 ET] L market closed | shorts=false trailing=false regime=true
  market closed — nothing to do.
[2026-07-03 11:15 ET] L market closed | shorts=false trailing=false regime=true
  market closed — nothing to do.
[2026-07-03 11:20 ET] L market closed | shorts=false trailing=false regime=true
  market closed — nothing to do.
[2026-07-03 11:25 ET] L market closed | shorts=false trailing=false regime=true
  market closed — nothing to do.
[2026-07-03 11:30 ET] L market closed | shorts=false trailing=false regime=true
  market closed — nothing to do.
[2026-07-03 11:35 ET] L market closed | shorts=false trailing=false regime=true
  market closed — nothing to do.
[2026-07-03 11:40 ET] L market closed | shorts=false trailing=false regime=true
  market closed — nothing to do.
[2026-07-03 11:45 ET] L market closed | shorts=false trailing=false regime=true
  market closed — nothing to do.
[2026-07-03 11:50 ET] L market closed | shorts=false trailing=false regime=true
  market closed — nothing to do.
[2026-07-03 11:55 ET] L market closed | shorts=false trailing=false regime=true
  market closed — nothing to do.
[2026-07-03 12:00 ET] L market closed | shorts=false trailing=false regime=true
  market closed — nothing to do.
[2026-07-03 12:05 ET] L market closed | shorts=false trailing=false regime=true
  market closed — nothing to do.
[2026-07-03 12:10 ET] L market closed | shorts=false trailing=false regime=true
  market closed — nothing to do.
[2026-07-03 12:15 ET] L market closed | shorts=false trailing=false regime=true
  market closed — nothing to do.
[2026-07-03 12:20 ET] L market closed | shorts=false trailing=false regime=true
  market closed — nothing to do.
[2026-07-03 12:25 ET] L market closed | shorts=false trailing=false regime=true
  market closed — nothing to do.
[2026-07-03 12:30 ET] L market closed | shorts=false trailing=false regime=true
  market closed — nothing to do.
[2026-07-03 12:35 ET] L market closed | shorts=false trailing=false regime=true
  market closed — nothing to do.
[2026-07-03 12:40 ET] L market closed | shorts=false trailing=false regime=true
  market closed — nothing to do.
[2026-07-03 12:45 ET] L market closed | shorts=false trailing=false regime=true
  market closed — nothing to do.
[2026-07-03 12:50 ET] L market closed | shorts=false trailing=false regime=true
  market closed — nothing to do.
[2026-07-03 12:55 ET] L market closed | shorts=false trailing=false regime=true
  market closed — nothing to do.
[2026-07-03 13:00 ET] L market closed | shorts=false trailing=false regime=true
  market closed — nothing to do.
[2026-07-03 13:05 ET] L market closed | shorts=false trailing=false regime=true
  market closed — nothing to do.
[2026-07-03 13:10 ET] L market closed | shorts=false trailing=false regime=true
  market closed — nothing to do.
[2026-07-03 13:15 ET] L market closed | shorts=false trailing=false regime=true
  market closed — nothing to do.
[2026-07-03 13:20 ET] L market closed | shorts=false trailing=false regime=true
  market closed — nothing to do.
[2026-07-03 13:25 ET] L market closed | shorts=false trailing=false regime=true
  market closed — nothing to do.
[2026-07-03 13:30 ET] L market closed | shorts=false trailing=false regime=true
  market closed — nothing to do.
[2026-07-03 13:35 ET] L market closed | shorts=false trailing=false regime=true
  market closed — nothing to do.
[2026-07-03 13:40 ET] L market closed | shorts=false trailing=false regime=true
  market closed — nothing to do.
[2026-07-03 13:45 ET] L market closed | shorts=false trailing=false regime=true
  market closed — nothing to do.
[2026-07-03 13:50 ET] L market closed | shorts=false trailing=false regime=true
  market closed — nothing to do.
[2026-07-03 13:55 ET] L market closed | shorts=false trailing=false regime=true
  market closed — nothing to do.
[2026-07-03 14:00 ET] L market closed | shorts=false trailing=false regime=true
  market closed — nothing to do.
[2026-07-03 14:05 ET] L market closed | shorts=false trailing=false regime=true
  market closed — nothing to do.
[2026-07-03 14:10 ET] L market closed | shorts=false trailing=false regime=true
  market closed — nothing to do.
[2026-07-03 14:15 ET] L market closed | shorts=false trailing=false regime=true
  market closed — nothing to do.
[2026-07-03 14:20 ET] L market closed | shorts=false trailing=false regime=true
  market closed — nothing to do.
[2026-07-03 14:25 ET] L market closed | shorts=false trailing=false regime=true
  market closed — nothing to do.
[2026-07-03 14:30 ET] L market closed | shorts=false trailing=false regime=true
  market closed — nothing to do.
[2026-07-03 14:35 ET] L market closed | shorts=false trailing=false regime=true
  market closed — nothing to do.
[2026-07-03 14:40 ET] L market closed | shorts=false trailing=false regime=true
  market closed — nothing to do.
[2026-07-03 14:45 ET] L market closed | shorts=false trailing=false regime=true
  market closed — nothing to do.
[2026-07-03 14:50 ET] L market closed | shorts=false trailing=false regime=true
  market closed — nothing to do.
[2026-07-03 14:55 ET] L market closed | shorts=false trailing=false regime=true
  market closed — nothing to do.
[2026-07-03 15:00 ET] L market closed | shorts=false trailing=false regime=true
  market closed — nothing to do.
[2026-07-03 15:05 ET] L market closed | shorts=false trailing=false regime=true
  market closed — nothing to do.
[2026-07-03 15:10 ET] L market closed | shorts=false trailing=false regime=true
  market closed — nothing to do.
[2026-07-03 15:15 ET] L market closed | shorts=false trailing=false regime=true
  market closed — nothing to do.
[2026-07-03 15:20 ET] L market closed | shorts=false trailing=false regime=true
  market closed — nothing to do.
[2026-07-03 15:25 ET] L market closed | shorts=false trailing=false regime=true
  market closed — nothing to do.
[2026-07-03 15:30 ET] L market closed | shorts=false trailing=false regime=true
  market closed — nothing to do.
[2026-07-03 15:35 ET] L market closed | shorts=false trailing=false regime=true
  market closed — nothing to do.
[2026-07-03 15:40 ET] L market closed | shorts=false trailing=false regime=true
  market closed — nothing to do.
[2026-07-03 15:45 ET] L market closed | shorts=false trailing=false regime=true
  market closed — nothing to do.
[2026-07-03 15:50 ET] L market closed | shorts=false trailing=false regime=true
[2026-07-03 15:55 ET] L market closed | shorts=false trailing=false regime=true
[2026-07-03 16:00 ET] L market closed | shorts=false trailing=false regime=true
[2026-07-06 09:30 ET] L market OPEN | shorts=false trailing=false regime=true
  watchlist: ONDS, IREN, RIVN, DRAM, T, NVDA, VZ
[2026-07-06 09:35 ET] L market OPEN | shorts=false trailing=false regime=true
  watchlist: ONDS, IREN, RIVN, DRAM, T, NVDA, VZ
[2026-07-06 09:40 ET] L market OPEN | shorts=false trailing=false regime=true
  watchlist: ONDS, IREN, RIVN, DRAM, T, NVDA, VZ
[2026-07-06 09:45 ET] L market OPEN | shorts=false trailing=false regime=true
  watchlist: ONDS, IREN, RIVN, DRAM, T, NVDA, VZ
  regime SPY 748.64 vs VWAP 748.55 -> bull
[2026-07-06 09:50 ET] L market OPEN | shorts=false trailing=false regime=true
  watchlist: ONDS, IREN, RIVN, DRAM, T, NVDA, VZ
  regime SPY 748.94 vs VWAP 748.60 -> bull
  ENTER long ONDS 145sh @ 7.62 | stop 7.32 tgt8.22 | risk $50 | sec ONDS
   Telegram alert delivered
  ENTER long IREN 21sh @ 44.09 | stop 41.78 tgt48.65 | risk $48 | sec IREN
   Telegram alert delivered
  ENTER long DRAM 30sh @ 65.41 | stop 64.31 tgt67.59 | risk $33 | sec DRAM
   Telegram alert delivered
[2026-07-06 09:55 ET] L market OPEN | shorts=false trailing=false regime=true
  watchlist: ONDS, IREN, RIVN, DRAM, T, NVDA, VZ
  regime SPY 748.90 vs VWAP 748.66 -> bull
  NVDA: notional cap shrinks risk to $19 (< 50% of $50) — skip.
[2026-07-06 10:00 ET] L market OPEN | shorts=false trailing=false regime=true
  watchlist: ONDS, IREN, RIVN, DRAM, T, NVDA, VZ
  regime SPY 748.42 vs VWAP 748.65 -> bear
  RIVN: long break vetoed by bear regime
  NVDA: long break vetoed by bear regime
[2026-07-06 10:05 ET] L market OPEN | shorts=false trailing=false regime=true
  watchlist: ONDS, IREN, RIVN, DRAM, T, NVDA, VZ
  regime SPY 748.38 vs VWAP 748.64 -> bear
  RIVN: long break vetoed by bear regime
  NVDA: long break vetoed by bear regime
[2026-07-06 10:10 ET] L market OPEN | shorts=false trailing=false regime=true
  watchlist: ONDS, IREN, RIVN, DRAM, T, NVDA, VZ
  regime SPY 748.87 vs VWAP 748.64 -> bull
  ENTER long RIVN 47sh @ 19.43 | stop 18.39 tgt21.53 | risk $49 | sec RIVN
   Telegram alert delivered
  max positions (4) reached — no more entries.
[2026-07-06 10:15 ET] L market OPEN | shorts=false trailing=false regime=true
  watchlist: ONDS, IREN, RIVN, DRAM, T, NVDA, VZ
  regime SPY 749.43 vs VWAP 748.70 -> bull
  max positions (4) reached — no more entries.
[2026-07-06 10:20 ET] L market OPEN | shorts=false trailing=false regime=true
  watchlist: ONDS, IREN, RIVN, DRAM, T, NVDA, VZ
  regime SPY 749.19 vs VWAP 748.73 -> bull
  max positions (4) reached — no more entries.
[2026-07-06 10:25 ET] L market OPEN | shorts=false trailing=false regime=true
  watchlist: ONDS, IREN, RIVN, DRAM, T, NVDA, VZ
  regime SPY 749.65 vs VWAP 748.78 -> bull
  max positions (4) reached — no more entries.
[2026-07-06 10:30 ET] L market OPEN | shorts=false trailing=false regime=true
  watchlist: ONDS, IREN, RIVN, DRAM, T, NVDA, VZ
  regime SPY 749.94 vs VWAP 748.83 -> bull
  max positions (4) reached — no more entries.
[2026-07-06 10:35 ET] L market OPEN | shorts=false trailing=false regime=true
  watchlist: ONDS, IREN, RIVN, DRAM, T, NVDA, VZ
  regime SPY 749.70 vs VWAP 748.89 -> bull
  max positions (4) reached — no more entries.
[2026-07-06 10:40 ET] L market OPEN | shorts=false trailing=false regime=true
  watchlist: ONDS, IREN, RIVN, DRAM, T, NVDA, VZ
  regime SPY 749.63 vs VWAP 748.94 -> bull
  max positions (4) reached — no more entries.
[2026-07-06 10:45 ET] L market OPEN | shorts=false trailing=false regime=true
  watchlist: ONDS, IREN, RIVN, DRAM, T, NVDA, VZ
  regime SPY 749.65 vs VWAP 748.96 -> bull
  max positions (4) reached — no more entries.
[2026-07-06 10:50 ET] L market OPEN | shorts=false trailing=false regime=true
  watchlist: ONDS, IREN, RIVN, DRAM, T, NVDA, VZ
  regime SPY 749.75 vs VWAP 748.99 -> bull
  max positions (4) reached — no more entries.
[2026-07-06 10:55 ET] L market OPEN | shorts=false trailing=false regime=true
  watchlist: ONDS, IREN, RIVN, DRAM, T, NVDA, VZ
  regime SPY 749.88 vs VWAP 749.02 -> bull
  max positions (4) reached — no more entries.
[2026-07-06 11:00 ET] L market OPEN | shorts=false trailing=false regime=true
  watchlist: ONDS, IREN, RIVN, DRAM, T, NVDA, VZ
  regime SPY 750.27 vs VWAP 749.07 -> bull
  max positions (4) reached — no more entries.
[2026-07-06 11:05 ET] L market OPEN | shorts=false trailing=false regime=true
  watchlist: ONDS, IREN, RIVN, DRAM, T, NVDA, VZ
  regime SPY 750.18 vs VWAP 749.10 -> bull
  max positions (4) reached — no more entries.
[2026-07-06 11:10 ET] L market OPEN | shorts=false trailing=false regime=true
  watchlist: ONDS, IREN, RIVN, DRAM, T, NVDA, VZ
  regime SPY 750.20 vs VWAP 749.13 -> bull
  max positions (4) reached — no more entries.
[2026-07-06 11:15 ET] L market OPEN | shorts=false trailing=false regime=true
  watchlist: ONDS, IREN, RIVN, DRAM, T, NVDA, VZ
  regime SPY 750.09 vs VWAP 749.20 -> bull
  max positions (4) reached — no more entries.
[2026-07-06 11:20 ET] L market OPEN | shorts=false trailing=false regime=true
  watchlist: ONDS, IREN, RIVN, DRAM, T, NVDA, VZ
  regime SPY 750.00 vs VWAP 749.22 -> bull
  max positions (4) reached — no more entries.
[2026-07-06 11:25 ET] L market OPEN | shorts=false trailing=false regime=true
  watchlist: ONDS, IREN, RIVN, DRAM, T, NVDA, VZ
  regime SPY 750.20 vs VWAP 749.24 -> bull
  max positions (4) reached — no more entries.
[2026-07-06 11:30 ET] L market OPEN | shorts=false trailing=false regime=true
  watchlist: ONDS, IREN, RIVN, DRAM, T, NVDA, VZ
  regime SPY 750.75 vs VWAP 749.30 -> bull
  max positions (4) reached — no more entries.
[2026-07-06 11:35 ET] L market OPEN | shorts=false trailing=false regime=true
  watchlist: ONDS, IREN, RIVN, DRAM, T, NVDA, VZ
[2026-07-06 11:40 ET] L market OPEN | shorts=false trailing=false regime=true
  watchlist: ONDS, IREN, RIVN, DRAM, T, NVDA, VZ
[2026-07-06 11:45 ET] L market OPEN | shorts=false trailing=false regime=true
  watchlist: ONDS, IREN, RIVN, DRAM, T, NVDA, VZ
[2026-07-06 11:50 ET] L market OPEN | shorts=false trailing=false regime=true
  watchlist: ONDS, IREN, RIVN, DRAM, T, NVDA, VZ
[2026-07-06 11:55 ET] L market OPEN | shorts=false trailing=false regime=true
  watchlist: ONDS, IREN, RIVN, DRAM, T, NVDA, VZ
[2026-07-06 12:00 ET] L market OPEN | shorts=false trailing=false regime=true
  watchlist: ONDS, IREN, RIVN, DRAM, T, NVDA, VZ
[2026-07-06 12:05 ET] L market OPEN | shorts=false trailing=false regime=true
  watchlist: ONDS, IREN, RIVN, DRAM, T, NVDA, VZ
[2026-07-06 12:10 ET] L market OPEN | shorts=false trailing=false regime=true
  watchlist: ONDS, IREN, RIVN, DRAM, T, NVDA, VZ
[2026-07-06 12:15 ET] L market OPEN | shorts=false trailing=false regime=true
  watchlist: ONDS, IREN, RIVN, DRAM, T, NVDA, VZ
[2026-07-06 12:20 ET] L market OPEN | shorts=false trailing=false regime=true
  watchlist: ONDS, IREN, RIVN, DRAM, T, NVDA, VZ
[2026-07-06 12:25 ET] L market OPEN | shorts=false trailing=false regime=true
  watchlist: ONDS, IREN, RIVN, DRAM, T, NVDA, VZ
[2026-07-06 12:30 ET] L market OPEN | shorts=false trailing=false regime=true
  watchlist: ONDS, IREN, RIVN, DRAM, T, NVDA, VZ
[2026-07-06 12:35 ET] L market OPEN | shorts=false trailing=false regime=true
  watchlist: ONDS, IREN, RIVN, DRAM, T, NVDA, VZ
[2026-07-06 12:40 ET] L market OPEN | shorts=false trailing=false regime=true
  watchlist: ONDS, IREN, RIVN, DRAM, T, NVDA, VZ
[2026-07-06 12:45 ET] L market OPEN | shorts=false trailing=false regime=true
  watchlist: ONDS, IREN, RIVN, DRAM, T, NVDA, VZ
[2026-07-06 12:50 ET] L market OPEN | shorts=false trailing=false regime=true
  watchlist: ONDS, IREN, RIVN, DRAM, T, NVDA, VZ
[2026-07-06 12:55 ET] L market OPEN | shorts=false trailing=false regime=true
  watchlist: ONDS, IREN, RIVN, DRAM, T, NVDA, VZ
[2026-07-06 13:00 ET] L market OPEN | shorts=false trailing=false regime=true
  watchlist: ONDS, IREN, RIVN, DRAM, T, NVDA, VZ
[2026-07-06 13:05 ET] L market OPEN | shorts=false trailing=false regime=true
  watchlist: ONDS, IREN, RIVN, DRAM, T, NVDA, VZ
[2026-07-06 13:10 ET] L market OPEN | shorts=false trailing=false regime=true
  watchlist: ONDS, IREN, RIVN, DRAM, T, NVDA, VZ
[2026-07-06 13:15 ET] L market OPEN | shorts=false trailing=false regime=true
  watchlist: ONDS, IREN, RIVN, DRAM, T, NVDA, VZ
[2026-07-06 13:20 ET] L market OPEN | shorts=false trailing=false regime=true
  watchlist: ONDS, IREN, RIVN, DRAM, T, NVDA, VZ
[2026-07-06 13:25 ET] L market OPEN | shorts=false trailing=false regime=true
  watchlist: ONDS, IREN, RIVN, DRAM, T, NVDA, VZ
[2026-07-06 13:30 ET] L market OPEN | shorts=false trailing=false regime=true
  watchlist: ONDS, IREN, RIVN, DRAM, T, NVDA, VZ
[2026-07-06 13:35 ET] L market OPEN | shorts=false trailing=false regime=true
  watchlist: ONDS, IREN, RIVN, DRAM, T, NVDA, VZ
[2026-07-06 13:40 ET] L market OPEN | shorts=false trailing=false regime=true
  watchlist: ONDS, IREN, RIVN, DRAM, T, NVDA, VZ
[2026-07-06 13:45 ET] L market OPEN | shorts=false trailing=false regime=true
  watchlist: ONDS, IREN, RIVN, DRAM, T, NVDA, VZ
[2026-07-06 13:50 ET] L market OPEN | shorts=false trailing=false regime=true
  watchlist: ONDS, IREN, RIVN, DRAM, T, NVDA, VZ
[2026-07-06 13:55 ET] L market OPEN | shorts=false trailing=false regime=true
  watchlist: ONDS, IREN, RIVN, DRAM, T, NVDA, VZ
[2026-07-06 14:00 ET] L market OPEN | shorts=false trailing=false regime=true
  EXIT DRAM (long/stop) 30sh @ 64.30 P/L $-33.36 | day $-33.36
   Telegram alert delivered
  watchlist: ONDS, IREN, RIVN, DRAM, T, NVDA, VZ
[2026-07-06 14:05 ET] L market OPEN | shorts=false trailing=false regime=true
  watchlist: ONDS, IREN, RIVN, DRAM, T, NVDA, VZ
[2026-07-06 14:10 ET] L market OPEN | shorts=false trailing=false regime=true
  watchlist: ONDS, IREN, RIVN, DRAM, T, NVDA, VZ
[2026-07-06 14:15 ET] L market OPEN | shorts=false trailing=false regime=true
  watchlist: ONDS, IREN, RIVN, DRAM, T, NVDA, VZ
[2026-07-06 14:20 ET] L market OPEN | shorts=false trailing=false regime=true
  watchlist: ONDS, IREN, RIVN, DRAM, T, NVDA, VZ
[2026-07-06 14:25 ET] L market OPEN | shorts=false trailing=false regime=true
  watchlist: ONDS, IREN, RIVN, DRAM, T, NVDA, VZ
[2026-07-06 14:30 ET] L market OPEN | shorts=false trailing=false regime=true
  watchlist: ONDS, IREN, RIVN, DRAM, T, NVDA, VZ
[2026-07-06 14:35 ET] L market OPEN | shorts=false trailing=false regime=true
  watchlist: ONDS, IREN, RIVN, DRAM, T, NVDA, VZ
[2026-07-06 14:40 ET] L market OPEN | shorts=false trailing=false regime=true
  watchlist: ONDS, IREN, RIVN, DRAM, T, NVDA, VZ
[2026-07-06 14:45 ET] L market OPEN | shorts=false trailing=false regime=true
  watchlist: ONDS, IREN, RIVN, DRAM, T, NVDA, VZ
[2026-07-06 14:50 ET] L market OPEN | shorts=false trailing=false regime=true
  watchlist: ONDS, IREN, RIVN, DRAM, T, NVDA, VZ
[2026-07-06 14:55 ET] L market OPEN | shorts=false trailing=false regime=true
  watchlist: ONDS, IREN, RIVN, DRAM, T, NVDA, VZ
[2026-07-06 15:00 ET] L market OPEN | shorts=false trailing=false regime=true
  watchlist: ONDS, IREN, RIVN, DRAM, T, NVDA, VZ
[2026-07-06 15:05 ET] L market OPEN | shorts=false trailing=false regime=true
  watchlist: ONDS, IREN, RIVN, DRAM, T, NVDA, VZ
[2026-07-06 15:10 ET] L market OPEN | shorts=false trailing=false regime=true
  watchlist: ONDS, IREN, RIVN, DRAM, T, NVDA, VZ
[2026-07-06 15:15 ET] L market OPEN | shorts=false trailing=false regime=true
  watchlist: ONDS, IREN, RIVN, DRAM, T, NVDA, VZ
[2026-07-06 15:20 ET] L market OPEN | shorts=false trailing=false regime=true
  watchlist: ONDS, IREN, RIVN, DRAM, T, NVDA, VZ
[2026-07-06 15:25 ET] L market OPEN | shorts=false trailing=false regime=true
  watchlist: ONDS, IREN, RIVN, DRAM, T, NVDA, VZ
[2026-07-06 15:30 ET] L market OPEN | shorts=false trailing=false regime=true
  watchlist: ONDS, IREN, RIVN, DRAM, T, NVDA, VZ
[2026-07-06 15:35 ET] L market OPEN | shorts=false trailing=false regime=true
  watchlist: ONDS, IREN, RIVN, DRAM, T, NVDA, VZ
[2026-07-06 15:40 ET] L market OPEN | shorts=false trailing=false regime=true
  watchlist: ONDS, IREN, RIVN, DRAM, T, NVDA, VZ
[2026-07-06 15:45 ET] L market OPEN | shorts=false trailing=false regime=true
  watchlist: ONDS, IREN, RIVN, DRAM, T, NVDA, VZ
[2026-07-06 15:50 ET] L market OPEN | shorts=false trailing=false regime=true
  flatten IREN failed: Alpaca /v2/positions/IREN 404: {"code":40410000,"message":"position not found: IREN"}
  flatten ONDS: close not confirmed (status no-order) — leaving open, will retry next run.
  flatten RIVN failed: Alpaca /v2/positions/RIVN 404: {"code":40410000,"message":"position not found: RIVN"}
[2026-07-06 15:55 ET] L market OPEN | shorts=false trailing=false regime=true
  EXIT ONDS (long/exit-partial) 121sh @ 7.62 P/L $0.00 | day $-33.36
   Telegram alert delivered
  EXIT IREN (long/exit) 21sh @ 44.09 P/L $0.00 | day $-33.36
   Telegram alert delivered
  EXIT RIVN (long/exit) 47sh @ 19.90 P/L $22.09 | day $-11.27
   Telegram alert delivered
  flatten ONDS: close not confirmed (status no-order) — leaving open, will retry next run.
[2026-07-06 16:00 ET] L market closed | shorts=false trailing=false regime=true
  EXIT ONDS (long/exit-partial) 21sh @ 7.62 P/L $0.00 | day $-11.27
   Telegram alert delivered
  flatten ONDS: close not confirmed (status no-order) — leaving open, will retry next run.
[2026-07-07 09:30 ET] L market OPEN | shorts=false trailing=false regime=true
  watchlist: WULF, JOBY, OPEN, IREN, TSLA, ONDS, BITO, T
[2026-07-07 09:35 ET] L market OPEN | shorts=false trailing=false regime=true
  watchlist: WULF, JOBY, OPEN, IREN, TSLA, ONDS, BITO, T
[2026-07-07 09:40 ET] L market OPEN | shorts=false trailing=false regime=true
  watchlist: WULF, JOBY, OPEN, IREN, TSLA, ONDS, BITO, T
[2026-07-07 09:45 ET] L market OPEN | shorts=false trailing=false regime=true
  watchlist: WULF, JOBY, OPEN, IREN, TSLA, ONDS, BITO, T
  regime SPY 750.05 vs VWAP 749.79 -> bull
[2026-07-07 09:50 ET] L market OPEN | shorts=false trailing=false regime=true
  watchlist: WULF, JOBY, OPEN, IREN, TSLA, ONDS, BITO, T
  regime SPY 749.65 vs VWAP 749.79 -> bear
  BITO: long break vetoed by bear regime
[2026-07-07 09:55 ET] L market OPEN | shorts=false trailing=false regime=true
  watchlist: WULF, JOBY, OPEN, IREN, TSLA, ONDS, BITO, T
  regime SPY 748.91 vs VWAP 749.69 -> bear
  T: long break vetoed by bear regime
[2026-07-07 10:00 ET] L market OPEN | shorts=false trailing=false regime=true
  watchlist: WULF, JOBY, OPEN, IREN, TSLA, ONDS, BITO, T
  regime SPY 748.77 vs VWAP 749.54 -> bear
[2026-07-07 10:05 ET] L market OPEN | shorts=false trailing=false regime=true
  watchlist: WULF, JOBY, OPEN, IREN, TSLA, ONDS, BITO, T
  regime SPY 748.54 vs VWAP 749.46 -> bear
  T: long break vetoed by bear regime
[2026-07-07 10:10 ET] L market OPEN | shorts=false trailing=false regime=true
  watchlist: WULF, JOBY, OPEN, IREN, TSLA, ONDS, BITO, T
  regime SPY 748.26 vs VWAP 749.38 -> bear
[2026-07-07 10:15 ET] L market OPEN | shorts=false trailing=false regime=true
  watchlist: WULF, JOBY, OPEN, IREN, TSLA, ONDS, BITO, T
  regime SPY 747.01 vs VWAP 749.17 -> bear
[2026-07-07 10:20 ET] L market OPEN | shorts=false trailing=false regime=true
  watchlist: WULF, JOBY, OPEN, IREN, TSLA, ONDS, BITO, T
  regime SPY 747.45 vs VWAP 748.90 -> bear
[2026-07-07 10:25 ET] L market OPEN | shorts=false trailing=false regime=true
  watchlist: WULF, JOBY, OPEN, IREN, TSLA, ONDS, BITO, T
  regime SPY 746.64 vs VWAP 748.77 -> bear
[2026-07-07 10:30 ET] L market OPEN | shorts=false trailing=false regime=true
  watchlist: WULF, JOBY, OPEN, IREN, TSLA, ONDS, BITO, T
  regime SPY 746.70 vs VWAP 748.44 -> bear
[2026-07-07 10:35 ET] L market OPEN | shorts=false trailing=false regime=true
  watchlist: WULF, JOBY, OPEN, IREN, TSLA, ONDS, BITO, T
  regime SPY 746.39 vs VWAP 748.30 -> bear
[2026-07-07 10:40 ET] L market OPEN | shorts=false trailing=false regime=true
  watchlist: WULF, JOBY, OPEN, IREN, TSLA, ONDS, BITO, T
  regime SPY 745.88 vs VWAP 748.18 -> bear
[2026-07-07 10:45 ET] L market OPEN | shorts=false trailing=false regime=true
  watchlist: WULF, JOBY, OPEN, IREN, TSLA, ONDS, BITO, T
  regime SPY 745.69 vs VWAP 748.02 -> bear
[2026-07-07 10:50 ET] L market OPEN | shorts=false trailing=false regime=true
  watchlist: WULF, JOBY, OPEN, IREN, TSLA, ONDS, BITO, T
  regime SPY 746.11 vs VWAP 747.89 -> bear
[2026-07-07 10:55 ET] L market OPEN | shorts=false trailing=false regime=true
  watchlist: WULF, JOBY, OPEN, IREN, TSLA, ONDS, BITO, T
  regime SPY 746.61 vs VWAP 747.81 -> bear
  BITO: long break vetoed by bear regime
[2026-07-07 11:00 ET] L market OPEN | shorts=false trailing=false regime=true
  watchlist: WULF, JOBY, OPEN, IREN, TSLA, ONDS, BITO, T
  regime SPY 746.62 vs VWAP 747.72 -> bear
  BITO: long break vetoed by bear regime
[2026-07-07 11:05 ET] L market OPEN | shorts=false trailing=false regime=true
  watchlist: WULF, JOBY, OPEN, IREN, TSLA, ONDS, BITO, T
  regime SPY 746.37 vs VWAP 747.63 -> bear
  BITO: long break vetoed by bear regime
[2026-07-07 11:10 ET] L market OPEN | shorts=false trailing=false regime=true
  watchlist: WULF, JOBY, OPEN, IREN, TSLA, ONDS, BITO, T
  regime SPY 746.51 vs VWAP 747.58 -> bear
  BITO: long break vetoed by bear regime
[2026-07-07 11:15 ET] L market OPEN | shorts=false trailing=false regime=true
  watchlist: WULF, JOBY, OPEN, IREN, TSLA, ONDS, BITO, T
  regime SPY 746.10 vs VWAP 747.52 -> bear
  BITO: long break vetoed by bear regime
[2026-07-07 11:20 ET] L market OPEN | shorts=false trailing=false regime=true
  watchlist: WULF, JOBY, OPEN, IREN, TSLA, ONDS, BITO, T
  regime SPY 745.95 vs VWAP 747.46 -> bear
  BITO: long break vetoed by bear regime
[2026-07-07 11:25 ET] L market OPEN | shorts=false trailing=false regime=true
  watchlist: WULF, JOBY, OPEN, IREN, TSLA, ONDS, BITO, T
  regime SPY 745.87 vs VWAP 747.42 -> bear
  BITO: long break vetoed by bear regime
[2026-07-07 11:30 ET] L market OPEN | shorts=false trailing=false regime=true
  watchlist: WULF, JOBY, OPEN, IREN, TSLA, ONDS, BITO, T
  regime SPY 746.16 vs VWAP 747.40 -> bear
  BITO: long break vetoed by bear regime
[2026-07-07 11:35 ET] L market OPEN | shorts=false trailing=false regime=true
  watchlist: WULF, JOBY, OPEN, IREN, TSLA, ONDS, BITO, T
[2026-07-07 11:40 ET] L market OPEN | shorts=false trailing=false regime=true
  watchlist: WULF, JOBY, OPEN, IREN, TSLA, ONDS, BITO, T
[2026-07-07 11:45 ET] L market OPEN | shorts=false trailing=false regime=true
  watchlist: WULF, JOBY, OPEN, IREN, TSLA, ONDS, BITO, T
[2026-07-07 11:50 ET] L market OPEN | shorts=false trailing=false regime=true
  watchlist: WULF, JOBY, OPEN, IREN, TSLA, ONDS, BITO, T
[2026-07-07 11:55 ET] L market OPEN | shorts=false trailing=false regime=true
  watchlist: WULF, JOBY, OPEN, IREN, TSLA, ONDS, BITO, T
[2026-07-07 12:00 ET] L market OPEN | shorts=false trailing=false regime=true
  watchlist: WULF, JOBY, OPEN, IREN, TSLA, ONDS, BITO, T
[2026-07-07 12:05 ET] L market OPEN | shorts=false trailing=false regime=true
  watchlist: WULF, JOBY, OPEN, IREN, TSLA, ONDS, BITO, T
[2026-07-07 12:10 ET] L market OPEN | shorts=false trailing=false regime=true
  watchlist: WULF, JOBY, OPEN, IREN, TSLA, ONDS, BITO, T
[2026-07-07 12:15 ET] L market OPEN | shorts=false trailing=false regime=true
  watchlist: WULF, JOBY, OPEN, IREN, TSLA, ONDS, BITO, T
[2026-07-07 12:20 ET] L market OPEN | shorts=false trailing=false regime=true
  watchlist: WULF, JOBY, OPEN, IREN, TSLA, ONDS, BITO, T
[2026-07-07 12:25 ET] L market OPEN | shorts=false trailing=false regime=true
  watchlist: WULF, JOBY, OPEN, IREN, TSLA, ONDS, BITO, T
[2026-07-07 12:30 ET] L market OPEN | shorts=false trailing=false regime=true
  watchlist: WULF, JOBY, OPEN, IREN, TSLA, ONDS, BITO, T
[2026-07-07 12:35 ET] L market OPEN | shorts=false trailing=false regime=true
  watchlist: WULF, JOBY, OPEN, IREN, TSLA, ONDS, BITO, T
[2026-07-07 12:40 ET] L market OPEN | shorts=false trailing=false regime=true
  watchlist: WULF, JOBY, OPEN, IREN, TSLA, ONDS, BITO, T
[2026-07-07 12:45 ET] L market OPEN | shorts=false trailing=false regime=true
  watchlist: WULF, JOBY, OPEN, IREN, TSLA, ONDS, BITO, T
[2026-07-07 12:50 ET] L market OPEN | shorts=false trailing=false regime=true
  watchlist: WULF, JOBY, OPEN, IREN, TSLA, ONDS, BITO, T
[2026-07-07 12:55 ET] L market OPEN | shorts=false trailing=false regime=true
  watchlist: WULF, JOBY, OPEN, IREN, TSLA, ONDS, BITO, T
[2026-07-07 13:00 ET] L market OPEN | shorts=false trailing=false regime=true
  watchlist: WULF, JOBY, OPEN, IREN, TSLA, ONDS, BITO, T
[2026-07-07 13:05 ET] L market OPEN | shorts=false trailing=false regime=true
  watchlist: WULF, JOBY, OPEN, IREN, TSLA, ONDS, BITO, T
[2026-07-07 13:10 ET] L market OPEN | shorts=false trailing=false regime=true
  watchlist: WULF, JOBY, OPEN, IREN, TSLA, ONDS, BITO, T
[2026-07-07 13:15 ET] L market OPEN | shorts=false trailing=false regime=true
  watchlist: WULF, JOBY, OPEN, IREN, TSLA, ONDS, BITO, T
[2026-07-07 13:20 ET] L market OPEN | shorts=false trailing=false regime=true
  watchlist: WULF, JOBY, OPEN, IREN, TSLA, ONDS, BITO, T
[2026-07-07 13:25 ET] L market OPEN | shorts=false trailing=false regime=true
  watchlist: WULF, JOBY, OPEN, IREN, TSLA, ONDS, BITO, T
[2026-07-07 13:30 ET] L market OPEN | shorts=false trailing=false regime=true
  watchlist: WULF, JOBY, OPEN, IREN, TSLA, ONDS, BITO, T
[2026-07-07 13:35 ET] L market OPEN | shorts=false trailing=false regime=true
  watchlist: WULF, JOBY, OPEN, IREN, TSLA, ONDS, BITO, T
[2026-07-07 13:40 ET] L market OPEN | shorts=false trailing=false regime=true
  watchlist: WULF, JOBY, OPEN, IREN, TSLA, ONDS, BITO, T
[2026-07-07 13:45 ET] L market OPEN | shorts=false trailing=false regime=true
  watchlist: WULF, JOBY, OPEN, IREN, TSLA, ONDS, BITO, T
[2026-07-07 13:50 ET] L market OPEN | shorts=false trailing=false regime=true
  watchlist: WULF, JOBY, OPEN, IREN, TSLA, ONDS, BITO, T
[2026-07-07 13:55 ET] L market OPEN | shorts=false trailing=false regime=true
  watchlist: WULF, JOBY, OPEN, IREN, TSLA, ONDS, BITO, T
[2026-07-07 14:00 ET] L market OPEN | shorts=false trailing=false regime=true
  watchlist: WULF, JOBY, OPEN, IREN, TSLA, ONDS, BITO, T
[2026-07-07 14:05 ET] L market OPEN | shorts=false trailing=false regime=true
  watchlist: WULF, JOBY, OPEN, IREN, TSLA, ONDS, BITO, T
[2026-07-07 14:10 ET] L market OPEN | shorts=false trailing=false regime=true
  watchlist: WULF, JOBY, OPEN, IREN, TSLA, ONDS, BITO, T
[2026-07-07 14:15 ET] L market OPEN | shorts=false trailing=false regime=true
  watchlist: WULF, JOBY, OPEN, IREN, TSLA, ONDS, BITO, T
[2026-07-07 14:20 ET] L market OPEN | shorts=false trailing=false regime=true
  watchlist: WULF, JOBY, OPEN, IREN, TSLA, ONDS, BITO, T
[2026-07-07 14:25 ET] L market OPEN | shorts=false trailing=false regime=true
  watchlist: WULF, JOBY, OPEN, IREN, TSLA, ONDS, BITO, T
[2026-07-07 14:30 ET] L market OPEN | shorts=false trailing=false regime=true
  watchlist: WULF, JOBY, OPEN, IREN, TSLA, ONDS, BITO, T
[2026-07-07 14:35 ET] L market OPEN | shorts=false trailing=false regime=true
  watchlist: WULF, JOBY, OPEN, IREN, TSLA, ONDS, BITO, T
[2026-07-07 14:40 ET] L market OPEN | shorts=false trailing=false regime=true
  watchlist: WULF, JOBY, OPEN, IREN, TSLA, ONDS, BITO, T
[2026-07-07 14:45 ET] L market OPEN | shorts=false trailing=false regime=true
  watchlist: WULF, JOBY, OPEN, IREN, TSLA, ONDS, BITO, T
[2026-07-07 14:50 ET] L market OPEN | shorts=false trailing=false regime=true
  watchlist: WULF, JOBY, OPEN, IREN, TSLA, ONDS, BITO, T
[2026-07-07 14:55 ET] L market OPEN | shorts=false trailing=false regime=true
  watchlist: WULF, JOBY, OPEN, IREN, TSLA, ONDS, BITO, T
[2026-07-07 15:00 ET] L market OPEN | shorts=false trailing=false regime=true
  watchlist: WULF, JOBY, OPEN, IREN, TSLA, ONDS, BITO, T
[2026-07-07 15:05 ET] L market OPEN | shorts=false trailing=false regime=true
  watchlist: WULF, JOBY, OPEN, IREN, TSLA, ONDS, BITO, T
[2026-07-07 15:10 ET] L market OPEN | shorts=false trailing=false regime=true
  watchlist: WULF, JOBY, OPEN, IREN, TSLA, ONDS, BITO, T
[2026-07-07 15:15 ET] L market OPEN | shorts=false trailing=false regime=true
  watchlist: WULF, JOBY, OPEN, IREN, TSLA, ONDS, BITO, T
[2026-07-07 15:20 ET] L market OPEN | shorts=false trailing=false regime=true
  watchlist: WULF, JOBY, OPEN, IREN, TSLA, ONDS, BITO, T
[2026-07-07 15:25 ET] L market OPEN | shorts=false trailing=false regime=true
  watchlist: WULF, JOBY, OPEN, IREN, TSLA, ONDS, BITO, T
[2026-07-07 15:30 ET] L market OPEN | shorts=false trailing=false regime=true
  watchlist: WULF, JOBY, OPEN, IREN, TSLA, ONDS, BITO, T
[2026-07-07 15:35 ET] L market OPEN | shorts=false trailing=false regime=true
  watchlist: WULF, JOBY, OPEN, IREN, TSLA, ONDS, BITO, T
[2026-07-07 15:40 ET] L market OPEN | shorts=false trailing=false regime=true
  watchlist: WULF, JOBY, OPEN, IREN, TSLA, ONDS, BITO, T
[2026-07-07 15:45 ET] L market OPEN | shorts=false trailing=false regime=true
  watchlist: WULF, JOBY, OPEN, IREN, TSLA, ONDS, BITO, T
[2026-07-07 15:50 ET] L market OPEN | shorts=false trailing=false regime=true
  EOD flatten ONDS 3sh @ 7.36 P/L $-0.70 | day $-0.70
   Telegram alert delivered
[2026-07-07 15:55 ET] L market OPEN | shorts=false trailing=false regime=true
[2026-07-07 16:00 ET] L market closed | shorts=false trailing=false regime=true
[2026-07-08 14:27 ET] L market OPEN | shorts=false trailing=false regime=true
  watchlist: NVD, QXO, RIVN, AAL, DRAM
[2026-07-08 14:32 ET] L market OPEN | shorts=false trailing=false regime=true
  watchlist: NVD, QXO, RIVN, AAL, DRAM
[2026-07-08 14:37 ET] L market OPEN | shorts=false trailing=false regime=true
  watchlist: NVD, QXO, RIVN, AAL, DRAM
[2026-07-08 14:40 ET] L market OPEN | shorts=false trailing=false regime=true
  watchlist: NVD, QXO, RIVN, AAL, DRAM
[2026-07-08 14:45 ET] L market OPEN | shorts=false trailing=false regime=true
  watchlist: NVD, QXO, RIVN, AAL, DRAM
[2026-07-08 14:50 ET] L market OPEN | shorts=false trailing=false regime=true
  watchlist: NVD, QXO, RIVN, AAL, DRAM
[2026-07-08 14:55 ET] L market OPEN | shorts=false trailing=false regime=true
  watchlist: NVD, QXO, RIVN, AAL, DRAM
[2026-07-08 15:00 ET] L market OPEN | shorts=false trailing=false regime=true
  watchlist: NVD, QXO, RIVN, AAL, DRAM
[2026-07-08 15:05 ET] L market OPEN | shorts=false trailing=false regime=true
  watchlist: NVD, QXO, RIVN, AAL, DRAM
[2026-07-08 15:10 ET] L market OPEN | shorts=false trailing=false regime=true
  watchlist: NVD, QXO, RIVN, AAL, DRAM
[2026-07-08 15:15 ET] L market OPEN | shorts=false trailing=false regime=true
  watchlist: NVD, QXO, RIVN, AAL, DRAM
[2026-07-08 15:34 ET] L market OPEN | shorts=false trailing=false regime=true
  watchlist: NVD, QXO, RIVN, AAL, DRAM
[2026-07-08 15:35 ET] L market OPEN | shorts=false trailing=false regime=true
  watchlist: NVD, QXO, RIVN, AAL, DRAM
[2026-07-08 15:39 ET] L market OPEN | shorts=false trailing=false regime=true
  watchlist: NVD, QXO, RIVN, AAL, DRAM
[2026-07-08 15:45 ET] L market OPEN | shorts=false trailing=false regime=true
  watchlist: NVD, QXO, RIVN, AAL, DRAM
[2026-07-08 15:50 ET] L market OPEN | shorts=false trailing=false regime=true
stockbot error: fetch failed
[2026-07-09 09:30 ET] L market OPEN | shorts=false trailing=false regime=true
  no watchlist for today — run scan.js pre-market.
[2026-07-09 09:35 ET] L market OPEN | shorts=false trailing=false regime=true
  no watchlist for today — run scan.js pre-market.
[2026-07-09 09:40 ET] L market OPEN | shorts=false trailing=false regime=true
  no watchlist for today — run scan.js pre-market.
[2026-07-09 09:45 ET] L market OPEN | shorts=false trailing=false regime=true
  no watchlist for today — run scan.js pre-market.
[2026-07-09 09:49 ET] L market OPEN | shorts=false trailing=false regime=true
  watchlist: SMCI, DRAM, INTC, NVDA, NOK
  regime SPY 748.02 vs VWAP 747.67 -> bull
[2026-07-09 09:50 ET] L market OPEN | shorts=false trailing=false regime=true
  watchlist: SMCI, DRAM, INTC, NVDA, NOK
  regime SPY 748.11 vs VWAP 747.69 -> bull
[2026-07-09 09:55 ET] L market OPEN | shorts=false trailing=false regime=true
  watchlist: SMCI, DRAM, INTC, NVDA, NOK
  regime SPY 748.93 vs VWAP 747.85 -> bull
[2026-07-09 10:00 ET] L market OPEN | shorts=false trailing=false regime=true
  watchlist: SMCI, DRAM, INTC, NVDA, NOK
  regime SPY 748.59 vs VWAP 747.95 -> bull
[2026-07-09 10:05 ET] L market OPEN | shorts=false trailing=false regime=true
  watchlist: SMCI, DRAM, INTC, NVDA, NOK
  regime SPY 748.72 vs VWAP 748.03 -> bull
[2026-07-09 10:10 ET] L market OPEN | shorts=false trailing=false regime=true
  watchlist: SMCI, DRAM, INTC, NVDA, NOK
  regime SPY 748.07 vs VWAP 748.06 -> bull
[2026-07-09 10:15 ET] L market OPEN | shorts=false trailing=false regime=true
  watchlist: SMCI, DRAM, INTC, NVDA, NOK
  regime SPY 747.58 vs VWAP 748.01 -> bear
[2026-07-09 10:20 ET] L market OPEN | shorts=false trailing=false regime=true
  watchlist: SMCI, DRAM, INTC, NVDA, NOK
  regime SPY 746.23 vs VWAP 747.70 -> bear
[2026-07-09 10:25 ET] L market OPEN | shorts=false trailing=false regime=true
  watchlist: SMCI, DRAM, INTC, NVDA, NOK
  regime SPY 746.93 vs VWAP 747.54 -> bear
[2026-07-09 10:30 ET] L market OPEN | shorts=false trailing=false regime=true
  watchlist: SMCI, DRAM, INTC, NVDA, NOK
  regime SPY 747.86 vs VWAP 747.55 -> bull
  ENTER long NOK 146sh @ 12.68 | stop 12.39 tgt13.24 | risk $44 | sec NOK
   Telegram alert delivered
[2026-07-09 10:35 ET] L market OPEN | shorts=false trailing=false regime=true
  watchlist: SMCI, DRAM, INTC, NVDA, NOK
  regime SPY 747.53 vs VWAP 747.55 -> bear
[2026-07-09 10:40 ET] L market OPEN | shorts=false trailing=false regime=true
  watchlist: SMCI, DRAM, INTC, NVDA, NOK
  regime SPY 748.43 vs VWAP 747.57 -> bull
[2026-07-09 10:45 ET] L market OPEN | shorts=false trailing=false regime=true
  watchlist: SMCI, DRAM, INTC, NVDA, NOK
  regime SPY 747.86 vs VWAP 747.58 -> bull
stockbot error: fetch failed
stockbot error: fetch failed
stockbot error: fetch failed
[2026-07-09 13:10 ET] L market OPEN | shorts=false trailing=false regime=true
  watchlist: SMCI, DRAM, INTC, NVDA, NOK
[2026-07-09 13:15 ET] L market OPEN | shorts=false trailing=false regime=true
  watchlist: SMCI, DRAM, INTC, NVDA, NOK
[2026-07-09 13:20 ET] L market OPEN | shorts=false trailing=false regime=true
  watchlist: SMCI, DRAM, INTC, NVDA, NOK
[2026-07-10 09:30 ET] L market OPEN | shorts=false trailing=false regime=true
  watchlist: MARA, OPEN, RIVN, NOK, NVD, WULF, TQQQ
[2026-07-10 09:35 ET] L market OPEN | shorts=false trailing=false regime=true
  watchlist: MARA, OPEN, RIVN, NOK, NVD, WULF, TQQQ
[2026-07-10 09:40 ET] L market OPEN | shorts=false trailing=false regime=true
  watchlist: MARA, OPEN, RIVN, NOK, NVD, WULF, TQQQ
[2026-07-10 09:45 ET] L market OPEN | shorts=false trailing=false regime=true
  watchlist: MARA, OPEN, RIVN, NOK, NVD, WULF, TQQQ
  regime SPY 752.19 vs VWAP 752.46 -> bear
[2026-07-10 09:50 ET] L market OPEN | shorts=false trailing=false regime=true
  watchlist: MARA, OPEN, RIVN, NOK, NVD, WULF, TQQQ
  regime SPY 753.03 vs VWAP 752.51 -> bull
  ENTER long TQQQ 26sh @ 76.35 | stop 75.25 tgt78.46 | risk $28 | sec index
   Telegram alert delivered
[2026-07-10 09:55 ET] L market OPEN | shorts=false trailing=false regime=true
  watchlist: MARA, OPEN, RIVN, NOK, NVD, WULF, TQQQ
  regime SPY 752.90 vs VWAP 752.58 -> bull
  ENTER long RIVN 107sh @ 18.69 | stop 18.25 tgt19.57 | risk $47 | sec RIVN
   Telegram alert delivered
[2026-07-10 10:00 ET] L market OPEN | shorts=false trailing=false regime=true
  watchlist: MARA, OPEN, RIVN, NOK, NVD, WULF, TQQQ
  regime SPY 752.92 vs VWAP 752.64 -> bull
[2026-07-10 10:05 ET] L market OPEN | shorts=false trailing=false regime=true
  watchlist: MARA, OPEN, RIVN, NOK, NVD, WULF, TQQQ
  regime SPY 753.08 vs VWAP 752.69 -> bull
[2026-07-10 10:10 ET] L market OPEN | shorts=false trailing=false regime=true
  watchlist: MARA, OPEN, RIVN, NOK, NVD, WULF, TQQQ
  regime SPY 753.06 vs VWAP 752.72 -> bull
[2026-07-10 10:15 ET] L market OPEN | shorts=false trailing=false regime=true
  watchlist: MARA, OPEN, RIVN, NOK, NVD, WULF, TQQQ
  regime SPY 752.67 vs VWAP 752.73 -> bear
[2026-07-10 10:20 ET] L market OPEN | shorts=false trailing=false regime=true
  watchlist: MARA, OPEN, RIVN, NOK, NVD, WULF, TQQQ
  regime SPY 752.66 vs VWAP 752.72 -> bear
[2026-07-10 10:25 ET] L market OPEN | shorts=false trailing=false regime=true
  watchlist: MARA, OPEN, RIVN, NOK, NVD, WULF, TQQQ
  regime SPY 752.57 vs VWAP 752.69 -> bear
[2026-07-10 10:30 ET] L market OPEN | shorts=false trailing=false regime=true
  watchlist: MARA, OPEN, RIVN, NOK, NVD, WULF, TQQQ
  regime SPY 752.57 vs VWAP 752.68 -> bear
[2026-07-10 10:35 ET] L market OPEN | shorts=false trailing=false regime=true
  EXIT TQQQ (long/stop) 26sh @ 74.65 P/L $-44.28 | day $-44.28
   Telegram alert delivered
  watchlist: MARA, OPEN, RIVN, NOK, NVD, WULF, TQQQ
  regime SPY 750.94 vs VWAP 752.33 -> bear
[2026-07-10 10:40 ET] L market OPEN | shorts=false trailing=false regime=true
  watchlist: MARA, OPEN, RIVN, NOK, NVD, WULF, TQQQ
  regime SPY 751.70 vs VWAP 752.24 -> bear
[2026-07-10 10:45 ET] L market OPEN | shorts=false trailing=false regime=true
  watchlist: MARA, OPEN, RIVN, NOK, NVD, WULF, TQQQ
  regime SPY 752.10 vs VWAP 752.22 -> bear
[2026-07-10 10:50 ET] L market OPEN | shorts=false trailing=false regime=true
  watchlist: MARA, OPEN, RIVN, NOK, NVD, WULF, TQQQ
  regime SPY 752.40 vs VWAP 752.22 -> bull
[2026-07-10 10:55 ET] L market OPEN | shorts=false trailing=false regime=true
  watchlist: MARA, OPEN, RIVN, NOK, NVD, WULF, TQQQ
  regime SPY 752.00 vs VWAP 752.22 -> bear
[2026-07-10 11:00 ET] L market OPEN | shorts=false trailing=false regime=true
  watchlist: MARA, OPEN, RIVN, NOK, NVD, WULF, TQQQ
  regime SPY 751.23 vs VWAP 752.19 -> bear
[2026-07-10 11:05 ET] L market OPEN | shorts=false trailing=false regime=true
  watchlist: MARA, OPEN, RIVN, NOK, NVD, WULF, TQQQ
  regime SPY 751.00 vs VWAP 752.14 -> bear
[2026-07-10 11:10 ET] L market OPEN | shorts=false trailing=false regime=true
  watchlist: MARA, OPEN, RIVN, NOK, NVD, WULF, TQQQ
  regime SPY 751.75 vs VWAP 752.12 -> bear
[2026-07-10 11:15 ET] L market OPEN | shorts=false trailing=false regime=true
  watchlist: MARA, OPEN, RIVN, NOK, NVD, WULF, TQQQ
  regime SPY 751.87 vs VWAP 752.12 -> bear
[2026-07-10 11:20 ET] L market OPEN | shorts=false trailing=false regime=true
  watchlist: MARA, OPEN, RIVN, NOK, NVD, WULF, TQQQ
  regime SPY 752.67 vs VWAP 752.14 -> bull
[2026-07-10 11:25 ET] L market OPEN | shorts=false trailing=false regime=true
  watchlist: MARA, OPEN, RIVN, NOK, NVD, WULF, TQQQ
  regime SPY 753.02 vs VWAP 752.16 -> bull
[2026-07-10 11:30 ET] L market OPEN | shorts=false trailing=false regime=true
  watchlist: MARA, OPEN, RIVN, NOK, NVD, WULF, TQQQ
  regime SPY 753.23 vs VWAP 752.20 -> bull
[2026-07-10 11:35 ET] L market OPEN | shorts=false trailing=false regime=true
  watchlist: MARA, OPEN, RIVN, NOK, NVD, WULF, TQQQ
[2026-07-10 11:40 ET] L market OPEN | shorts=false trailing=false regime=true
  watchlist: MARA, OPEN, RIVN, NOK, NVD, WULF, TQQQ
[2026-07-10 11:45 ET] L market OPEN | shorts=false trailing=false regime=true
  watchlist: MARA, OPEN, RIVN, NOK, NVD, WULF, TQQQ
[2026-07-10 11:50 ET] L market OPEN | shorts=false trailing=false regime=true
  EXIT RIVN (long/stop) 107sh @ 18.27 P/L $-44.41 | day $-88.69
   Telegram alert delivered
  watchlist: MARA, OPEN, RIVN, NOK, NVD, WULF, TQQQ
[2026-07-10 11:55 ET] L market OPEN | shorts=false trailing=false regime=true
  watchlist: MARA, OPEN, RIVN, NOK, NVD, WULF, TQQQ
[2026-07-10 12:00 ET] L market OPEN | shorts=false trailing=false regime=true
  watchlist: MARA, OPEN, RIVN, NOK, NVD, WULF, TQQQ
[2026-07-10 12:05 ET] L market OPEN | shorts=false trailing=false regime=true
  watchlist: MARA, OPEN, RIVN, NOK, NVD, WULF, TQQQ
[2026-07-10 12:10 ET] L market OPEN | shorts=false trailing=false regime=true
  watchlist: MARA, OPEN, RIVN, NOK, NVD, WULF, TQQQ
[2026-07-10 12:15 ET] L market OPEN | shorts=false trailing=false regime=true
  watchlist: MARA, OPEN, RIVN, NOK, NVD, WULF, TQQQ
[2026-07-10 12:20 ET] L market OPEN | shorts=false trailing=false regime=true
  watchlist: MARA, OPEN, RIVN, NOK, NVD, WULF, TQQQ
[2026-07-10 12:25 ET] L market OPEN | shorts=false trailing=false regime=true
  watchlist: MARA, OPEN, RIVN, NOK, NVD, WULF, TQQQ
[2026-07-10 12:30 ET] L market OPEN | shorts=false trailing=false regime=true
  watchlist: MARA, OPEN, RIVN, NOK, NVD, WULF, TQQQ
[2026-07-10 12:35 ET] L market OPEN | shorts=false trailing=false regime=true
  watchlist: MARA, OPEN, RIVN, NOK, NVD, WULF, TQQQ
[2026-07-10 12:40 ET] L market OPEN | shorts=false trailing=false regime=true
  watchlist: MARA, OPEN, RIVN, NOK, NVD, WULF, TQQQ
[2026-07-10 12:45 ET] L market OPEN | shorts=false trailing=false regime=true
  watchlist: MARA, OPEN, RIVN, NOK, NVD, WULF, TQQQ
[2026-07-10 12:50 ET] L market OPEN | shorts=false trailing=false regime=true
  watchlist: MARA, OPEN, RIVN, NOK, NVD, WULF, TQQQ
[2026-07-10 12:55 ET] L market OPEN | shorts=false trailing=false regime=true
  watchlist: MARA, OPEN, RIVN, NOK, NVD, WULF, TQQQ
[2026-07-10 13:00 ET] L market OPEN | shorts=false trailing=false regime=true
  watchlist: MARA, OPEN, RIVN, NOK, NVD, WULF, TQQQ
[2026-07-10 13:05 ET] L market OPEN | shorts=false trailing=false regime=true
  watchlist: MARA, OPEN, RIVN, NOK, NVD, WULF, TQQQ
[2026-07-10 13:10 ET] L market OPEN | shorts=false trailing=false regime=true
  watchlist: MARA, OPEN, RIVN, NOK, NVD, WULF, TQQQ
[2026-07-10 13:15 ET] L market OPEN | shorts=false trailing=false regime=true
  watchlist: MARA, OPEN, RIVN, NOK, NVD, WULF, TQQQ
[2026-07-10 13:20 ET] L market OPEN | shorts=false trailing=false regime=true
  watchlist: MARA, OPEN, RIVN, NOK, NVD, WULF, TQQQ
[2026-07-10 13:25 ET] L market OPEN | shorts=false trailing=false regime=true
  watchlist: MARA, OPEN, RIVN, NOK, NVD, WULF, TQQQ
[2026-07-10 13:30 ET] L market OPEN | shorts=false trailing=false regime=true
  watchlist: MARA, OPEN, RIVN, NOK, NVD, WULF, TQQQ
[2026-07-10 13:35 ET] L market OPEN | shorts=false trailing=false regime=true
  watchlist: MARA, OPEN, RIVN, NOK, NVD, WULF, TQQQ
[2026-07-10 13:40 ET] L market OPEN | shorts=false trailing=false regime=true
  watchlist: MARA, OPEN, RIVN, NOK, NVD, WULF, TQQQ
[2026-07-10 13:45 ET] L market OPEN | shorts=false trailing=false regime=true
  watchlist: MARA, OPEN, RIVN, NOK, NVD, WULF, TQQQ
[2026-07-10 13:50 ET] L market OPEN | shorts=false trailing=false regime=true
  watchlist: MARA, OPEN, RIVN, NOK, NVD, WULF, TQQQ
[2026-07-10 13:55 ET] L market OPEN | shorts=false trailing=false regime=true
  watchlist: MARA, OPEN, RIVN, NOK, NVD, WULF, TQQQ
[2026-07-10 14:00 ET] L market OPEN | shorts=false trailing=false regime=true
  watchlist: MARA, OPEN, RIVN, NOK, NVD, WULF, TQQQ
[2026-07-10 14:05 ET] L market OPEN | shorts=false trailing=false regime=true
  watchlist: MARA, OPEN, RIVN, NOK, NVD, WULF, TQQQ
[2026-07-10 14:10 ET] L market OPEN | shorts=false trailing=false regime=true
  watchlist: MARA, OPEN, RIVN, NOK, NVD, WULF, TQQQ
[2026-07-10 14:15 ET] L market OPEN | shorts=false trailing=false regime=true
  watchlist: MARA, OPEN, RIVN, NOK, NVD, WULF, TQQQ
[2026-07-10 14:20 ET] L market OPEN | shorts=false trailing=false regime=true
  watchlist: MARA, OPEN, RIVN, NOK, NVD, WULF, TQQQ
[2026-07-10 14:25 ET] L market OPEN | shorts=false trailing=false regime=true
  watchlist: MARA, OPEN, RIVN, NOK, NVD, WULF, TQQQ
[2026-07-10 14:30 ET] L market OPEN | shorts=false trailing=false regime=true
  watchlist: MARA, OPEN, RIVN, NOK, NVD, WULF, TQQQ
[2026-07-10 14:35 ET] L market OPEN | shorts=false trailing=false regime=true
  watchlist: MARA, OPEN, RIVN, NOK, NVD, WULF, TQQQ
[2026-07-10 14:40 ET] L market OPEN | shorts=false trailing=false regime=true
  watchlist: MARA, OPEN, RIVN, NOK, NVD, WULF, TQQQ
[2026-07-10 14:45 ET] L market OPEN | shorts=false trailing=false regime=true
  watchlist: MARA, OPEN, RIVN, NOK, NVD, WULF, TQQQ
[2026-07-10 14:50 ET] L market OPEN | shorts=false trailing=false regime=true
  watchlist: MARA, OPEN, RIVN, NOK, NVD, WULF, TQQQ
[2026-07-10 14:55 ET] L market OPEN | shorts=false trailing=false regime=true
  watchlist: MARA, OPEN, RIVN, NOK, NVD, WULF, TQQQ
[2026-07-10 15:00 ET] L market OPEN | shorts=false trailing=false regime=true
  watchlist: MARA, OPEN, RIVN, NOK, NVD, WULF, TQQQ
[2026-07-10 15:05 ET] L market OPEN | shorts=false trailing=false regime=true
  watchlist: MARA, OPEN, RIVN, NOK, NVD, WULF, TQQQ
[2026-07-10 15:10 ET] L market OPEN | shorts=false trailing=false regime=true
  watchlist: MARA, OPEN, RIVN, NOK, NVD, WULF, TQQQ
[2026-07-10 15:15 ET] L market OPEN | shorts=false trailing=false regime=true
  watchlist: MARA, OPEN, RIVN, NOK, NVD, WULF, TQQQ
[2026-07-10 15:20 ET] L market OPEN | shorts=false trailing=false regime=true
  watchlist: MARA, OPEN, RIVN, NOK, NVD, WULF, TQQQ
[2026-07-10 15:25 ET] L market OPEN | shorts=false trailing=false regime=true
  watchlist: MARA, OPEN, RIVN, NOK, NVD, WULF, TQQQ
[2026-07-10 15:30 ET] L market OPEN | shorts=false trailing=false regime=true
  watchlist: MARA, OPEN, RIVN, NOK, NVD, WULF, TQQQ
[2026-07-10 15:35 ET] L market OPEN | shorts=false trailing=false regime=true
  watchlist: MARA, OPEN, RIVN, NOK, NVD, WULF, TQQQ
[2026-07-10 15:40 ET] L market OPEN | shorts=false trailing=false regime=true
  watchlist: MARA, OPEN, RIVN, NOK, NVD, WULF, TQQQ
[2026-07-10 15:45 ET] L market OPEN | shorts=false trailing=false regime=true
  watchlist: MARA, OPEN, RIVN, NOK, NVD, WULF, TQQQ
[2026-07-10 15:50 ET] L market OPEN | shorts=false trailing=false regime=true
  EOD flatten NOK 157sh @ 12.50 P/L $-29.05 | day $-117.74
   Telegram alert delivered
[2026-07-10 15:55 ET] L market OPEN | shorts=false trailing=false regime=true
[2026-07-10 16:00 ET] L market closed | shorts=false trailing=false regime=true
[2026-07-13 09:30 ET] L market OPEN | shorts=false trailing=false regime=true
  watchlist: FRMI, MARA, ONDS, NVDA, NFLX, DRAM
[2026-07-13 09:35 ET] L market OPEN | shorts=false trailing=false regime=true
  watchlist: FRMI, MARA, ONDS, NVDA, NFLX, DRAM
[2026-07-13 09:40 ET] L market OPEN | shorts=false trailing=false regime=true
  watchlist: FRMI, MARA, ONDS, NVDA, NFLX, DRAM
[2026-07-13 09:45 ET] L market OPEN | shorts=false trailing=false regime=true
  watchlist: FRMI, MARA, ONDS, NVDA, NFLX, DRAM
  regime SPY 752.92 vs VWAP 753.15 -> bear
[2026-07-13 09:50 ET] L market OPEN | shorts=false trailing=false regime=true
  watchlist: FRMI, MARA, ONDS, NVDA, NFLX, DRAM
  regime SPY 752.88 vs VWAP 753.10 -> bear
[2026-07-13 09:55 ET] L market OPEN | shorts=false trailing=false regime=true
  watchlist: FRMI, MARA, ONDS, NVDA, NFLX, DRAM
  regime SPY 752.66 vs VWAP 753.04 -> bear
[2026-07-13 10:00 ET] L market OPEN | shorts=false trailing=false regime=true
  watchlist: FRMI, MARA, ONDS, NVDA, NFLX, DRAM
  regime SPY 753.59 vs VWAP 753.06 -> bull
[2026-07-13 10:05 ET] L market OPEN | shorts=false trailing=false regime=true
  watchlist: FRMI, MARA, ONDS, NVDA, NFLX, DRAM
  regime SPY 752.80 vs VWAP 753.07 -> bear
[2026-07-13 10:10 ET] L market OPEN | shorts=false trailing=false regime=true
  watchlist: FRMI, MARA, ONDS, NVDA, NFLX, DRAM
  regime SPY 752.81 vs VWAP 753.04 -> bear
[2026-07-13 10:15 ET] L market OPEN | shorts=false trailing=false regime=true
  watchlist: FRMI, MARA, ONDS, NVDA, NFLX, DRAM
  regime SPY 753.26 vs VWAP 753.05 -> bull
[2026-07-13 10:20 ET] L market OPEN | shorts=false trailing=false regime=true
  watchlist: FRMI, MARA, ONDS, NVDA, NFLX, DRAM
  regime SPY 751.86 vs VWAP 752.88 -> bear
[2026-07-13 10:25 ET] L market OPEN | shorts=false trailing=false regime=true
  watchlist: FRMI, MARA, ONDS, NVDA, NFLX, DRAM
  regime SPY 752.80 vs VWAP 752.83 -> bear
  DRAM: long break vetoed by bear regime
[2026-07-13 10:30 ET] L market OPEN | shorts=false trailing=false regime=true
  watchlist: FRMI, MARA, ONDS, NVDA, NFLX, DRAM
  regime SPY 753.08 vs VWAP 752.84 -> bull
  ENTER long DRAM 25sh @ 58.24 | stop 56.31 tgt62.11 | risk $48 | sec DRAM
   Telegram alert delivered
[2026-07-13 10:35 ET] L market OPEN | shorts=false trailing=false regime=true
  watchlist: FRMI, MARA, ONDS, NVDA, NFLX, DRAM
  regime SPY 752.70 vs VWAP 752.84 -> bear
[2026-07-13 10:40 ET] L market OPEN | shorts=false trailing=false regime=true
  watchlist: FRMI, MARA, ONDS, NVDA, NFLX, DRAM
  regime SPY 752.20 vs VWAP 752.82 -> bear
[2026-07-13 10:45 ET] L market OPEN | shorts=false trailing=false regime=true
  watchlist: FRMI, MARA, ONDS, NVDA, NFLX, DRAM
  regime SPY 751.50 vs VWAP 752.79 -> bear
[2026-07-13 10:50 ET] L market OPEN | shorts=false trailing=false regime=true
  watchlist: FRMI, MARA, ONDS, NVDA, NFLX, DRAM
  regime SPY 752.44 vs VWAP 752.71 -> bear
[2026-07-13 10:55 ET] L market OPEN | shorts=false trailing=false regime=true
  watchlist: FRMI, MARA, ONDS, NVDA, NFLX, DRAM
  regime SPY 751.65 vs VWAP 752.67 -> bear
[2026-07-13 11:00 ET] L market OPEN | shorts=false trailing=false regime=true
  watchlist: FRMI, MARA, ONDS, NVDA, NFLX, DRAM
  regime SPY 752.74 vs VWAP 752.66 -> bull
[2026-07-13 11:05 ET] L market OPEN | shorts=false trailing=false regime=true
  watchlist: FRMI, MARA, ONDS, NVDA, NFLX, DRAM
  regime SPY 752.31 vs VWAP 752.65 -> bear
  ONDS: long break vetoed by bear regime
[2026-07-13 11:10 ET] L market OPEN | shorts=false trailing=false regime=true
  watchlist: FRMI, MARA, ONDS, NVDA, NFLX, DRAM
  regime SPY 752.21 vs VWAP 752.64 -> bear
  ONDS: long break vetoed by bear regime
[2026-07-13 11:15 ET] L market OPEN | shorts=false trailing=false regime=true
  watchlist: FRMI, MARA, ONDS, NVDA, NFLX, DRAM
  regime SPY 752.09 vs VWAP 752.63 -> bear
  ONDS: long break vetoed by bear regime
[2026-07-13 11:20 ET] L market OPEN | shorts=false trailing=false regime=true
  watchlist: FRMI, MARA, ONDS, NVDA, NFLX, DRAM
  regime SPY 752.09 vs VWAP 752.63 -> bear
  ONDS: long break vetoed by bear regime
[2026-07-13 11:25 ET] L market OPEN | shorts=false trailing=false regime=true
  watchlist: FRMI, MARA, ONDS, NVDA, NFLX, DRAM
  regime SPY 752.42 vs VWAP 752.62 -> bear
  ONDS: long break vetoed by bear regime
[2026-07-13 11:30 ET] L market OPEN | shorts=false trailing=false regime=true
  watchlist: FRMI, MARA, ONDS, NVDA, NFLX, DRAM
  regime SPY 752.38 vs VWAP 752.61 -> bear
  ONDS: long break vetoed by bear regime
[2026-07-13 11:35 ET] L market OPEN | shorts=false trailing=false regime=true
  watchlist: FRMI, MARA, ONDS, NVDA, NFLX, DRAM
[2026-07-13 11:40 ET] L market OPEN | shorts=false trailing=false regime=true
  watchlist: FRMI, MARA, ONDS, NVDA, NFLX, DRAM
[2026-07-13 11:45 ET] L market OPEN | shorts=false trailing=false regime=true
  watchlist: FRMI, MARA, ONDS, NVDA, NFLX, DRAM
[2026-07-13 11:50 ET] L market OPEN | shorts=false trailing=false regime=true
  watchlist: FRMI, MARA, ONDS, NVDA, NFLX, DRAM
[2026-07-13 11:55 ET] L market OPEN | shorts=false trailing=false regime=true
  watchlist: FRMI, MARA, ONDS, NVDA, NFLX, DRAM
[2026-07-13 12:00 ET] L market OPEN | shorts=false trailing=false regime=true
  watchlist: FRMI, MARA, ONDS, NVDA, NFLX, DRAM
[2026-07-13 12:05 ET] L market OPEN | shorts=false trailing=false regime=true
  watchlist: FRMI, MARA, ONDS, NVDA, NFLX, DRAM
[2026-07-13 12:10 ET] L market OPEN | shorts=false trailing=false regime=true
  watchlist: FRMI, MARA, ONDS, NVDA, NFLX, DRAM
[2026-07-13 12:15 ET] L market OPEN | shorts=false trailing=false regime=true
  watchlist: FRMI, MARA, ONDS, NVDA, NFLX, DRAM
[2026-07-13 12:20 ET] L market OPEN | shorts=false trailing=false regime=true
  watchlist: FRMI, MARA, ONDS, NVDA, NFLX, DRAM
[2026-07-13 12:25 ET] L market OPEN | shorts=false trailing=false regime=true
  watchlist: FRMI, MARA, ONDS, NVDA, NFLX, DRAM
[2026-07-13 12:30 ET] L market OPEN | shorts=false trailing=false regime=true
  watchlist: FRMI, MARA, ONDS, NVDA, NFLX, DRAM
[2026-07-13 12:35 ET] L market OPEN | shorts=false trailing=false regime=true
  watchlist: FRMI, MARA, ONDS, NVDA, NFLX, DRAM
[2026-07-13 12:40 ET] L market OPEN | shorts=false trailing=false regime=true
  watchlist: FRMI, MARA, ONDS, NVDA, NFLX, DRAM
[2026-07-13 12:45 ET] L market OPEN | shorts=false trailing=false regime=true
  watchlist: FRMI, MARA, ONDS, NVDA, NFLX, DRAM
[2026-07-13 12:50 ET] L market OPEN | shorts=false trailing=false regime=true
  watchlist: FRMI, MARA, ONDS, NVDA, NFLX, DRAM
[2026-07-13 12:55 ET] L market OPEN | shorts=false trailing=false regime=true
  watchlist: FRMI, MARA, ONDS, NVDA, NFLX, DRAM
[2026-07-13 13:00 ET] L market OPEN | shorts=false trailing=false regime=true
  watchlist: FRMI, MARA, ONDS, NVDA, NFLX, DRAM
[2026-07-13 13:05 ET] L market OPEN | shorts=false trailing=false regime=true
  watchlist: FRMI, MARA, ONDS, NVDA, NFLX, DRAM
[2026-07-13 13:10 ET] L market OPEN | shorts=false trailing=false regime=true
  watchlist: FRMI, MARA, ONDS, NVDA, NFLX, DRAM
[2026-07-13 13:15 ET] L market OPEN | shorts=false trailing=false regime=true
  watchlist: FRMI, MARA, ONDS, NVDA, NFLX, DRAM
[2026-07-13 13:20 ET] L market OPEN | shorts=false trailing=false regime=true
  watchlist: FRMI, MARA, ONDS, NVDA, NFLX, DRAM
[2026-07-13 13:25 ET] L market OPEN | shorts=false trailing=false regime=true
  watchlist: FRMI, MARA, ONDS, NVDA, NFLX, DRAM
[2026-07-13 13:30 ET] L market OPEN | shorts=false trailing=false regime=true
  watchlist: FRMI, MARA, ONDS, NVDA, NFLX, DRAM
[2026-07-13 13:35 ET] L market OPEN | shorts=false trailing=false regime=true
  watchlist: FRMI, MARA, ONDS, NVDA, NFLX, DRAM
[2026-07-13 13:40 ET] L market OPEN | shorts=false trailing=false regime=true
  watchlist: FRMI, MARA, ONDS, NVDA, NFLX, DRAM
[2026-07-13 13:45 ET] L market OPEN | shorts=false trailing=false regime=true
  watchlist: FRMI, MARA, ONDS, NVDA, NFLX, DRAM
[2026-07-13 13:50 ET] L market OPEN | shorts=false trailing=false regime=true
  watchlist: FRMI, MARA, ONDS, NVDA, NFLX, DRAM
[2026-07-13 13:55 ET] L market OPEN | shorts=false trailing=false regime=true
  watchlist: FRMI, MARA, ONDS, NVDA, NFLX, DRAM
[2026-07-13 14:00 ET] L market OPEN | shorts=false trailing=false regime=true
  watchlist: FRMI, MARA, ONDS, NVDA, NFLX, DRAM
[2026-07-13 14:05 ET] L market OPEN | shorts=false trailing=false regime=true
  watchlist: FRMI, MARA, ONDS, NVDA, NFLX, DRAM
[2026-07-13 14:10 ET] L market OPEN | shorts=false trailing=false regime=true
  watchlist: FRMI, MARA, ONDS, NVDA, NFLX, DRAM
[2026-07-13 14:15 ET] L market OPEN | shorts=false trailing=false regime=true
  watchlist: FRMI, MARA, ONDS, NVDA, NFLX, DRAM
[2026-07-13 14:20 ET] L market OPEN | shorts=false trailing=false regime=true
  watchlist: FRMI, MARA, ONDS, NVDA, NFLX, DRAM
[2026-07-13 14:25 ET] L market OPEN | shorts=false trailing=false regime=true
  watchlist: FRMI, MARA, ONDS, NVDA, NFLX, DRAM
[2026-07-13 14:30 ET] L market OPEN | shorts=false trailing=false regime=true
  watchlist: FRMI, MARA, ONDS, NVDA, NFLX, DRAM
[2026-07-13 14:35 ET] L market OPEN | shorts=false trailing=false regime=true
  watchlist: FRMI, MARA, ONDS, NVDA, NFLX, DRAM
[2026-07-13 14:40 ET] L market OPEN | shorts=false trailing=false regime=true
  watchlist: FRMI, MARA, ONDS, NVDA, NFLX, DRAM
[2026-07-13 14:45 ET] L market OPEN | shorts=false trailing=false regime=true
  watchlist: FRMI, MARA, ONDS, NVDA, NFLX, DRAM
[2026-07-13 14:50 ET] L market OPEN | shorts=false trailing=false regime=true
  watchlist: FRMI, MARA, ONDS, NVDA, NFLX, DRAM
[2026-07-13 14:55 ET] L market OPEN | shorts=false trailing=false regime=true
  watchlist: FRMI, MARA, ONDS, NVDA, NFLX, DRAM
[2026-07-13 15:00 ET] L market OPEN | shorts=false trailing=false regime=true
  watchlist: FRMI, MARA, ONDS, NVDA, NFLX, DRAM
[2026-07-13 15:05 ET] L market OPEN | shorts=false trailing=false regime=true
  watchlist: FRMI, MARA, ONDS, NVDA, NFLX, DRAM
[2026-07-13 15:10 ET] L market OPEN | shorts=false trailing=false regime=true
  watchlist: FRMI, MARA, ONDS, NVDA, NFLX, DRAM
[2026-07-13 15:15 ET] L market OPEN | shorts=false trailing=false regime=true
  watchlist: FRMI, MARA, ONDS, NVDA, NFLX, DRAM
[2026-07-13 15:20 ET] L market OPEN | shorts=false trailing=false regime=true
  watchlist: FRMI, MARA, ONDS, NVDA, NFLX, DRAM
[2026-07-13 15:25 ET] L market OPEN | shorts=false trailing=false regime=true
  watchlist: FRMI, MARA, ONDS, NVDA, NFLX, DRAM
[2026-07-13 15:30 ET] L market OPEN | shorts=false trailing=false regime=true
  watchlist: FRMI, MARA, ONDS, NVDA, NFLX, DRAM
[2026-07-13 15:35 ET] L market OPEN | shorts=false trailing=false regime=true
  watchlist: FRMI, MARA, ONDS, NVDA, NFLX, DRAM
[2026-07-13 15:40 ET] L market OPEN | shorts=false trailing=false regime=true
  watchlist: FRMI, MARA, ONDS, NVDA, NFLX, DRAM
[2026-07-13 15:45 ET] L market OPEN | shorts=false trailing=false regime=true
  watchlist: FRMI, MARA, ONDS, NVDA, NFLX, DRAM
[2026-07-13 15:50 ET] L market OPEN | shorts=false trailing=false regime=true
  EOD flatten DRAM 25sh @ 57.25 P/L $-24.71 | day $-24.71
   Telegram alert delivered
[2026-07-13 15:55 ET] L market OPEN | shorts=false trailing=false regime=true
[2026-07-13 16:00 ET] L market closed | shorts=false trailing=false regime=true
[2026-07-14 09:30 ET] L market OPEN | shorts=false trailing=false regime=true
  watchlist: TSLL, SOFI, ONDS, DRAM, ORCL, NOK, INTC, SQQQ
[2026-07-14 09:35 ET] L market OPEN | shorts=false trailing=false regime=true
  watchlist: TSLL, SOFI, ONDS, DRAM, ORCL, NOK, INTC, SQQQ
[2026-07-14 09:40 ET] L market OPEN | shorts=false trailing=false regime=true
  watchlist: TSLL, SOFI, ONDS, DRAM, ORCL, NOK, INTC, SQQQ
[2026-07-14 09:45 ET] L market OPEN | shorts=false trailing=false regime=true
  watchlist: TSLL, SOFI, ONDS, DRAM, ORCL, NOK, INTC, SQQQ
  regime SPY 751.33 vs VWAP 750.61 -> bull
[2026-07-14 09:50 ET] L market OPEN | shorts=false trailing=false regime=true
  watchlist: TSLL, SOFI, ONDS, DRAM, ORCL, NOK, INTC, SQQQ
  regime SPY 751.01 vs VWAP 750.68 -> bull
[2026-07-14 09:55 ET] L market OPEN | shorts=false trailing=false regime=true
  watchlist: TSLL, SOFI, ONDS, DRAM, ORCL, NOK, INTC, SQQQ
  regime SPY 751.19 vs VWAP 750.76 -> bull
[2026-07-14 10:00 ET] L market OPEN | shorts=false trailing=false regime=true
  watchlist: TSLL, SOFI, ONDS, DRAM, ORCL, NOK, INTC, SQQQ
  regime SPY 751.37 vs VWAP 750.80 -> bull
  ENTER long SOFI 80sh @ 18.78 | stop 18.17 tgt20.03 | risk $50 | sec SOFI
   Telegram alert delivered
[2026-07-14 10:05 ET] L market OPEN | shorts=false trailing=false regime=true
  watchlist: TSLL, SOFI, ONDS, DRAM, ORCL, NOK, INTC, SQQQ
  regime SPY 750.46 vs VWAP 750.79 -> bear
[2026-07-14 10:10 ET] L market OPEN | shorts=false trailing=false regime=true
  watchlist: TSLL, SOFI, ONDS, DRAM, ORCL, NOK, INTC, SQQQ
  regime SPY 750.28 vs VWAP 750.74 -> bear
  ENTER long SQQQ 51sh @ 39.09 | stop 38.56 tgt40.27 | risk $29 | sec index
   Telegram alert delivered
[2026-07-14 10:15 ET] L market OPEN | shorts=false trailing=false regime=true
  watchlist: TSLL, SOFI, ONDS, DRAM, ORCL, NOK, INTC, SQQQ
  regime SPY 750.36 vs VWAP 750.70 -> bear
[2026-07-14 10:20 ET] L market OPEN | shorts=false trailing=false regime=true
  watchlist: TSLL, SOFI, ONDS, DRAM, ORCL, NOK, INTC, SQQQ
  regime SPY 749.86 vs VWAP 750.58 -> bear
[2026-07-14 10:25 ET] L market OPEN | shorts=false trailing=false regime=true
  watchlist: TSLL, SOFI, ONDS, DRAM, ORCL, NOK, INTC, SQQQ
  regime SPY 750.16 vs VWAP 750.55 -> bear
[2026-07-14 10:30 ET] L market OPEN | shorts=false trailing=false regime=true
  watchlist: TSLL, SOFI, ONDS, DRAM, ORCL, NOK, INTC, SQQQ
  regime SPY 750.71 vs VWAP 750.56 -> bull
[2026-07-14 10:35 ET] L market OPEN | shorts=false trailing=false regime=true
  EXIT SQQQ (long/stop) 51sh @ 38.52 P/L $-28.78 | day $-28.78
   Telegram alert delivered
  watchlist: TSLL, SOFI, ONDS, DRAM, ORCL, NOK, INTC, SQQQ
  regime SPY 752.01 vs VWAP 750.72 -> bull
  ENTER long ONDS 181sh @ 7.23 | stop 6.96 tgt7.79 | risk $50 | sec ONDS
   Telegram alert delivered
[2026-07-14 10:40 ET] L market OPEN | shorts=false trailing=false regime=true
  watchlist: TSLL, SOFI, ONDS, DRAM, ORCL, NOK, INTC, SQQQ
  regime SPY 751.96 vs VWAP 750.82 -> bull
[2026-07-14 10:45 ET] L market OPEN | shorts=false trailing=false regime=true
  watchlist: TSLL, SOFI, ONDS, DRAM, ORCL, NOK, INTC, SQQQ
  regime SPY 751.10 vs VWAP 750.84 -> bull
[2026-07-14 10:50 ET] L market OPEN | shorts=false trailing=false regime=true
  watchlist: TSLL, SOFI, ONDS, DRAM, ORCL, NOK, INTC, SQQQ
  regime SPY 750.83 vs VWAP 750.85 -> bear
[2026-07-14 10:55 ET] L market OPEN | shorts=false trailing=false regime=true
  watchlist: TSLL, SOFI, ONDS, DRAM, ORCL, NOK, INTC, SQQQ
  regime SPY 751.60 vs VWAP 750.86 -> bull
[2026-07-14 11:00 ET] L market OPEN | shorts=false trailing=false regime=true
  watchlist: TSLL, SOFI, ONDS, DRAM, ORCL, NOK, INTC, SQQQ
  regime SPY 751.68 vs VWAP 750.88 -> bull
[2026-07-14 11:05 ET] L market OPEN | shorts=false trailing=false regime=true
  watchlist: TSLL, SOFI, ONDS, DRAM, ORCL, NOK, INTC, SQQQ
  regime SPY 752.34 vs VWAP 750.97 -> bull
[2026-07-14 11:10 ET] L market OPEN | shorts=false trailing=false regime=true
  watchlist: TSLL, SOFI, ONDS, DRAM, ORCL, NOK, INTC, SQQQ
  regime SPY 752.77 vs VWAP 751.02 -> bull
  ENTER long TSLL 158sh @ 12.63 | stop 12.38 tgt13.10 | risk $38 | sec tsla
   Telegram alert delivered
[2026-07-14 11:15 ET] L market OPEN | shorts=false trailing=false regime=true
  watchlist: TSLL, SOFI, ONDS, DRAM, ORCL, NOK, INTC, SQQQ
  regime SPY 752.54 vs VWAP 751.10 -> bull
[2026-07-14 11:20 ET] L market OPEN | shorts=false trailing=false regime=true
  watchlist: TSLL, SOFI, ONDS, DRAM, ORCL, NOK, INTC, SQQQ
  regime SPY 751.95 vs VWAP 751.14 -> bull
[2026-07-14 11:25 ET] L market OPEN | shorts=false trailing=false regime=true
  watchlist: TSLL, SOFI, ONDS, DRAM, ORCL, NOK, INTC, SQQQ
  regime SPY 752.49 vs VWAP 751.17 -> bull
[2026-07-14 11:30 ET] L market OPEN | shorts=false trailing=false regime=true
  watchlist: TSLL, SOFI, ONDS, DRAM, ORCL, NOK, INTC, SQQQ
  regime SPY 752.58 vs VWAP 751.21 -> bull
[2026-07-14 11:35 ET] L market OPEN | shorts=false trailing=false regime=true
  watchlist: TSLL, SOFI, ONDS, DRAM, ORCL, NOK, INTC, SQQQ
[2026-07-14 11:40 ET] L market OPEN | shorts=false trailing=false regime=true
  watchlist: TSLL, SOFI, ONDS, DRAM, ORCL, NOK, INTC, SQQQ
[2026-07-14 11:45 ET] L market OPEN | shorts=false trailing=false regime=true
  watchlist: TSLL, SOFI, ONDS, DRAM, ORCL, NOK, INTC, SQQQ
[2026-07-14 11:50 ET] L market OPEN | shorts=false trailing=false regime=true
  watchlist: TSLL, SOFI, ONDS, DRAM, ORCL, NOK, INTC, SQQQ
[2026-07-14 11:55 ET] L market OPEN | shorts=false trailing=false regime=true
  EXIT TSLL (long/stop) 158sh @ 12.38 P/L $-39.78 | day $-68.56
   Telegram alert delivered
  watchlist: TSLL, SOFI, ONDS, DRAM, ORCL, NOK, INTC, SQQQ
[2026-07-14 12:00 ET] L market OPEN | shorts=false trailing=false regime=true
  watchlist: TSLL, SOFI, ONDS, DRAM, ORCL, NOK, INTC, SQQQ
[2026-07-14 12:05 ET] L market OPEN | shorts=false trailing=false regime=true
  watchlist: TSLL, SOFI, ONDS, DRAM, ORCL, NOK, INTC, SQQQ
[2026-07-14 12:10 ET] L market OPEN | shorts=false trailing=false regime=true
  watchlist: TSLL, SOFI, ONDS, DRAM, ORCL, NOK, INTC, SQQQ
[2026-07-14 12:15 ET] L market OPEN | shorts=false trailing=false regime=true
  watchlist: TSLL, SOFI, ONDS, DRAM, ORCL, NOK, INTC, SQQQ
[2026-07-14 12:20 ET] L market OPEN | shorts=false trailing=false regime=true
  watchlist: TSLL, SOFI, ONDS, DRAM, ORCL, NOK, INTC, SQQQ
[2026-07-14 12:25 ET] L market OPEN | shorts=false trailing=false regime=true
  watchlist: TSLL, SOFI, ONDS, DRAM, ORCL, NOK, INTC, SQQQ
[2026-07-14 12:30 ET] L market OPEN | shorts=false trailing=false regime=true
  watchlist: TSLL, SOFI, ONDS, DRAM, ORCL, NOK, INTC, SQQQ
[2026-07-14 12:35 ET] L market OPEN | shorts=false trailing=false regime=true
  watchlist: TSLL, SOFI, ONDS, DRAM, ORCL, NOK, INTC, SQQQ
[2026-07-14 12:40 ET] L market OPEN | shorts=false trailing=false regime=true
  watchlist: TSLL, SOFI, ONDS, DRAM, ORCL, NOK, INTC, SQQQ
[2026-07-14 12:45 ET] L market OPEN | shorts=false trailing=false regime=true
  watchlist: TSLL, SOFI, ONDS, DRAM, ORCL, NOK, INTC, SQQQ
[2026-07-14 12:50 ET] L market OPEN | shorts=false trailing=false regime=true
  watchlist: TSLL, SOFI, ONDS, DRAM, ORCL, NOK, INTC, SQQQ
[2026-07-14 12:55 ET] L market OPEN | shorts=false trailing=false regime=true
  watchlist: TSLL, SOFI, ONDS, DRAM, ORCL, NOK, INTC, SQQQ
[2026-07-14 13:00 ET] L market OPEN | shorts=false trailing=false regime=true
  watchlist: TSLL, SOFI, ONDS, DRAM, ORCL, NOK, INTC, SQQQ
[2026-07-14 13:05 ET] L market OPEN | shorts=false trailing=false regime=true
  watchlist: TSLL, SOFI, ONDS, DRAM, ORCL, NOK, INTC, SQQQ
[2026-07-14 13:10 ET] L market OPEN | shorts=false trailing=false regime=true
  watchlist: TSLL, SOFI, ONDS, DRAM, ORCL, NOK, INTC, SQQQ
[2026-07-14 13:15 ET] L market OPEN | shorts=false trailing=false regime=true
  watchlist: TSLL, SOFI, ONDS, DRAM, ORCL, NOK, INTC, SQQQ
[2026-07-14 13:20 ET] L market OPEN | shorts=false trailing=false regime=true
  watchlist: TSLL, SOFI, ONDS, DRAM, ORCL, NOK, INTC, SQQQ
[2026-07-14 13:25 ET] L market OPEN | shorts=false trailing=false regime=true
  watchlist: TSLL, SOFI, ONDS, DRAM, ORCL, NOK, INTC, SQQQ
[2026-07-14 13:30 ET] L market OPEN | shorts=false trailing=false regime=true
  watchlist: TSLL, SOFI, ONDS, DRAM, ORCL, NOK, INTC, SQQQ
[2026-07-14 13:35 ET] L market OPEN | shorts=false trailing=false regime=true
  watchlist: TSLL, SOFI, ONDS, DRAM, ORCL, NOK, INTC, SQQQ
[2026-07-14 13:40 ET] L market OPEN | shorts=false trailing=false regime=true
  watchlist: TSLL, SOFI, ONDS, DRAM, ORCL, NOK, INTC, SQQQ
[2026-07-14 13:45 ET] L market OPEN | shorts=false trailing=false regime=true
  watchlist: TSLL, SOFI, ONDS, DRAM, ORCL, NOK, INTC, SQQQ
[2026-07-14 13:50 ET] L market OPEN | shorts=false trailing=false regime=true
  watchlist: TSLL, SOFI, ONDS, DRAM, ORCL, NOK, INTC, SQQQ
[2026-07-14 13:55 ET] L market OPEN | shorts=false trailing=false regime=true
  watchlist: TSLL, SOFI, ONDS, DRAM, ORCL, NOK, INTC, SQQQ
[2026-07-14 14:00 ET] L market OPEN | shorts=false trailing=false regime=true
  watchlist: TSLL, SOFI, ONDS, DRAM, ORCL, NOK, INTC, SQQQ
[2026-07-14 14:05 ET] L market OPEN | shorts=false trailing=false regime=true
  watchlist: TSLL, SOFI, ONDS, DRAM, ORCL, NOK, INTC, SQQQ
[2026-07-14 14:10 ET] L market OPEN | shorts=false trailing=false regime=true
  watchlist: TSLL, SOFI, ONDS, DRAM, ORCL, NOK, INTC, SQQQ
[2026-07-14 14:15 ET] L market OPEN | shorts=false trailing=false regime=true
  watchlist: TSLL, SOFI, ONDS, DRAM, ORCL, NOK, INTC, SQQQ
[2026-07-14 14:20 ET] L market OPEN | shorts=false trailing=false regime=true
  watchlist: TSLL, SOFI, ONDS, DRAM, ORCL, NOK, INTC, SQQQ
[2026-07-14 14:25 ET] L market OPEN | shorts=false trailing=false regime=true
  watchlist: TSLL, SOFI, ONDS, DRAM, ORCL, NOK, INTC, SQQQ
[2026-07-14 14:30 ET] L market OPEN | shorts=false trailing=false regime=true
  watchlist: TSLL, SOFI, ONDS, DRAM, ORCL, NOK, INTC, SQQQ
[2026-07-14 14:35 ET] L market OPEN | shorts=false trailing=false regime=true
  watchlist: TSLL, SOFI, ONDS, DRAM, ORCL, NOK, INTC, SQQQ
[2026-07-14 14:40 ET] L market OPEN | shorts=false trailing=false regime=true
  watchlist: TSLL, SOFI, ONDS, DRAM, ORCL, NOK, INTC, SQQQ
[2026-07-14 14:45 ET] L market OPEN | shorts=false trailing=false regime=true
  watchlist: TSLL, SOFI, ONDS, DRAM, ORCL, NOK, INTC, SQQQ
[2026-07-14 14:50 ET] L market OPEN | shorts=false trailing=false regime=true
  watchlist: TSLL, SOFI, ONDS, DRAM, ORCL, NOK, INTC, SQQQ
[2026-07-14 14:55 ET] L market OPEN | shorts=false trailing=false regime=true
  watchlist: TSLL, SOFI, ONDS, DRAM, ORCL, NOK, INTC, SQQQ
[2026-07-14 15:00 ET] L market OPEN | shorts=false trailing=false regime=true
  watchlist: TSLL, SOFI, ONDS, DRAM, ORCL, NOK, INTC, SQQQ
[2026-07-14 15:05 ET] L market OPEN | shorts=false trailing=false regime=true
  watchlist: TSLL, SOFI, ONDS, DRAM, ORCL, NOK, INTC, SQQQ
[2026-07-14 15:10 ET] L market OPEN | shorts=false trailing=false regime=true
  watchlist: TSLL, SOFI, ONDS, DRAM, ORCL, NOK, INTC, SQQQ
[2026-07-14 15:15 ET] L market OPEN | shorts=false trailing=false regime=true
  watchlist: TSLL, SOFI, ONDS, DRAM, ORCL, NOK, INTC, SQQQ
[2026-07-14 15:20 ET] L market OPEN | shorts=false trailing=false regime=true
  watchlist: TSLL, SOFI, ONDS, DRAM, ORCL, NOK, INTC, SQQQ
[2026-07-14 15:25 ET] L market OPEN | shorts=false trailing=false regime=true
  watchlist: TSLL, SOFI, ONDS, DRAM, ORCL, NOK, INTC, SQQQ
[2026-07-14 15:30 ET] L market OPEN | shorts=false trailing=false regime=true
  watchlist: TSLL, SOFI, ONDS, DRAM, ORCL, NOK, INTC, SQQQ
[2026-07-14 15:35 ET] L market OPEN | shorts=false trailing=false regime=true
  watchlist: TSLL, SOFI, ONDS, DRAM, ORCL, NOK, INTC, SQQQ
[2026-07-14 15:40 ET] L market OPEN | shorts=false trailing=false regime=true
  watchlist: TSLL, SOFI, ONDS, DRAM, ORCL, NOK, INTC, SQQQ
[2026-07-14 15:45 ET] L market OPEN | shorts=false trailing=false regime=true
  watchlist: TSLL, SOFI, ONDS, DRAM, ORCL, NOK, INTC, SQQQ
[2026-07-14 15:50 ET] L market OPEN | shorts=false trailing=false regime=true
  EOD flatten ONDS 181sh @ 7.40 P/L $30.77 | day $-37.79
   Telegram alert delivered
  flatten SOFI: close not confirmed (status no-order) — leaving open, will retry next run.
[2026-07-14 15:55 ET] L market OPEN | shorts=false trailing=false regime=true
  EXIT SOFI (long/exit-partial) 77sh @ 18.78 P/L $0.00 | day $-37.79
   Telegram alert delivered
  flatten SOFI failed: Alpaca /v2/positions/SOFI 404: {"code":40410000,"message":"position not found: SOFI"}
[2026-07-14 16:00 ET] L market closed | shorts=false trailing=false regime=true
  EXIT SOFI (long/exit) 3sh @ 18.51 P/L $-0.81 | day $-38.60
   Telegram alert delivered
[2026-07-15 09:30 ET] L market OPEN | shorts=false trailing=false regime=true
  watchlist: CLSK, WULF, PLTR, BMNR, NOK, NU, BAC, DRAM
[2026-07-15 09:35 ET] L market OPEN | shorts=false trailing=false regime=true
  watchlist: CLSK, WULF, PLTR, BMNR, NOK, NU, BAC, DRAM
[2026-07-15 09:40 ET] L market OPEN | shorts=false trailing=false regime=true
  watchlist: CLSK, WULF, PLTR, BMNR, NOK, NU, BAC, DRAM
[2026-07-15 09:45 ET] L market OPEN | shorts=false trailing=false regime=true
  watchlist: CLSK, WULF, PLTR, BMNR, NOK, NU, BAC, DRAM
  regime SPY 754.37 vs VWAP 754.80 -> bear
[2026-07-15 09:50 ET] L market OPEN | shorts=false trailing=false regime=true
  watchlist: CLSK, WULF, PLTR, BMNR, NOK, NU, BAC, DRAM
  regime SPY 753.50 vs VWAP 754.51 -> bear
[2026-07-15 09:55 ET] L market OPEN | shorts=false trailing=false regime=true
  watchlist: CLSK, WULF, PLTR, BMNR, NOK, NU, BAC, DRAM
  regime SPY 754.08 vs VWAP 754.34 -> bear
[2026-07-15 10:00 ET] L market OPEN | shorts=false trailing=false regime=true
  watchlist: CLSK, WULF, PLTR, BMNR, NOK, NU, BAC, DRAM
  regime SPY 754.41 vs VWAP 754.33 -> bull
[2026-07-15 10:05 ET] L market OPEN | shorts=false trailing=false regime=true
  watchlist: CLSK, WULF, PLTR, BMNR, NOK, NU, BAC, DRAM
  regime SPY 754.76 vs VWAP 754.40 -> bull
[2026-07-15 10:10 ET] L market OPEN | shorts=false trailing=false regime=true
  watchlist: CLSK, WULF, PLTR, BMNR, NOK, NU, BAC, DRAM
  regime SPY 755.07 vs VWAP 754.48 -> bull
[2026-07-15 10:15 ET] L market OPEN | shorts=false trailing=false regime=true
  watchlist: CLSK, WULF, PLTR, BMNR, NOK, NU, BAC, DRAM
  regime SPY 754.82 vs VWAP 754.51 -> bull
[2026-07-15 10:20 ET] L market OPEN | shorts=false trailing=false regime=true
  watchlist: CLSK, WULF, PLTR, BMNR, NOK, NU, BAC, DRAM
  regime SPY 755.32 vs VWAP 754.56 -> bull
[2026-07-15 10:25 ET] L market OPEN | shorts=false trailing=false regime=true
  watchlist: CLSK, WULF, PLTR, BMNR, NOK, NU, BAC, DRAM
  regime SPY 753.80 vs VWAP 754.51 -> bear
[2026-07-15 10:30 ET] L market OPEN | shorts=false trailing=false regime=true
  watchlist: CLSK, WULF, PLTR, BMNR, NOK, NU, BAC, DRAM
  regime SPY 754.61 vs VWAP 754.48 -> bull
[2026-07-15 10:35 ET] L market OPEN | shorts=false trailing=false regime=true
  watchlist: CLSK, WULF, PLTR, BMNR, NOK, NU, BAC, DRAM
  regime SPY 754.63 vs VWAP 754.48 -> bull
[2026-07-15 10:40 ET] L market OPEN | shorts=false trailing=false regime=true
  watchlist: CLSK, WULF, PLTR, BMNR, NOK, NU, BAC, DRAM
  regime SPY 753.71 vs VWAP 754.46 -> bear
[2026-07-15 10:45 ET] L market OPEN | shorts=false trailing=false regime=true
  watchlist: CLSK, WULF, PLTR, BMNR, NOK, NU, BAC, DRAM
  regime SPY 753.46 vs VWAP 754.41 -> bear
[2026-07-15 10:50 ET] L market OPEN | shorts=false trailing=false regime=true
  watchlist: CLSK, WULF, PLTR, BMNR, NOK, NU, BAC, DRAM
  regime SPY 753.78 vs VWAP 754.35 -> bear
[2026-07-15 10:55 ET] L market OPEN | shorts=false trailing=false regime=true
  watchlist: CLSK, WULF, PLTR, BMNR, NOK, NU, BAC, DRAM
  regime SPY 753.01 vs VWAP 754.30 -> bear
[2026-07-15 11:00 ET] L market OPEN | shorts=false trailing=false regime=true
  watchlist: CLSK, WULF, PLTR, BMNR, NOK, NU, BAC, DRAM
  regime SPY 753.49 vs VWAP 754.28 -> bear
[2026-07-15 11:05 ET] L market OPEN | shorts=false trailing=false regime=true
  watchlist: CLSK, WULF, PLTR, BMNR, NOK, NU, BAC, DRAM
  regime SPY 753.16 vs VWAP 754.26 -> bear
[2026-07-15 11:10 ET] L market OPEN | shorts=false trailing=false regime=true
  watchlist: CLSK, WULF, PLTR, BMNR, NOK, NU, BAC, DRAM
  regime SPY 754.03 vs VWAP 754.24 -> bear
[2026-07-15 11:15 ET] L market OPEN | shorts=false trailing=false regime=true
  watchlist: CLSK, WULF, PLTR, BMNR, NOK, NU, BAC, DRAM
  regime SPY 753.14 vs VWAP 754.23 -> bear
[2026-07-15 11:20 ET] L market OPEN | shorts=false trailing=false regime=true
  watchlist: CLSK, WULF, PLTR, BMNR, NOK, NU, BAC, DRAM
  regime SPY 753.23 vs VWAP 754.19 -> bear
  NU: long break vetoed by bear regime
[2026-07-15 11:25 ET] L market OPEN | shorts=false trailing=false regime=true
  watchlist: CLSK, WULF, PLTR, BMNR, NOK, NU, BAC, DRAM
  regime SPY 752.92 vs VWAP 754.16 -> bear
[2026-07-15 11:30 ET] L market OPEN | shorts=false trailing=false regime=true
  watchlist: CLSK, WULF, PLTR, BMNR, NOK, NU, BAC, DRAM
  regime SPY 753.61 vs VWAP 754.13 -> bear
  NU: long break vetoed by bear regime
[2026-07-15 11:35 ET] L market OPEN | shorts=false trailing=false regime=true
  watchlist: CLSK, WULF, PLTR, BMNR, NOK, NU, BAC, DRAM
[2026-07-15 11:40 ET] L market OPEN | shorts=false trailing=false regime=true
  watchlist: CLSK, WULF, PLTR, BMNR, NOK, NU, BAC, DRAM
[2026-07-15 11:45 ET] L market OPEN | shorts=false trailing=false regime=true
  watchlist: CLSK, WULF, PLTR, BMNR, NOK, NU, BAC, DRAM
[2026-07-15 11:50 ET] L market OPEN | shorts=false trailing=false regime=true
  watchlist: CLSK, WULF, PLTR, BMNR, NOK, NU, BAC, DRAM
[2026-07-15 11:55 ET] L market OPEN | shorts=false trailing=false regime=true
  watchlist: CLSK, WULF, PLTR, BMNR, NOK, NU, BAC, DRAM
[2026-07-15 12:00 ET] L market OPEN | shorts=false trailing=false regime=true
  watchlist: CLSK, WULF, PLTR, BMNR, NOK, NU, BAC, DRAM
[2026-07-15 12:05 ET] L market OPEN | shorts=false trailing=false regime=true
  watchlist: CLSK, WULF, PLTR, BMNR, NOK, NU, BAC, DRAM
[2026-07-15 12:10 ET] L market OPEN | shorts=false trailing=false regime=true
  watchlist: CLSK, WULF, PLTR, BMNR, NOK, NU, BAC, DRAM
[2026-07-15 12:15 ET] L market OPEN | shorts=false trailing=false regime=true
  watchlist: CLSK, WULF, PLTR, BMNR, NOK, NU, BAC, DRAM
[2026-07-15 12:20 ET] L market OPEN | shorts=false trailing=false regime=true
  watchlist: CLSK, WULF, PLTR, BMNR, NOK, NU, BAC, DRAM
[2026-07-15 12:25 ET] L market OPEN | shorts=false trailing=false regime=true
  watchlist: CLSK, WULF, PLTR, BMNR, NOK, NU, BAC, DRAM
[2026-07-15 12:30 ET] L market OPEN | shorts=false trailing=false regime=true
  watchlist: CLSK, WULF, PLTR, BMNR, NOK, NU, BAC, DRAM
[2026-07-15 12:35 ET] L market OPEN | shorts=false trailing=false regime=true
  watchlist: CLSK, WULF, PLTR, BMNR, NOK, NU, BAC, DRAM
[2026-07-15 12:40 ET] L market OPEN | shorts=false trailing=false regime=true
  watchlist: CLSK, WULF, PLTR, BMNR, NOK, NU, BAC, DRAM
[2026-07-15 12:45 ET] L market OPEN | shorts=false trailing=false regime=true
  watchlist: CLSK, WULF, PLTR, BMNR, NOK, NU, BAC, DRAM
[2026-07-15 12:50 ET] L market OPEN | shorts=false trailing=false regime=true
  watchlist: CLSK, WULF, PLTR, BMNR, NOK, NU, BAC, DRAM
[2026-07-15 12:55 ET] L market OPEN | shorts=false trailing=false regime=true
  watchlist: CLSK, WULF, PLTR, BMNR, NOK, NU, BAC, DRAM
[2026-07-15 13:00 ET] L market OPEN | shorts=false trailing=false regime=true
  watchlist: CLSK, WULF, PLTR, BMNR, NOK, NU, BAC, DRAM
[2026-07-15 13:05 ET] L market OPEN | shorts=false trailing=false regime=true
  watchlist: CLSK, WULF, PLTR, BMNR, NOK, NU, BAC, DRAM
[2026-07-15 13:10 ET] L market OPEN | shorts=false trailing=false regime=true
  watchlist: CLSK, WULF, PLTR, BMNR, NOK, NU, BAC, DRAM
[2026-07-15 13:15 ET] L market OPEN | shorts=false trailing=false regime=true
  watchlist: CLSK, WULF, PLTR, BMNR, NOK, NU, BAC, DRAM
[2026-07-15 13:20 ET] L market OPEN | shorts=false trailing=false regime=true
  watchlist: CLSK, WULF, PLTR, BMNR, NOK, NU, BAC, DRAM
[2026-07-15 13:25 ET] L market OPEN | shorts=false trailing=false regime=true
  watchlist: CLSK, WULF, PLTR, BMNR, NOK, NU, BAC, DRAM
[2026-07-15 13:30 ET] L market OPEN | shorts=false trailing=false regime=true
  watchlist: CLSK, WULF, PLTR, BMNR, NOK, NU, BAC, DRAM
[2026-07-15 13:35 ET] L market OPEN | shorts=false trailing=false regime=true
  watchlist: CLSK, WULF, PLTR, BMNR, NOK, NU, BAC, DRAM
[2026-07-15 13:40 ET] L market OPEN | shorts=false trailing=false regime=true
  watchlist: CLSK, WULF, PLTR, BMNR, NOK, NU, BAC, DRAM
[2026-07-15 13:45 ET] L market OPEN | shorts=false trailing=false regime=true
  watchlist: CLSK, WULF, PLTR, BMNR, NOK, NU, BAC, DRAM
[2026-07-15 13:50 ET] L market OPEN | shorts=false trailing=false regime=true
  watchlist: CLSK, WULF, PLTR, BMNR, NOK, NU, BAC, DRAM
[2026-07-15 13:55 ET] L market OPEN | shorts=false trailing=false regime=true
  watchlist: CLSK, WULF, PLTR, BMNR, NOK, NU, BAC, DRAM
[2026-07-15 14:00 ET] L market OPEN | shorts=false trailing=false regime=true
  watchlist: CLSK, WULF, PLTR, BMNR, NOK, NU, BAC, DRAM
[2026-07-15 14:05 ET] L market OPEN | shorts=false trailing=false regime=true
  watchlist: CLSK, WULF, PLTR, BMNR, NOK, NU, BAC, DRAM
[2026-07-15 14:10 ET] L market OPEN | shorts=false trailing=false regime=true
  watchlist: CLSK, WULF, PLTR, BMNR, NOK, NU, BAC, DRAM
[2026-07-15 14:15 ET] L market OPEN | shorts=false trailing=false regime=true
  watchlist: CLSK, WULF, PLTR, BMNR, NOK, NU, BAC, DRAM
[2026-07-15 14:20 ET] L market OPEN | shorts=false trailing=false regime=true
  watchlist: CLSK, WULF, PLTR, BMNR, NOK, NU, BAC, DRAM
[2026-07-15 14:25 ET] L market OPEN | shorts=false trailing=false regime=true
  watchlist: CLSK, WULF, PLTR, BMNR, NOK, NU, BAC, DRAM
[2026-07-15 14:30 ET] L market OPEN | shorts=false trailing=false regime=true
  watchlist: CLSK, WULF, PLTR, BMNR, NOK, NU, BAC, DRAM
[2026-07-15 14:35 ET] L market OPEN | shorts=false trailing=false regime=true
  watchlist: CLSK, WULF, PLTR, BMNR, NOK, NU, BAC, DRAM
[2026-07-15 14:40 ET] L market OPEN | shorts=false trailing=false regime=true
  watchlist: CLSK, WULF, PLTR, BMNR, NOK, NU, BAC, DRAM
[2026-07-15 14:45 ET] L market OPEN | shorts=false trailing=false regime=true
  watchlist: CLSK, WULF, PLTR, BMNR, NOK, NU, BAC, DRAM
[2026-07-15 14:50 ET] L market OPEN | shorts=false trailing=false regime=true
  watchlist: CLSK, WULF, PLTR, BMNR, NOK, NU, BAC, DRAM
[2026-07-15 14:55 ET] L market OPEN | shorts=false trailing=false regime=true
  watchlist: CLSK, WULF, PLTR, BMNR, NOK, NU, BAC, DRAM
[2026-07-15 15:00 ET] L market OPEN | shorts=false trailing=false regime=true
  watchlist: CLSK, WULF, PLTR, BMNR, NOK, NU, BAC, DRAM
[2026-07-15 15:05 ET] L market OPEN | shorts=false trailing=false regime=true
  watchlist: CLSK, WULF, PLTR, BMNR, NOK, NU, BAC, DRAM
[2026-07-15 15:10 ET] L market OPEN | shorts=false trailing=false regime=true
  watchlist: CLSK, WULF, PLTR, BMNR, NOK, NU, BAC, DRAM
[2026-07-15 15:15 ET] L market OPEN | shorts=false trailing=false regime=true
  watchlist: CLSK, WULF, PLTR, BMNR, NOK, NU, BAC, DRAM
[2026-07-15 15:20 ET] L market OPEN | shorts=false trailing=false regime=true
  watchlist: CLSK, WULF, PLTR, BMNR, NOK, NU, BAC, DRAM
[2026-07-15 15:25 ET] L market OPEN | shorts=false trailing=false regime=true
  watchlist: CLSK, WULF, PLTR, BMNR, NOK, NU, BAC, DRAM
[2026-07-15 15:30 ET] L market OPEN | shorts=false trailing=false regime=true
  watchlist: CLSK, WULF, PLTR, BMNR, NOK, NU, BAC, DRAM
[2026-07-15 15:35 ET] L market OPEN | shorts=false trailing=false regime=true
  watchlist: CLSK, WULF, PLTR, BMNR, NOK, NU, BAC, DRAM
[2026-07-15 15:40 ET] L market OPEN | shorts=false trailing=false regime=true
  watchlist: CLSK, WULF, PLTR, BMNR, NOK, NU, BAC, DRAM
[2026-07-15 15:45 ET] L market OPEN | shorts=false trailing=false regime=true
  watchlist: CLSK, WULF, PLTR, BMNR, NOK, NU, BAC, DRAM
[2026-07-15 15:50 ET] L market OPEN | shorts=false trailing=false regime=true
[2026-07-15 15:55 ET] L market OPEN | shorts=false trailing=false regime=true
[2026-07-15 16:00 ET] L market closed | shorts=false trailing=false regime=true
[2026-07-16 09:30 ET] L market OPEN | shorts=false trailing=false regime=true
  watchlist: SOXS, TE, SKHY, DRAM, NOK
[2026-07-16 09:35 ET] L market OPEN | shorts=false trailing=false regime=true
  watchlist: SOXS, TE, SKHY, DRAM, NOK
[2026-07-16 09:40 ET] L market OPEN | shorts=false trailing=false regime=true
  watchlist: SOXS, TE, SKHY, DRAM, NOK
[2026-07-16 09:45 ET] L market OPEN | shorts=false trailing=false regime=true
  watchlist: SOXS, TE, SKHY, DRAM, NOK
  regime SPY 751.28 vs VWAP 752.14 -> bear
[2026-07-16 09:50 ET] L market OPEN | shorts=false trailing=false regime=true
  watchlist: SOXS, TE, SKHY, DRAM, NOK
  regime SPY 751.12 vs VWAP 751.80 -> bear
  ENTER long SOXS 21sh @ 51.47 | stop 49.04 tgt56.18 | risk $50 | sec semis
   Telegram alert delivered
[2026-07-16 09:55 ET] L market OPEN | shorts=false trailing=false regime=true
  watchlist: SOXS, TE, SKHY, DRAM, NOK
  regime SPY 751.55 vs VWAP 751.75 -> bear
[2026-07-16 10:00 ET] L market OPEN | shorts=false trailing=false regime=true
  watchlist: SOXS, TE, SKHY, DRAM, NOK
  regime SPY 751.92 vs VWAP 751.75 -> bull
[2026-07-16 10:05 ET] L market OPEN | shorts=false trailing=false regime=true
  watchlist: SOXS, TE, SKHY, DRAM, NOK
  regime SPY 752.68 vs VWAP 751.83 -> bull
[2026-07-16 10:10 ET] L market OPEN | shorts=false trailing=false regime=true
  EXIT SOXS (long/stop) 21sh @ 48.99 P/L $-52.10 | day $-52.10
   Telegram alert delivered
  watchlist: SOXS, TE, SKHY, DRAM, NOK
  regime SPY 753.43 vs VWAP 751.97 -> bull
[2026-07-16 10:15 ET] L market OPEN | shorts=false trailing=false regime=true
  watchlist: SOXS, TE, SKHY, DRAM, NOK
  regime SPY 753.37 vs VWAP 752.04 -> bull
[2026-07-16 10:20 ET] L market OPEN | shorts=false trailing=false regime=true
  watchlist: SOXS, TE, SKHY, DRAM, NOK
  regime SPY 753.71 vs VWAP 752.11 -> bull
[2026-07-16 10:25 ET] L market OPEN | shorts=false trailing=false regime=true
  watchlist: SOXS, TE, SKHY, DRAM, NOK
  regime SPY 753.74 vs VWAP 752.23 -> bull
[2026-07-16 10:30 ET] L market OPEN | shorts=false trailing=false regime=true
  watchlist: SOXS, TE, SKHY, DRAM, NOK
  regime SPY 754.35 vs VWAP 752.30 -> bull
[2026-07-16 10:35 ET] L market OPEN | shorts=false trailing=false regime=true
  watchlist: SOXS, TE, SKHY, DRAM, NOK
  regime SPY 754.15 vs VWAP 752.38 -> bull
[2026-07-16 10:40 ET] L market OPEN | shorts=false trailing=false regime=true
  watchlist: SOXS, TE, SKHY, DRAM, NOK
  regime SPY 753.84 vs VWAP 752.44 -> bull
[2026-07-16 10:45 ET] L market OPEN | shorts=false trailing=false regime=true
  watchlist: SOXS, TE, SKHY, DRAM, NOK
  regime SPY 754.37 vs VWAP 752.48 -> bull
[2026-07-16 10:50 ET] L market OPEN | shorts=false trailing=false regime=true
  watchlist: SOXS, TE, SKHY, DRAM, NOK
  regime SPY 754.19 vs VWAP 752.55 -> bull
[2026-07-16 10:55 ET] L market OPEN | shorts=false trailing=false regime=true
  watchlist: SOXS, TE, SKHY, DRAM, NOK
  regime SPY 753.59 vs VWAP 752.58 -> bull
[2026-07-16 11:00 ET] L market OPEN | shorts=false trailing=false regime=true
  watchlist: SOXS, TE, SKHY, DRAM, NOK
  regime SPY 754.16 vs VWAP 752.63 -> bull
[2026-07-16 11:05 ET] L market OPEN | shorts=false trailing=false regime=true
  watchlist: SOXS, TE, SKHY, DRAM, NOK
  regime SPY 753.77 vs VWAP 752.64 -> bull
[2026-07-16 11:10 ET] L market OPEN | shorts=false trailing=false regime=true
  watchlist: SOXS, TE, SKHY, DRAM, NOK
  regime SPY 753.46 vs VWAP 752.66 -> bull
[2026-07-16 11:15 ET] L market OPEN | shorts=false trailing=false regime=true
  watchlist: SOXS, TE, SKHY, DRAM, NOK
  regime SPY 753.32 vs VWAP 752.67 -> bull
[2026-07-16 11:20 ET] L market OPEN | shorts=false trailing=false regime=true
  watchlist: SOXS, TE, SKHY, DRAM, NOK
  regime SPY 753.60 vs VWAP 752.69 -> bull
[2026-07-16 11:25 ET] L market OPEN | shorts=false trailing=false regime=true
  watchlist: SOXS, TE, SKHY, DRAM, NOK
  regime SPY 753.60 vs VWAP 752.72 -> bull
[2026-07-16 11:30 ET] L market OPEN | shorts=false trailing=false regime=true
  watchlist: SOXS, TE, SKHY, DRAM, NOK
  regime SPY 753.83 vs VWAP 752.76 -> bull
[2026-07-16 11:35 ET] L market OPEN | shorts=false trailing=false regime=true
  watchlist: SOXS, TE, SKHY, DRAM, NOK
[2026-07-16 11:40 ET] L market OPEN | shorts=false trailing=false regime=true
  watchlist: SOXS, TE, SKHY, DRAM, NOK
[2026-07-16 11:45 ET] L market OPEN | shorts=false trailing=false regime=true
  watchlist: SOXS, TE, SKHY, DRAM, NOK
[2026-07-16 11:50 ET] L market OPEN | shorts=false trailing=false regime=true
  watchlist: SOXS, TE, SKHY, DRAM, NOK
[2026-07-16 11:55 ET] L market OPEN | shorts=false trailing=false regime=true
  watchlist: SOXS, TE, SKHY, DRAM, NOK
[2026-07-16 12:00 ET] L market OPEN | shorts=false trailing=false regime=true
  watchlist: SOXS, TE, SKHY, DRAM, NOK
[2026-07-16 12:05 ET] L market OPEN | shorts=false trailing=false regime=true
  watchlist: SOXS, TE, SKHY, DRAM, NOK
[2026-07-16 12:10 ET] L market OPEN | shorts=false trailing=false regime=true
  watchlist: SOXS, TE, SKHY, DRAM, NOK
[2026-07-16 12:15 ET] L market OPEN | shorts=false trailing=false regime=true
  watchlist: SOXS, TE, SKHY, DRAM, NOK
[2026-07-16 12:20 ET] L market OPEN | shorts=false trailing=false regime=true
  watchlist: SOXS, TE, SKHY, DRAM, NOK
[2026-07-16 12:25 ET] L market OPEN | shorts=false trailing=false regime=true
  watchlist: SOXS, TE, SKHY, DRAM, NOK
[2026-07-16 12:30 ET] L market OPEN | shorts=false trailing=false regime=true
  watchlist: SOXS, TE, SKHY, DRAM, NOK
[2026-07-16 12:35 ET] L market OPEN | shorts=false trailing=false regime=true
  watchlist: SOXS, TE, SKHY, DRAM, NOK
[2026-07-16 12:40 ET] L market OPEN | shorts=false trailing=false regime=true
  watchlist: SOXS, TE, SKHY, DRAM, NOK
[2026-07-16 12:45 ET] L market OPEN | shorts=false trailing=false regime=true
  watchlist: SOXS, TE, SKHY, DRAM, NOK
[2026-07-16 12:50 ET] L market OPEN | shorts=false trailing=false regime=true
  watchlist: SOXS, TE, SKHY, DRAM, NOK
[2026-07-16 12:55 ET] L market OPEN | shorts=false trailing=false regime=true
  watchlist: SOXS, TE, SKHY, DRAM, NOK
[2026-07-16 13:00 ET] L market OPEN | shorts=false trailing=false regime=true
  watchlist: SOXS, TE, SKHY, DRAM, NOK
[2026-07-16 13:05 ET] L market OPEN | shorts=false trailing=false regime=true
  watchlist: SOXS, TE, SKHY, DRAM, NOK
[2026-07-16 13:10 ET] L market OPEN | shorts=false trailing=false regime=true
  watchlist: SOXS, TE, SKHY, DRAM, NOK
[2026-07-16 13:15 ET] L market OPEN | shorts=false trailing=false regime=true
  watchlist: SOXS, TE, SKHY, DRAM, NOK
[2026-07-16 13:20 ET] L market OPEN | shorts=false trailing=false regime=true
  watchlist: SOXS, TE, SKHY, DRAM, NOK
[2026-07-16 13:25 ET] L market OPEN | shorts=false trailing=false regime=true
  watchlist: SOXS, TE, SKHY, DRAM, NOK
[2026-07-16 13:30 ET] L market OPEN | shorts=false trailing=false regime=true
  watchlist: SOXS, TE, SKHY, DRAM, NOK
[2026-07-16 13:35 ET] L market OPEN | shorts=false trailing=false regime=true
  watchlist: SOXS, TE, SKHY, DRAM, NOK
[2026-07-16 13:40 ET] L market OPEN | shorts=false trailing=false regime=true
  watchlist: SOXS, TE, SKHY, DRAM, NOK
[2026-07-16 13:45 ET] L market OPEN | shorts=false trailing=false regime=true
  watchlist: SOXS, TE, SKHY, DRAM, NOK
[2026-07-16 13:50 ET] L market OPEN | shorts=false trailing=false regime=true
  watchlist: SOXS, TE, SKHY, DRAM, NOK
[2026-07-16 13:55 ET] L market OPEN | shorts=false trailing=false regime=true
  watchlist: SOXS, TE, SKHY, DRAM, NOK
[2026-07-16 14:00 ET] L market OPEN | shorts=false trailing=false regime=true
  watchlist: SOXS, TE, SKHY, DRAM, NOK
[2026-07-16 14:05 ET] L market OPEN | shorts=false trailing=false regime=true
  watchlist: SOXS, TE, SKHY, DRAM, NOK
[2026-07-16 14:10 ET] L market OPEN | shorts=false trailing=false regime=true
  watchlist: SOXS, TE, SKHY, DRAM, NOK
[2026-07-16 14:15 ET] L market OPEN | shorts=false trailing=false regime=true
  watchlist: SOXS, TE, SKHY, DRAM, NOK
[2026-07-16 14:20 ET] L market OPEN | shorts=false trailing=false regime=true
  watchlist: SOXS, TE, SKHY, DRAM, NOK
[2026-07-16 14:25 ET] L market OPEN | shorts=false trailing=false regime=true
  watchlist: SOXS, TE, SKHY, DRAM, NOK
[2026-07-16 14:30 ET] L market OPEN | shorts=false trailing=false regime=true
  watchlist: SOXS, TE, SKHY, DRAM, NOK
[2026-07-16 14:35 ET] L market OPEN | shorts=false trailing=false regime=true
  watchlist: SOXS, TE, SKHY, DRAM, NOK
[2026-07-16 14:40 ET] L market OPEN | shorts=false trailing=false regime=true
  watchlist: SOXS, TE, SKHY, DRAM, NOK
[2026-07-16 14:45 ET] L market OPEN | shorts=false trailing=false regime=true
  watchlist: SOXS, TE, SKHY, DRAM, NOK
[2026-07-16 14:50 ET] L market OPEN | shorts=false trailing=false regime=true
  watchlist: SOXS, TE, SKHY, DRAM, NOK
[2026-07-16 14:55 ET] L market OPEN | shorts=false trailing=false regime=true
  watchlist: SOXS, TE, SKHY, DRAM, NOK
[2026-07-16 15:00 ET] L market OPEN | shorts=false trailing=false regime=true
  watchlist: SOXS, TE, SKHY, DRAM, NOK
[2026-07-16 15:05 ET] L market OPEN | shorts=false trailing=false regime=true
  watchlist: SOXS, TE, SKHY, DRAM, NOK
[2026-07-16 15:10 ET] L market OPEN | shorts=false trailing=false regime=true
  watchlist: SOXS, TE, SKHY, DRAM, NOK
[2026-07-16 15:15 ET] L market OPEN | shorts=false trailing=false regime=true
  watchlist: SOXS, TE, SKHY, DRAM, NOK
[2026-07-16 15:20 ET] L market OPEN | shorts=false trailing=false regime=true
  watchlist: SOXS, TE, SKHY, DRAM, NOK
[2026-07-16 15:25 ET] L market OPEN | shorts=false trailing=false regime=true
  watchlist: SOXS, TE, SKHY, DRAM, NOK
[2026-07-16 15:30 ET] L market OPEN | shorts=false trailing=false regime=true
  watchlist: SOXS, TE, SKHY, DRAM, NOK
[2026-07-16 15:35 ET] L market OPEN | shorts=false trailing=false regime=true
  watchlist: SOXS, TE, SKHY, DRAM, NOK
[2026-07-16 15:40 ET] L market OPEN | shorts=false trailing=false regime=true
  watchlist: SOXS, TE, SKHY, DRAM, NOK
[2026-07-16 15:45 ET] L market OPEN | shorts=false trailing=false regime=true
  watchlist: SOXS, TE, SKHY, DRAM, NOK
[2026-07-16 15:50 ET] L market OPEN | shorts=false trailing=false regime=true
[2026-07-16 15:55 ET] L market OPEN | shorts=false trailing=false regime=true
[2026-07-16 16:00 ET] L market closed | shorts=false trailing=false regime=true
[2026-07-17 09:30 ET] L market OPEN | shorts=false trailing=false regime=true
  watchlist: SKHY, JOBY, INTC, DRAM, NOK
[2026-07-17 09:35 ET] L market OPEN | shorts=false trailing=false regime=true
  watchlist: SKHY, JOBY, INTC, DRAM, NOK
[2026-07-17 09:40 ET] L market OPEN | shorts=false trailing=false regime=true
  watchlist: SKHY, JOBY, INTC, DRAM, NOK
[2026-07-17 09:45 ET] L market OPEN | shorts=false trailing=false regime=true
  watchlist: SKHY, JOBY, INTC, DRAM, NOK
  regime SPY 741.06 vs VWAP 741.49 -> bear
[2026-07-17 09:50 ET] L market OPEN | shorts=false trailing=false regime=true
  watchlist: SKHY, JOBY, INTC, DRAM, NOK
  regime SPY 743.06 vs VWAP 741.64 -> bull
[2026-07-17 09:55 ET] L market OPEN | shorts=false trailing=false regime=true
  watchlist: SKHY, JOBY, INTC, DRAM, NOK
  regime SPY 743.89 vs VWAP 741.87 -> bull
  ENTER long SKHY 6sh @ 153.01 | stop 145.60 tgt168.61 | risk $46 | sec SKHY
   Telegram alert delivered
[2026-07-17 10:00 ET] L market OPEN | shorts=false trailing=false regime=true
  watchlist: SKHY, JOBY, INTC, DRAM, NOK
  regime SPY 744.82 vs VWAP 742.27 -> bull
  ENTER long DRAM 19sh @ 51.14 | stop 48.64 tgt55.88 | risk $48 | sec DRAM
   Telegram alert delivered
[2026-07-17 10:05 ET] L market OPEN | shorts=false trailing=false regime=true
  watchlist: SKHY, JOBY, INTC, DRAM, NOK
  regime SPY 745.32 vs VWAP 742.55 -> bull
  ENTER long JOBY 178sh @ 7.17 | stop 6.89 tgt7.73 | risk $50 | sec JOBY
   Telegram alert delivered
[2026-07-17 10:10 ET] L market OPEN | shorts=false trailing=false regime=true
  watchlist: SKHY, JOBY, INTC, DRAM, NOK
  regime SPY 746.38 vs VWAP 742.97 -> bull
  ENTER long INTC 9sh @ 95.15 | stop 89.67 tgt106.24 | risk $50 | sec semis
   Telegram alert delivered
  max positions (4) reached — no more entries.
[2026-07-17 10:15 ET] L market OPEN | shorts=false trailing=false regime=true
  watchlist: SKHY, JOBY, INTC, DRAM, NOK
  regime SPY 746.34 vs VWAP 743.19 -> bull
  max positions (4) reached — no more entries.
[2026-07-17 10:20 ET] L market OPEN | shorts=false trailing=false regime=true
  watchlist: SKHY, JOBY, INTC, DRAM, NOK
  regime SPY 746.60 vs VWAP 743.43 -> bull
  max positions (4) reached — no more entries.
[2026-07-17 10:25 ET] L market OPEN | shorts=false trailing=false regime=true
  watchlist: SKHY, JOBY, INTC, DRAM, NOK
  regime SPY 746.85 vs VWAP 743.65 -> bull
  max positions (4) reached — no more entries.
[2026-07-17 10:30 ET] L market OPEN | shorts=false trailing=false regime=true
  watchlist: SKHY, JOBY, INTC, DRAM, NOK
  regime SPY 746.34 vs VWAP 743.79 -> bull
  max positions (4) reached — no more entries.
[2026-07-17 10:35 ET] L market OPEN | shorts=false trailing=false regime=true
  watchlist: SKHY, JOBY, INTC, DRAM, NOK
  regime SPY 746.09 vs VWAP 743.96 -> bull
  max positions (4) reached — no more entries.
[2026-07-17 10:40 ET] L market OPEN | shorts=false trailing=false regime=true
  watchlist: SKHY, JOBY, INTC, DRAM, NOK
  regime SPY 746.66 vs VWAP 744.07 -> bull
  max positions (4) reached — no more entries.
[2026-07-17 10:45 ET] L market OPEN | shorts=false trailing=false regime=true
  watchlist: SKHY, JOBY, INTC, DRAM, NOK
  regime SPY 745.87 vs VWAP 744.13 -> bull
  max positions (4) reached — no more entries.
[2026-07-17 10:50 ET] L market OPEN | shorts=false trailing=false regime=true
  watchlist: SKHY, JOBY, INTC, DRAM, NOK
  regime SPY 745.70 vs VWAP 744.21 -> bull
  max positions (4) reached — no more entries.
[2026-07-17 10:55 ET] L market OPEN | shorts=false trailing=false regime=true
  watchlist: SKHY, JOBY, INTC, DRAM, NOK
  regime SPY 745.42 vs VWAP 744.24 -> bull
  max positions (4) reached — no more entries.
[2026-07-17 11:00 ET] L market OPEN | shorts=false trailing=false regime=true
  watchlist: SKHY, JOBY, INTC, DRAM, NOK
  regime SPY 745.07 vs VWAP 744.28 -> bull
  max positions (4) reached — no more entries.
[2026-07-17 11:05 ET] L market OPEN | shorts=false trailing=false regime=true
  watchlist: SKHY, JOBY, INTC, DRAM, NOK
  regime SPY 744.31 vs VWAP 744.29 -> bull
  max positions (4) reached — no more entries.
[2026-07-17 11:10 ET] L market OPEN | shorts=false trailing=false regime=true
  watchlist: SKHY, JOBY, INTC, DRAM, NOK
  regime SPY 744.85 vs VWAP 744.31 -> bull
  max positions (4) reached — no more entries.
[2026-07-17 11:15 ET] L market OPEN | shorts=false trailing=false regime=true
  watchlist: SKHY, JOBY, INTC, DRAM, NOK
  regime SPY 744.27 vs VWAP 744.31 -> bear
  max positions (4) reached — no more entries.
[2026-07-17 11:20 ET] L market OPEN | shorts=false trailing=false regime=true
  watchlist: SKHY, JOBY, INTC, DRAM, NOK
  regime SPY 744.52 vs VWAP 744.31 -> bull
  max positions (4) reached — no more entries.
[2026-07-17 11:25 ET] L market OPEN | shorts=false trailing=false regime=true
  watchlist: SKHY, JOBY, INTC, DRAM, NOK
  regime SPY 744.27 vs VWAP 744.31 -> bear
  max positions (4) reached — no more entries.
[2026-07-17 11:30 ET] L market OPEN | shorts=false trailing=false regime=true
  watchlist: SKHY, JOBY, INTC, DRAM, NOK
  regime SPY 745.45 vs VWAP 744.33 -> bull
  max positions (4) reached — no more entries.
[2026-07-17 11:35 ET] L market OPEN | shorts=false trailing=false regime=true
  watchlist: SKHY, JOBY, INTC, DRAM, NOK
[2026-07-17 11:40 ET] L market OPEN | shorts=false trailing=false regime=true
  watchlist: SKHY, JOBY, INTC, DRAM, NOK
[2026-07-17 11:45 ET] L market OPEN | shorts=false trailing=false regime=true
  watchlist: SKHY, JOBY, INTC, DRAM, NOK
[2026-07-17 11:50 ET] L market OPEN | shorts=false trailing=false regime=true
  watchlist: SKHY, JOBY, INTC, DRAM, NOK
[2026-07-17 11:55 ET] L market OPEN | shorts=false trailing=false regime=true
  watchlist: SKHY, JOBY, INTC, DRAM, NOK
[2026-07-17 12:00 ET] L market OPEN | shorts=false trailing=false regime=true
  watchlist: SKHY, JOBY, INTC, DRAM, NOK
[2026-07-17 12:05 ET] L market OPEN | shorts=false trailing=false regime=true
  watchlist: SKHY, JOBY, INTC, DRAM, NOK
[2026-07-17 12:10 ET] L market OPEN | shorts=false trailing=false regime=true
  watchlist: SKHY, JOBY, INTC, DRAM, NOK
[2026-07-17 12:15 ET] L market OPEN | shorts=false trailing=false regime=true
  watchlist: SKHY, JOBY, INTC, DRAM, NOK
[2026-07-17 12:20 ET] L market OPEN | shorts=false trailing=false regime=true
  watchlist: SKHY, JOBY, INTC, DRAM, NOK
[2026-07-17 12:25 ET] L market OPEN | shorts=false trailing=false regime=true
  watchlist: SKHY, JOBY, INTC, DRAM, NOK
[2026-07-17 12:30 ET] L market OPEN | shorts=false trailing=false regime=true
  watchlist: SKHY, JOBY, INTC, DRAM, NOK
[2026-07-17 12:35 ET] L market OPEN | shorts=false trailing=false regime=true
  watchlist: SKHY, JOBY, INTC, DRAM, NOK
[2026-07-17 12:40 ET] L market OPEN | shorts=false trailing=false regime=true
  watchlist: SKHY, JOBY, INTC, DRAM, NOK
[2026-07-17 12:45 ET] L market OPEN | shorts=false trailing=false regime=true
  watchlist: SKHY, JOBY, INTC, DRAM, NOK
[2026-07-17 12:50 ET] L market OPEN | shorts=false trailing=false regime=true
  watchlist: SKHY, JOBY, INTC, DRAM, NOK
[2026-07-17 12:55 ET] L market OPEN | shorts=false trailing=false regime=true
  watchlist: SKHY, JOBY, INTC, DRAM, NOK
[2026-07-17 13:00 ET] L market OPEN | shorts=false trailing=false regime=true
  watchlist: SKHY, JOBY, INTC, DRAM, NOK
[2026-07-17 13:05 ET] L market OPEN | shorts=false trailing=false regime=true
  watchlist: SKHY, JOBY, INTC, DRAM, NOK
[2026-07-17 13:10 ET] L market OPEN | shorts=false trailing=false regime=true
  watchlist: SKHY, JOBY, INTC, DRAM, NOK
[2026-07-17 13:15 ET] L market OPEN | shorts=false trailing=false regime=true
  watchlist: SKHY, JOBY, INTC, DRAM, NOK
[2026-07-17 13:20 ET] L market OPEN | shorts=false trailing=false regime=true
  watchlist: SKHY, JOBY, INTC, DRAM, NOK
[2026-07-17 13:25 ET] L market OPEN | shorts=false trailing=false regime=true
  watchlist: SKHY, JOBY, INTC, DRAM, NOK
[2026-07-17 13:30 ET] L market OPEN | shorts=false trailing=false regime=true
  watchlist: SKHY, JOBY, INTC, DRAM, NOK
[2026-07-17 13:35 ET] L market OPEN | shorts=false trailing=false regime=true
  watchlist: SKHY, JOBY, INTC, DRAM, NOK
[2026-07-17 13:40 ET] L market OPEN | shorts=false trailing=false regime=true
  watchlist: SKHY, JOBY, INTC, DRAM, NOK
[2026-07-17 13:45 ET] L market OPEN | shorts=false trailing=false regime=true
  watchlist: SKHY, JOBY, INTC, DRAM, NOK
[2026-07-17 13:50 ET] L market OPEN | shorts=false trailing=false regime=true
  watchlist: SKHY, JOBY, INTC, DRAM, NOK
[2026-07-17 13:55 ET] L market OPEN | shorts=false trailing=false regime=true
  watchlist: SKHY, JOBY, INTC, DRAM, NOK
[2026-07-17 14:00 ET] L market OPEN | shorts=false trailing=false regime=true
  watchlist: SKHY, JOBY, INTC, DRAM, NOK
[2026-07-17 14:05 ET] L market OPEN | shorts=false trailing=false regime=true
  watchlist: SKHY, JOBY, INTC, DRAM, NOK
[2026-07-17 14:10 ET] L market OPEN | shorts=false trailing=false regime=true
  watchlist: SKHY, JOBY, INTC, DRAM, NOK
[2026-07-17 14:15 ET] L market OPEN | shorts=false trailing=false regime=true
  watchlist: SKHY, JOBY, INTC, DRAM, NOK
[2026-07-17 14:20 ET] L market OPEN | shorts=false trailing=false regime=true
  watchlist: SKHY, JOBY, INTC, DRAM, NOK
[2026-07-17 14:25 ET] L market OPEN | shorts=false trailing=false regime=true
  watchlist: SKHY, JOBY, INTC, DRAM, NOK
[2026-07-17 14:30 ET] L market OPEN | shorts=false trailing=false regime=true
  watchlist: SKHY, JOBY, INTC, DRAM, NOK
[2026-07-17 14:35 ET] L market OPEN | shorts=false trailing=false regime=true
  watchlist: SKHY, JOBY, INTC, DRAM, NOK
[2026-07-17 14:40 ET] L market OPEN | shorts=false trailing=false regime=true
  watchlist: SKHY, JOBY, INTC, DRAM, NOK
[2026-07-17 14:45 ET] L market OPEN | shorts=false trailing=false regime=true
  watchlist: SKHY, JOBY, INTC, DRAM, NOK
[2026-07-17 14:50 ET] L market OPEN | shorts=false trailing=false regime=true
  watchlist: SKHY, JOBY, INTC, DRAM, NOK
[2026-07-17 14:55 ET] L market OPEN | shorts=false trailing=false regime=true
  watchlist: SKHY, JOBY, INTC, DRAM, NOK
[2026-07-17 15:00 ET] L market OPEN | shorts=false trailing=false regime=true
  watchlist: SKHY, JOBY, INTC, DRAM, NOK
[2026-07-17 15:05 ET] L market OPEN | shorts=false trailing=false regime=true
  watchlist: SKHY, JOBY, INTC, DRAM, NOK
[2026-07-17 15:10 ET] L market OPEN | shorts=false trailing=false regime=true
  watchlist: SKHY, JOBY, INTC, DRAM, NOK
[2026-07-17 15:15 ET] L market OPEN | shorts=false trailing=false regime=true
  watchlist: SKHY, JOBY, INTC, DRAM, NOK
[2026-07-17 15:20 ET] L market OPEN | shorts=false trailing=false regime=true
  watchlist: SKHY, JOBY, INTC, DRAM, NOK
[2026-07-17 15:25 ET] L market OPEN | shorts=false trailing=false regime=true
  watchlist: SKHY, JOBY, INTC, DRAM, NOK
[2026-07-17 15:30 ET] L market OPEN | shorts=false trailing=false regime=true
  watchlist: SKHY, JOBY, INTC, DRAM, NOK
[2026-07-17 15:35 ET] L market OPEN | shorts=false trailing=false regime=true
  watchlist: SKHY, JOBY, INTC, DRAM, NOK
[2026-07-17 15:40 ET] L market OPEN | shorts=false trailing=false regime=true
  watchlist: SKHY, JOBY, INTC, DRAM, NOK
[2026-07-17 15:45 ET] L market OPEN | shorts=false trailing=false regime=true
  watchlist: SKHY, JOBY, INTC, DRAM, NOK
[2026-07-17 15:50 ET] L market OPEN | shorts=false trailing=false regime=true
  flatten DRAM failed: Alpaca /v2/positions/DRAM 404: {"code":40410000,"message":"position not found: DRAM"}
  EOD flatten INTC 6sh @ 95.94 P/L $4.74 | day $4.74
   Telegram alert delivered
  flatten JOBY failed: Alpaca /v2/positions/JOBY 404: {"code":40410000,"message":"position not found: JOBY"}
  flatten SKHY failed: Alpaca /v2/positions/SKHY 404: {"code":40410000,"message":"position not found: SKHY"}
[2026-07-17 15:55 ET] L market OPEN | shorts=false trailing=false regime=true
  EXIT SKHY (long/exit) 6sh @ 154.42 P/L $8.42 | day $13.16
   Telegram alert delivered
  EXIT DRAM (long/exit) 19sh @ 53.40 P/L $42.94 | day $56.10
   Telegram alert delivered
  EXIT JOBY (long/exit) 178sh @ 7.24 P/L $12.46 | day $68.56
   Telegram alert delivered
[2026-07-17 16:00 ET] L market closed | shorts=false trailing=false regime=true
[2026-07-20 09:30 ET] L market OPEN | shorts=false trailing=false regime=true
  watchlist: SNXX, SOXL, SOXS, NFLX, BITO, DRAM
[2026-07-20 09:35 ET] L market OPEN | shorts=false trailing=false regime=true
  watchlist: SNXX, SOXL, SOXS, NFLX, BITO, DRAM
[2026-07-20 09:40 ET] L market OPEN | shorts=false trailing=false regime=true
  watchlist: SNXX, SOXL, SOXS, NFLX, BITO, DRAM
[2026-07-20 09:45 ET] L market OPEN | shorts=false trailing=false regime=true
  watchlist: SNXX, SOXL, SOXS, NFLX, BITO, DRAM
  regime SPY 748.54 vs VWAP 748.03 -> bull
[2026-07-20 09:50 ET] L market OPEN | shorts=false trailing=false regime=true
  watchlist: SNXX, SOXL, SOXS, NFLX, BITO, DRAM
  regime SPY 747.58 vs VWAP 748.01 -> bear
[2026-07-20 09:55 ET] L market OPEN | shorts=false trailing=false regime=true
  watchlist: SNXX, SOXL, SOXS, NFLX, BITO, DRAM
  regime SPY 746.43 vs VWAP 747.70 -> bear
[2026-07-20 10:00 ET] L market OPEN | shorts=false trailing=false regime=true
  watchlist: SNXX, SOXL, SOXS, NFLX, BITO, DRAM
  regime SPY 745.73 vs VWAP 747.44 -> bear
[2026-07-20 10:05 ET] L market OPEN | shorts=false trailing=false regime=true
  watchlist: SNXX, SOXL, SOXS, NFLX, BITO, DRAM
  regime SPY 745.88 vs VWAP 747.30 -> bear
[2026-07-20 10:10 ET] L market OPEN | shorts=false trailing=false regime=true
  watchlist: SNXX, SOXL, SOXS, NFLX, BITO, DRAM
  regime SPY 745.40 vs VWAP 747.16 -> bear
  ENTER long SOXS 25sh @ 51.30 | stop 49.37 tgt55.25 | risk $49 | sec semis
   Telegram alert delivered
[2026-07-20 10:15 ET] L market OPEN | shorts=false trailing=false regime=true
  watchlist: SNXX, SOXL, SOXS, NFLX, BITO, DRAM
  regime SPY 744.90 vs VWAP 746.85 -> bear
[2026-07-20 10:20 ET] L market OPEN | shorts=false trailing=false regime=true
  watchlist: SNXX, SOXL, SOXS, NFLX, BITO, DRAM
  regime SPY 744.86 vs VWAP 746.65 -> bear
[2026-07-20 10:25 ET] L market OPEN | shorts=false trailing=false regime=true
  watchlist: SNXX, SOXL, SOXS, NFLX, BITO, DRAM
  regime SPY 744.99 vs VWAP 746.49 -> bear
[2026-07-20 10:30 ET] L market OPEN | shorts=false trailing=false regime=true
  watchlist: SNXX, SOXL, SOXS, NFLX, BITO, DRAM
  regime SPY 745.74 vs VWAP 746.44 -> bear
[2026-07-20 10:35 ET] L market OPEN | shorts=false trailing=false regime=true
  watchlist: SNXX, SOXL, SOXS, NFLX, BITO, DRAM
  regime SPY 745.26 vs VWAP 746.39 -> bear
[2026-07-20 10:40 ET] L market OPEN | shorts=false trailing=false regime=true
  watchlist: SNXX, SOXL, SOXS, NFLX, BITO, DRAM
  regime SPY 745.33 vs VWAP 746.36 -> bear
[2026-07-20 10:45 ET] L market OPEN | shorts=false trailing=false regime=true
  watchlist: SNXX, SOXL, SOXS, NFLX, BITO, DRAM
  regime SPY 744.92 vs VWAP 746.31 -> bear
[2026-07-20 10:50 ET] L market OPEN | shorts=false trailing=false regime=true
  watchlist: SNXX, SOXL, SOXS, NFLX, BITO, DRAM
  regime SPY 744.64 vs VWAP 746.25 -> bear
[2026-07-20 10:55 ET] L market OPEN | shorts=false trailing=false regime=true
  watchlist: SNXX, SOXL, SOXS, NFLX, BITO, DRAM
  regime SPY 744.35 vs VWAP 746.18 -> bear
[2026-07-20 11:00 ET] L market OPEN | shorts=false trailing=false regime=true
  watchlist: SNXX, SOXL, SOXS, NFLX, BITO, DRAM
  regime SPY 744.12 vs VWAP 746.05 -> bear
[2026-07-20 11:05 ET] L market OPEN | shorts=false trailing=false regime=true
  watchlist: SNXX, SOXL, SOXS, NFLX, BITO, DRAM
  regime SPY 744.63 vs VWAP 745.99 -> bear
[2026-07-20 11:10 ET] L market OPEN | shorts=false trailing=false regime=true
  watchlist: SNXX, SOXL, SOXS, NFLX, BITO, DRAM
  regime SPY 745.40 vs VWAP 745.95 -> bear
  BITO: long break vetoed by bear regime
[2026-07-20 11:15 ET] L market OPEN | shorts=false trailing=false regime=true
  watchlist: SNXX, SOXL, SOXS, NFLX, BITO, DRAM
  regime SPY 744.81 vs VWAP 745.92 -> bear
  BITO: long break vetoed by bear regime
[2026-07-20 11:20 ET] L market OPEN | shorts=false trailing=false regime=true
  watchlist: SNXX, SOXL, SOXS, NFLX, BITO, DRAM
  regime SPY 745.25 vs VWAP 745.88 -> bear
  BITO: long break vetoed by bear regime
[2026-07-20 11:25 ET] L market OPEN | shorts=false trailing=false regime=true
  watchlist: SNXX, SOXL, SOXS, NFLX, BITO, DRAM
  regime SPY 745.76 vs VWAP 745.87 -> bear
  BITO: long break vetoed by bear regime
[2026-07-20 11:30 ET] L market OPEN | shorts=false trailing=false regime=true
  watchlist: SNXX, SOXL, SOXS, NFLX, BITO, DRAM
  regime SPY 745.84 vs VWAP 745.87 -> bear
  BITO: long break vetoed by bear regime
[2026-07-20 11:35 ET] L market OPEN | shorts=false trailing=false regime=true
  watchlist: SNXX, SOXL, SOXS, NFLX, BITO, DRAM
[2026-07-20 11:40 ET] L market OPEN | shorts=false trailing=false regime=true
  watchlist: SNXX, SOXL, SOXS, NFLX, BITO, DRAM
[2026-07-20 11:45 ET] L market OPEN | shorts=false trailing=false regime=true
  watchlist: SNXX, SOXL, SOXS, NFLX, BITO, DRAM
[2026-07-20 11:50 ET] L market OPEN | shorts=false trailing=false regime=true
  watchlist: SNXX, SOXL, SOXS, NFLX, BITO, DRAM
[2026-07-20 11:55 ET] L market OPEN | shorts=false trailing=false regime=true
  watchlist: SNXX, SOXL, SOXS, NFLX, BITO, DRAM
[2026-07-20 12:00 ET] L market OPEN | shorts=false trailing=false regime=true
  watchlist: SNXX, SOXL, SOXS, NFLX, BITO, DRAM
[2026-07-20 12:05 ET] L market OPEN | shorts=false trailing=false regime=true
  watchlist: SNXX, SOXL, SOXS, NFLX, BITO, DRAM
[2026-07-20 12:10 ET] L market OPEN | shorts=false trailing=false regime=true
  watchlist: SNXX, SOXL, SOXS, NFLX, BITO, DRAM
[2026-07-20 12:15 ET] L market OPEN | shorts=false trailing=false regime=true
  watchlist: SNXX, SOXL, SOXS, NFLX, BITO, DRAM
[2026-07-20 12:20 ET] L market OPEN | shorts=false trailing=false regime=true
  watchlist: SNXX, SOXL, SOXS, NFLX, BITO, DRAM
[2026-07-20 12:25 ET] L market OPEN | shorts=false trailing=false regime=true
  watchlist: SNXX, SOXL, SOXS, NFLX, BITO, DRAM
[2026-07-20 12:30 ET] L market OPEN | shorts=false trailing=false regime=true
  watchlist: SNXX, SOXL, SOXS, NFLX, BITO, DRAM
[2026-07-20 12:35 ET] L market OPEN | shorts=false trailing=false regime=true
  watchlist: SNXX, SOXL, SOXS, NFLX, BITO, DRAM
[2026-07-20 12:40 ET] L market OPEN | shorts=false trailing=false regime=true
  watchlist: SNXX, SOXL, SOXS, NFLX, BITO, DRAM
[2026-07-20 12:45 ET] L market OPEN | shorts=false trailing=false regime=true
  watchlist: SNXX, SOXL, SOXS, NFLX, BITO, DRAM
[2026-07-20 12:50 ET] L market OPEN | shorts=false trailing=false regime=true
  watchlist: SNXX, SOXL, SOXS, NFLX, BITO, DRAM
[2026-07-20 12:55 ET] L market OPEN | shorts=false trailing=false regime=true
  watchlist: SNXX, SOXL, SOXS, NFLX, BITO, DRAM
[2026-07-20 13:00 ET] L market OPEN | shorts=false trailing=false regime=true
  watchlist: SNXX, SOXL, SOXS, NFLX, BITO, DRAM
[2026-07-20 13:05 ET] L market OPEN | shorts=false trailing=false regime=true
  watchlist: SNXX, SOXL, SOXS, NFLX, BITO, DRAM
[2026-07-20 13:10 ET] L market OPEN | shorts=false trailing=false regime=true
  watchlist: SNXX, SOXL, SOXS, NFLX, BITO, DRAM
[2026-07-20 13:15 ET] L market OPEN | shorts=false trailing=false regime=true
  watchlist: SNXX, SOXL, SOXS, NFLX, BITO, DRAM
[2026-07-20 13:20 ET] L market OPEN | shorts=false trailing=false regime=true
  watchlist: SNXX, SOXL, SOXS, NFLX, BITO, DRAM
[2026-07-20 13:25 ET] L market OPEN | shorts=false trailing=false regime=true
  watchlist: SNXX, SOXL, SOXS, NFLX, BITO, DRAM
[2026-07-20 13:30 ET] L market OPEN | shorts=false trailing=false regime=true
  watchlist: SNXX, SOXL, SOXS, NFLX, BITO, DRAM
[2026-07-20 13:35 ET] L market OPEN | shorts=false trailing=false regime=true
  watchlist: SNXX, SOXL, SOXS, NFLX, BITO, DRAM
[2026-07-20 13:40 ET] L market OPEN | shorts=false trailing=false regime=true
  watchlist: SNXX, SOXL, SOXS, NFLX, BITO, DRAM
[2026-07-20 13:45 ET] L market OPEN | shorts=false trailing=false regime=true
  watchlist: SNXX, SOXL, SOXS, NFLX, BITO, DRAM
[2026-07-20 13:50 ET] L market OPEN | shorts=false trailing=false regime=true
  watchlist: SNXX, SOXL, SOXS, NFLX, BITO, DRAM
[2026-07-20 13:55 ET] L market OPEN | shorts=false trailing=false regime=true
  watchlist: SNXX, SOXL, SOXS, NFLX, BITO, DRAM
[2026-07-20 14:00 ET] L market OPEN | shorts=false trailing=false regime=true
  watchlist: SNXX, SOXL, SOXS, NFLX, BITO, DRAM
[2026-07-20 14:05 ET] L market OPEN | shorts=false trailing=false regime=true
  watchlist: SNXX, SOXL, SOXS, NFLX, BITO, DRAM
[2026-07-20 14:10 ET] L market OPEN | shorts=false trailing=false regime=true
  watchlist: SNXX, SOXL, SOXS, NFLX, BITO, DRAM
[2026-07-20 14:15 ET] L market OPEN | shorts=false trailing=false regime=true
  watchlist: SNXX, SOXL, SOXS, NFLX, BITO, DRAM
[2026-07-20 14:20 ET] L market OPEN | shorts=false trailing=false regime=true
  watchlist: SNXX, SOXL, SOXS, NFLX, BITO, DRAM
[2026-07-20 14:25 ET] L market OPEN | shorts=false trailing=false regime=true
  watchlist: SNXX, SOXL, SOXS, NFLX, BITO, DRAM
[2026-07-20 14:30 ET] L market OPEN | shorts=false trailing=false regime=true
  watchlist: SNXX, SOXL, SOXS, NFLX, BITO, DRAM
[2026-07-20 14:35 ET] L market OPEN | shorts=false trailing=false regime=true
  watchlist: SNXX, SOXL, SOXS, NFLX, BITO, DRAM
[2026-07-20 14:40 ET] L market OPEN | shorts=false trailing=false regime=true
  watchlist: SNXX, SOXL, SOXS, NFLX, BITO, DRAM
[2026-07-20 14:45 ET] L market OPEN | shorts=false trailing=false regime=true
  watchlist: SNXX, SOXL, SOXS, NFLX, BITO, DRAM
[2026-07-20 14:50 ET] L market OPEN | shorts=false trailing=false regime=true
  watchlist: SNXX, SOXL, SOXS, NFLX, BITO, DRAM
[2026-07-20 14:55 ET] L market OPEN | shorts=false trailing=false regime=true
  watchlist: SNXX, SOXL, SOXS, NFLX, BITO, DRAM
[2026-07-20 15:00 ET] L market OPEN | shorts=false trailing=false regime=true
  watchlist: SNXX, SOXL, SOXS, NFLX, BITO, DRAM
[2026-07-20 15:05 ET] L market OPEN | shorts=false trailing=false regime=true
  watchlist: SNXX, SOXL, SOXS, NFLX, BITO, DRAM
[2026-07-20 15:10 ET] L market OPEN | shorts=false trailing=false regime=true
  watchlist: SNXX, SOXL, SOXS, NFLX, BITO, DRAM
[2026-07-20 15:15 ET] L market OPEN | shorts=false trailing=false regime=true
  watchlist: SNXX, SOXL, SOXS, NFLX, BITO, DRAM
[2026-07-20 15:20 ET] L market OPEN | shorts=false trailing=false regime=true
  watchlist: SNXX, SOXL, SOXS, NFLX, BITO, DRAM
[2026-07-20 15:25 ET] L market OPEN | shorts=false trailing=false regime=true
  watchlist: SNXX, SOXL, SOXS, NFLX, BITO, DRAM
[2026-07-20 15:30 ET] L market OPEN | shorts=false trailing=false regime=true
  watchlist: SNXX, SOXL, SOXS, NFLX, BITO, DRAM
[2026-07-20 15:35 ET] L market OPEN | shorts=false trailing=false regime=true
  watchlist: SNXX, SOXL, SOXS, NFLX, BITO, DRAM
[2026-07-20 15:40 ET] L market OPEN | shorts=false trailing=false regime=true
  watchlist: SNXX, SOXL, SOXS, NFLX, BITO, DRAM
[2026-07-20 15:45 ET] L market OPEN | shorts=false trailing=false regime=true
  watchlist: SNXX, SOXL, SOXS, NFLX, BITO, DRAM
[2026-07-20 15:50 ET] L market OPEN | shorts=false trailing=false regime=true
  flatten SOXS: close not confirmed (status no-order) — leaving open, will retry next run.
[2026-07-20 15:55 ET] L market OPEN | shorts=false trailing=false regime=true
  EXIT SOXS (long/exit) 25sh @ 53.65 P/L $58.78 | day $58.78
   Telegram alert delivered
[2026-07-20 16:00 ET] L market closed | shorts=false trailing=false regime=true
[2026-07-21 09:30 ET] L market OPEN | shorts=false trailing=false regime=true
  watchlist: SNXX, SOXL, SOXS, MARA, TSLG, NU, INTC, DRAM
[2026-07-21 09:35 ET] L market OPEN | shorts=false trailing=false regime=true
  watchlist: SNXX, SOXL, SOXS, MARA, TSLG, NU, INTC, DRAM
[2026-07-21 09:40 ET] L market OPEN | shorts=false trailing=false regime=true
  watchlist: SNXX, SOXL, SOXS, MARA, TSLG, NU, INTC, DRAM
[2026-07-21 09:45 ET] L market OPEN | shorts=false trailing=false regime=true
  watchlist: SNXX, SOXL, SOXS, MARA, TSLG, NU, INTC, DRAM
  regime SPY 744.47 vs VWAP 745.46 -> bear
[2026-07-21 09:50 ET] L market OPEN | shorts=false trailing=false regime=true
  watchlist: SNXX, SOXL, SOXS, MARA, TSLG, NU, INTC, DRAM
  regime SPY 744.89 vs VWAP 745.30 -> bear
[2026-07-21 09:55 ET] L market OPEN | shorts=false trailing=false regime=true
  watchlist: SNXX, SOXL, SOXS, MARA, TSLG, NU, INTC, DRAM
  regime SPY 745.08 vs VWAP 745.25 -> bear
  MARA: long break vetoed by bear regime
[2026-07-21 10:00 ET] L market OPEN | shorts=false trailing=false regime=true
  watchlist: SNXX, SOXL, SOXS, MARA, TSLG, NU, INTC, DRAM
  regime SPY 745.33 vs VWAP 745.24 -> bull
  SOXS: long break vetoed by bull regime (inverse ETF)
  ENTER long MARA 124sh @ 12.21 | stop 11.81 tgt12.96 | risk $50 | sec crypto
   Telegram alert delivered
  ENTER long TSLG 277sh @ 5.55 | stop 5.34 tgt5.88 | risk $50 | sec TSLG
   Telegram alert delivered
[2026-07-21 10:05 ET] L market OPEN | shorts=false trailing=false regime=true
  watchlist: SNXX, SOXL, SOXS, MARA, TSLG, NU, INTC, DRAM
  regime SPY 745.41 vs VWAP 745.26 -> bull
  SOXS: long break vetoed by bull regime (inverse ETF)
  ENTER long NU 141sh @ 14.15 | stop 13.87 tgt14.71 | risk $39 | sec NU
   Telegram alert delivered
[2026-07-21 10:10 ET] L market OPEN | shorts=false trailing=false regime=true
  watchlist: SNXX, SOXL, SOXS, MARA, TSLG, NU, INTC, DRAM
  regime SPY 745.22 vs VWAP 745.26 -> bear
  ENTER long SOXS 16sh @ 48.83 | stop 45.87 tgt54.73 | risk $47 | sec semis
   Telegram alert delivered
  max positions (4) reached — no more entries.
[2026-07-21 10:15 ET] L market OPEN | shorts=false trailing=false regime=true
  watchlist: SNXX, SOXL, SOXS, MARA, TSLG, NU, INTC, DRAM
  regime SPY 745.73 vs VWAP 745.29 -> bull
  max positions (4) reached — no more entries.
[2026-07-21 10:20 ET] L market OPEN | shorts=false trailing=false regime=true
  watchlist: SNXX, SOXL, SOXS, MARA, TSLG, NU, INTC, DRAM
  regime SPY 746.12 vs VWAP 745.32 -> bull
  max positions (4) reached — no more entries.
[2026-07-21 10:25 ET] L market OPEN | shorts=false trailing=false regime=true
  watchlist: SNXX, SOXL, SOXS, MARA, TSLG, NU, INTC, DRAM
  regime SPY 745.99 vs VWAP 745.35 -> bull
  max positions (4) reached — no more entries.
[2026-07-21 10:30 ET] L market OPEN | shorts=false trailing=false regime=true
  watchlist: SNXX, SOXL, SOXS, MARA, TSLG, NU, INTC, DRAM
  regime SPY 746.85 vs VWAP 745.42 -> bull
  max positions (4) reached — no more entries.
[2026-07-21 10:35 ET] L market OPEN | shorts=false trailing=false regime=true
  watchlist: SNXX, SOXL, SOXS, MARA, TSLG, NU, INTC, DRAM
  regime SPY 746.85 vs VWAP 745.50 -> bull
  max positions (4) reached — no more entries.
[2026-07-21 10:40 ET] L market OPEN | shorts=false trailing=false regime=true
  watchlist: SNXX, SOXL, SOXS, MARA, TSLG, NU, INTC, DRAM
  regime SPY 746.30 vs VWAP 745.54 -> bull
  max positions (4) reached — no more entries.
[2026-07-21 10:45 ET] L market OPEN | shorts=false trailing=false regime=true
  watchlist: SNXX, SOXL, SOXS, MARA, TSLG, NU, INTC, DRAM
  regime SPY 746.59 vs VWAP 745.59 -> bull
  max positions (4) reached — no more entries.
[2026-07-21 10:50 ET] L market OPEN | shorts=false trailing=false regime=true
  watchlist: SNXX, SOXL, SOXS, MARA, TSLG, NU, INTC, DRAM
  regime SPY 746.95 vs VWAP 745.66 -> bull
  max positions (4) reached — no more entries.
[2026-07-21 10:55 ET] L market OPEN | shorts=false trailing=false regime=true
  watchlist: SNXX, SOXL, SOXS, MARA, TSLG, NU, INTC, DRAM
  regime SPY 746.54 vs VWAP 745.69 -> bull
  max positions (4) reached — no more entries.
[2026-07-21 11:00 ET] L market OPEN | shorts=false trailing=false regime=true
  watchlist: SNXX, SOXL, SOXS, MARA, TSLG, NU, INTC, DRAM
  regime SPY 746.77 vs VWAP 745.72 -> bull
  max positions (4) reached — no more entries.
[2026-07-21 11:05 ET] L market OPEN | shorts=false trailing=false regime=true
  watchlist: SNXX, SOXL, SOXS, MARA, TSLG, NU, INTC, DRAM
  regime SPY 746.00 vs VWAP 745.73 -> bull
  max positions (4) reached — no more entries.
[2026-07-21 11:10 ET] L market OPEN | shorts=false trailing=false regime=true
  watchlist: SNXX, SOXL, SOXS, MARA, TSLG, NU, INTC, DRAM
  regime SPY 747.01 vs VWAP 745.78 -> bull
  max positions (4) reached — no more entries.
[2026-07-21 11:15 ET] L market OPEN | shorts=false trailing=false regime=true
  EXIT SOXS (long/stop) 16sh @ 45.86 P/L $-47.58 | day $-47.58
   Telegram alert delivered
  watchlist: SNXX, SOXL, SOXS, MARA, TSLG, NU, INTC, DRAM
  regime SPY 747.22 vs VWAP 745.85 -> bull
  ENTER long SNXX 36sh @ 17.23 | stop 15.90 tgt19.83 | risk $50 | sec SNXX
   Telegram alert delivered
  max positions (4) reached — no more entries.
[2026-07-21 11:20 ET] L market OPEN | shorts=false trailing=false regime=true
  watchlist: SNXX, SOXL, SOXS, MARA, TSLG, NU, INTC, DRAM
  regime SPY 747.41 vs VWAP 745.89 -> bull
  max positions (4) reached — no more entries.
[2026-07-21 11:25 ET] L market OPEN | shorts=false trailing=false regime=true
  watchlist: SNXX, SOXL, SOXS, MARA, TSLG, NU, INTC, DRAM
  regime SPY 747.66 vs VWAP 745.98 -> bull
  max positions (4) reached — no more entries.
[2026-07-21 11:30 ET] L market OPEN | shorts=false trailing=false regime=true
  watchlist: SNXX, SOXL, SOXS, MARA, TSLG, NU, INTC, DRAM
  regime SPY 748.01 vs VWAP 746.02 -> bull
  max positions (4) reached — no more entries.
[2026-07-21 11:35 ET] L market OPEN | shorts=false trailing=false regime=true
  watchlist: SNXX, SOXL, SOXS, MARA, TSLG, NU, INTC, DRAM
[2026-07-21 11:40 ET] L market OPEN | shorts=false trailing=false regime=true
  watchlist: SNXX, SOXL, SOXS, MARA, TSLG, NU, INTC, DRAM
[2026-07-21 11:45 ET] L market OPEN | shorts=false trailing=false regime=true
  watchlist: SNXX, SOXL, SOXS, MARA, TSLG, NU, INTC, DRAM
[2026-07-21 11:50 ET] L market OPEN | shorts=false trailing=false regime=true
  watchlist: SNXX, SOXL, SOXS, MARA, TSLG, NU, INTC, DRAM
[2026-07-21 11:55 ET] L market OPEN | shorts=false trailing=false regime=true
  watchlist: SNXX, SOXL, SOXS, MARA, TSLG, NU, INTC, DRAM
[2026-07-21 12:00 ET] L market OPEN | shorts=false trailing=false regime=true
  watchlist: SNXX, SOXL, SOXS, MARA, TSLG, NU, INTC, DRAM
[2026-07-21 12:05 ET] L market OPEN | shorts=false trailing=false regime=true
  watchlist: SNXX, SOXL, SOXS, MARA, TSLG, NU, INTC, DRAM
[2026-07-21 12:10 ET] L market OPEN | shorts=false trailing=false regime=true
  watchlist: SNXX, SOXL, SOXS, MARA, TSLG, NU, INTC, DRAM
[2026-07-21 12:15 ET] L market OPEN | shorts=false trailing=false regime=true
  watchlist: SNXX, SOXL, SOXS, MARA, TSLG, NU, INTC, DRAM
[2026-07-21 12:20 ET] L market OPEN | shorts=false trailing=false regime=true
  watchlist: SNXX, SOXL, SOXS, MARA, TSLG, NU, INTC, DRAM
[2026-07-21 12:25 ET] L market OPEN | shorts=false trailing=false regime=true
  watchlist: SNXX, SOXL, SOXS, MARA, TSLG, NU, INTC, DRAM
[2026-07-21 12:30 ET] L market OPEN | shorts=false trailing=false regime=true
  watchlist: SNXX, SOXL, SOXS, MARA, TSLG, NU, INTC, DRAM
[2026-07-21 12:35 ET] L market OPEN | shorts=false trailing=false regime=true
  watchlist: SNXX, SOXL, SOXS, MARA, TSLG, NU, INTC, DRAM
[2026-07-21 12:40 ET] L market OPEN | shorts=false trailing=false regime=true
  watchlist: SNXX, SOXL, SOXS, MARA, TSLG, NU, INTC, DRAM
[2026-07-21 12:45 ET] L market OPEN | shorts=false trailing=false regime=true
  watchlist: SNXX, SOXL, SOXS, MARA, TSLG, NU, INTC, DRAM
[2026-07-21 12:50 ET] L market OPEN | shorts=false trailing=false regime=true
  watchlist: SNXX, SOXL, SOXS, MARA, TSLG, NU, INTC, DRAM
[2026-07-21 12:55 ET] L market OPEN | shorts=false trailing=false regime=true
  watchlist: SNXX, SOXL, SOXS, MARA, TSLG, NU, INTC, DRAM
[2026-07-21 13:00 ET] L market OPEN | shorts=false trailing=false regime=true
  watchlist: SNXX, SOXL, SOXS, MARA, TSLG, NU, INTC, DRAM
[2026-07-21 13:05 ET] L market OPEN | shorts=false trailing=false regime=true
  watchlist: SNXX, SOXL, SOXS, MARA, TSLG, NU, INTC, DRAM
[2026-07-21 13:10 ET] L market OPEN | shorts=false trailing=false regime=true
  watchlist: SNXX, SOXL, SOXS, MARA, TSLG, NU, INTC, DRAM
[2026-07-21 13:15 ET] L market OPEN | shorts=false trailing=false regime=true
  watchlist: SNXX, SOXL, SOXS, MARA, TSLG, NU, INTC, DRAM
[2026-07-21 13:20 ET] L market OPEN | shorts=false trailing=false regime=true
  watchlist: SNXX, SOXL, SOXS, MARA, TSLG, NU, INTC, DRAM
[2026-07-21 13:25 ET] L market OPEN | shorts=false trailing=false regime=true
  watchlist: SNXX, SOXL, SOXS, MARA, TSLG, NU, INTC, DRAM
[2026-07-21 13:30 ET] L market OPEN | shorts=false trailing=false regime=true
  watchlist: SNXX, SOXL, SOXS, MARA, TSLG, NU, INTC, DRAM
[2026-07-21 13:35 ET] L market OPEN | shorts=false trailing=false regime=true
  watchlist: SNXX, SOXL, SOXS, MARA, TSLG, NU, INTC, DRAM
[2026-07-21 13:40 ET] L market OPEN | shorts=false trailing=false regime=true
  watchlist: SNXX, SOXL, SOXS, MARA, TSLG, NU, INTC, DRAM
[2026-07-21 13:45 ET] L market OPEN | shorts=false trailing=false regime=true
  watchlist: SNXX, SOXL, SOXS, MARA, TSLG, NU, INTC, DRAM
[2026-07-21 13:50 ET] L market OPEN | shorts=false trailing=false regime=true
  watchlist: SNXX, SOXL, SOXS, MARA, TSLG, NU, INTC, DRAM
[2026-07-21 13:55 ET] L market OPEN | shorts=false trailing=false regime=true
  watchlist: SNXX, SOXL, SOXS, MARA, TSLG, NU, INTC, DRAM
[2026-07-21 14:00 ET] L market OPEN | shorts=false trailing=false regime=true
  watchlist: SNXX, SOXL, SOXS, MARA, TSLG, NU, INTC, DRAM
[2026-07-21 14:05 ET] L market OPEN | shorts=false trailing=false regime=true
  watchlist: SNXX, SOXL, SOXS, MARA, TSLG, NU, INTC, DRAM
[2026-07-21 14:10 ET] L market OPEN | shorts=false trailing=false regime=true
  watchlist: SNXX, SOXL, SOXS, MARA, TSLG, NU, INTC, DRAM
[2026-07-21 14:15 ET] L market OPEN | shorts=false trailing=false regime=true
  watchlist: SNXX, SOXL, SOXS, MARA, TSLG, NU, INTC, DRAM
[2026-07-21 14:20 ET] L market OPEN | shorts=false trailing=false regime=true
  watchlist: SNXX, SOXL, SOXS, MARA, TSLG, NU, INTC, DRAM
[2026-07-21 14:25 ET] L market OPEN | shorts=false trailing=false regime=true
  watchlist: SNXX, SOXL, SOXS, MARA, TSLG, NU, INTC, DRAM
[2026-07-21 14:30 ET] L market OPEN | shorts=false trailing=false regime=true
  watchlist: SNXX, SOXL, SOXS, MARA, TSLG, NU, INTC, DRAM
[2026-07-21 14:35 ET] L market OPEN | shorts=false trailing=false regime=true
  watchlist: SNXX, SOXL, SOXS, MARA, TSLG, NU, INTC, DRAM
[2026-07-21 14:40 ET] L market OPEN | shorts=false trailing=false regime=true
  watchlist: SNXX, SOXL, SOXS, MARA, TSLG, NU, INTC, DRAM
[2026-07-21 14:45 ET] L market OPEN | shorts=false trailing=false regime=true
  watchlist: SNXX, SOXL, SOXS, MARA, TSLG, NU, INTC, DRAM
[2026-07-21 14:50 ET] L market OPEN | shorts=false trailing=false regime=true
  watchlist: SNXX, SOXL, SOXS, MARA, TSLG, NU, INTC, DRAM
[2026-07-21 14:55 ET] L market OPEN | shorts=false trailing=false regime=true
  watchlist: SNXX, SOXL, SOXS, MARA, TSLG, NU, INTC, DRAM
[2026-07-21 15:00 ET] L market OPEN | shorts=false trailing=false regime=true
  watchlist: SNXX, SOXL, SOXS, MARA, TSLG, NU, INTC, DRAM
[2026-07-21 15:05 ET] L market OPEN | shorts=false trailing=false regime=true
  watchlist: SNXX, SOXL, SOXS, MARA, TSLG, NU, INTC, DRAM
[2026-07-21 15:10 ET] L market OPEN | shorts=false trailing=false regime=true
  watchlist: SNXX, SOXL, SOXS, MARA, TSLG, NU, INTC, DRAM
[2026-07-21 15:15 ET] L market OPEN | shorts=false trailing=false regime=true
  watchlist: SNXX, SOXL, SOXS, MARA, TSLG, NU, INTC, DRAM
[2026-07-21 15:20 ET] L market OPEN | shorts=false trailing=false regime=true
  watchlist: SNXX, SOXL, SOXS, MARA, TSLG, NU, INTC, DRAM
[2026-07-21 15:25 ET] L market OPEN | shorts=false trailing=false regime=true
  watchlist: SNXX, SOXL, SOXS, MARA, TSLG, NU, INTC, DRAM
[2026-07-21 15:30 ET] L market OPEN | shorts=false trailing=false regime=true
  watchlist: SNXX, SOXL, SOXS, MARA, TSLG, NU, INTC, DRAM
[2026-07-21 15:35 ET] L market OPEN | shorts=false trailing=false regime=true
  watchlist: SNXX, SOXL, SOXS, MARA, TSLG, NU, INTC, DRAM
[2026-07-21 15:40 ET] L market OPEN | shorts=false trailing=false regime=true
  watchlist: SNXX, SOXL, SOXS, MARA, TSLG, NU, INTC, DRAM
[2026-07-21 15:45 ET] L market OPEN | shorts=false trailing=false regime=true
  watchlist: SNXX, SOXL, SOXS, MARA, TSLG, NU, INTC, DRAM
[2026-07-21 15:50 ET] L market OPEN | shorts=false trailing=false regime=true
  EOD flatten MARA 26sh @ 12.09 P/L $-3.04 | day $-50.62
   Telegram alert delivered
  EOD flatten NU 5sh @ 14.26 P/L $0.55 | day $-50.07
   Telegram alert delivered
  EOD flatten SNXX 38sh @ 17.57 P/L $12.92 | day $-37.15
   Telegram alert delivered
  flatten TSLG failed: Alpaca /v2/positions/TSLG 404: {"code":40410000,"message":"position not found: TSLG"}
[2026-07-21 15:55 ET] L market OPEN | shorts=false trailing=false regime=true
  EXIT TSLG (long/exit) 277sh @ 5.54 P/L $-2.77 | day $-39.92
   Telegram alert delivered
[2026-07-21 16:00 ET] L market closed | shorts=false trailing=false regime=true
[2026-07-22 09:30 ET] L market OPEN | shorts=false trailing=false regime=true
  watchlist: ONDS, SNDQ, MARA, DRAM, INTC, NU, T
[2026-07-22 09:35 ET] L market OPEN | shorts=false trailing=false regime=true
  watchlist: ONDS, SNDQ, MARA, DRAM, INTC, NU, T
[2026-07-22 09:40 ET] L market OPEN | shorts=false trailing=false regime=true
  watchlist: ONDS, SNDQ, MARA, DRAM, INTC, NU, T
[2026-07-22 09:45 ET] L market OPEN | shorts=false trailing=false regime=true
  watchlist: ONDS, SNDQ, MARA, DRAM, INTC, NU, T
  regime SPY 747.57 vs VWAP 747.27 -> bull
[2026-07-22 09:50 ET] L market OPEN | shorts=false trailing=false regime=true
  watchlist: ONDS, SNDQ, MARA, DRAM, INTC, NU, T
  regime SPY 747.75 vs VWAP 747.42 -> bull
  ENTER long MARA 94sh @ 12.50 | stop 11.94 tgt13.53 | risk $50 | sec crypto
   Telegram alert delivered
[2026-07-22 09:55 ET] L market OPEN | shorts=false trailing=false regime=true
  watchlist: ONDS, SNDQ, MARA, DRAM, INTC, NU, T
  regime SPY 748.14 vs VWAP 747.54 -> bull
  ENTER long DRAM 28sh @ 57.91 | stop 56.09 tgt61.45 | risk $50 | sec DRAM
   Telegram alert delivered
  ENTER long INTC 12sh @ 105.78 | stop 101.62 tgt113.89 | risk $49 | sec semis
   Telegram alert delivered
[2026-07-22 10:00 ET] L market OPEN | shorts=false trailing=false regime=true
  watchlist: ONDS, SNDQ, MARA, DRAM, INTC, NU, T
  regime SPY 748.74 vs VWAP 747.75 -> bull
[2026-07-22 10:05 ET] L market OPEN | shorts=false trailing=false regime=true
  watchlist: ONDS, SNDQ, MARA, DRAM, INTC, NU, T
  regime SPY 748.97 vs VWAP 747.91 -> bull
[2026-07-22 10:10 ET] L market OPEN | shorts=false trailing=false regime=true
  watchlist: ONDS, SNDQ, MARA, DRAM, INTC, NU, T
  regime SPY 748.66 vs VWAP 748.01 -> bull
[2026-07-22 10:15 ET] L market OPEN | shorts=false trailing=false regime=true
  watchlist: ONDS, SNDQ, MARA, DRAM, INTC, NU, T
  regime SPY 748.24 vs VWAP 748.04 -> bull
[2026-07-22 10:20 ET] L market OPEN | shorts=false trailing=false regime=true
  watchlist: ONDS, SNDQ, MARA, DRAM, INTC, NU, T
  regime SPY 748.13 vs VWAP 748.04 -> bull
[2026-07-22 10:25 ET] L market OPEN | shorts=false trailing=false regime=true
  watchlist: ONDS, SNDQ, MARA, DRAM, INTC, NU, T
  regime SPY 747.59 vs VWAP 748.02 -> bear
[2026-07-22 10:30 ET] L market OPEN | shorts=false trailing=false regime=true
  watchlist: ONDS, SNDQ, MARA, DRAM, INTC, NU, T
  regime SPY 747.26 vs VWAP 747.97 -> bear
  ONDS: long break vetoed by bear regime
[2026-07-22 10:35 ET] L market OPEN | shorts=false trailing=false regime=true
  watchlist: ONDS, SNDQ, MARA, DRAM, INTC, NU, T
  regime SPY 747.22 vs VWAP 747.90 -> bear
[2026-07-22 10:40 ET] L market OPEN | shorts=false trailing=false regime=true
  watchlist: ONDS, SNDQ, MARA, DRAM, INTC, NU, T
  regime SPY 747.21 vs VWAP 747.87 -> bear
[2026-07-22 10:45 ET] L market OPEN | shorts=false trailing=false regime=true
  watchlist: ONDS, SNDQ, MARA, DRAM, INTC, NU, T
  regime SPY 746.80 vs VWAP 747.84 -> bear
[2026-07-22 10:50 ET] L market OPEN | shorts=false trailing=false regime=true
  watchlist: ONDS, SNDQ, MARA, DRAM, INTC, NU, T
  regime SPY 747.39 vs VWAP 747.81 -> bear
  ONDS: long break vetoed by bear regime
[2026-07-22 10:55 ET] L market OPEN | shorts=false trailing=false regime=true
  watchlist: ONDS, SNDQ, MARA, DRAM, INTC, NU, T
  regime SPY 747.54 vs VWAP 747.78 -> bear
[2026-07-22 11:00 ET] L market OPEN | shorts=false trailing=false regime=true
  watchlist: ONDS, SNDQ, MARA, DRAM, INTC, NU, T
  regime SPY 747.97 vs VWAP 747.78 -> bull
[2026-07-22 11:05 ET] L market OPEN | shorts=false trailing=false regime=true
  watchlist: ONDS, SNDQ, MARA, DRAM, INTC, NU, T
  regime SPY 748.32 vs VWAP 747.80 -> bull
[2026-07-22 11:10 ET] L market OPEN | shorts=false trailing=false regime=true
  watchlist: ONDS, SNDQ, MARA, DRAM, INTC, NU, T
  regime SPY 748.62 vs VWAP 747.82 -> bull
[2026-07-22 11:15 ET] L market OPEN | shorts=false trailing=false regime=true
  watchlist: ONDS, SNDQ, MARA, DRAM, INTC, NU, T
  regime SPY 748.88 vs VWAP 747.85 -> bull
[2026-07-22 11:20 ET] L market OPEN | shorts=false trailing=false regime=true
  watchlist: ONDS, SNDQ, MARA, DRAM, INTC, NU, T
  regime SPY 748.84 vs VWAP 747.90 -> bull
[2026-07-22 11:25 ET] L market OPEN | shorts=false trailing=false regime=true
  watchlist: ONDS, SNDQ, MARA, DRAM, INTC, NU, T
  regime SPY 749.33 vs VWAP 747.92 -> bull
[2026-07-22 11:30 ET] L market OPEN | shorts=false trailing=false regime=true
  watchlist: ONDS, SNDQ, MARA, DRAM, INTC, NU, T
  regime SPY 749.41 vs VWAP 747.99 -> bull
[2026-07-22 11:35 ET] L market OPEN | shorts=false trailing=false regime=true
  watchlist: ONDS, SNDQ, MARA, DRAM, INTC, NU, T
[2026-07-22 11:40 ET] L market OPEN | shorts=false trailing=false regime=true
  watchlist: ONDS, SNDQ, MARA, DRAM, INTC, NU, T
[2026-07-22 11:45 ET] L market OPEN | shorts=false trailing=false regime=true
  watchlist: ONDS, SNDQ, MARA, DRAM, INTC, NU, T
[2026-07-22 11:50 ET] L market OPEN | shorts=false trailing=false regime=true
  watchlist: ONDS, SNDQ, MARA, DRAM, INTC, NU, T
[2026-07-22 11:55 ET] L market OPEN | shorts=false trailing=false regime=true
  watchlist: ONDS, SNDQ, MARA, DRAM, INTC, NU, T
[2026-07-22 12:00 ET] L market OPEN | shorts=false trailing=false regime=true
  watchlist: ONDS, SNDQ, MARA, DRAM, INTC, NU, T
[2026-07-22 12:05 ET] L market OPEN | shorts=false trailing=false regime=true
  watchlist: ONDS, SNDQ, MARA, DRAM, INTC, NU, T
[2026-07-22 12:10 ET] L market OPEN | shorts=false trailing=false regime=true
  watchlist: ONDS, SNDQ, MARA, DRAM, INTC, NU, T
[2026-07-22 12:15 ET] L market OPEN | shorts=false trailing=false regime=true
  watchlist: ONDS, SNDQ, MARA, DRAM, INTC, NU, T
[2026-07-22 12:20 ET] L market OPEN | shorts=false trailing=false regime=true
  watchlist: ONDS, SNDQ, MARA, DRAM, INTC, NU, T
[2026-07-22 12:25 ET] L market OPEN | shorts=false trailing=false regime=true
  watchlist: ONDS, SNDQ, MARA, DRAM, INTC, NU, T
[2026-07-22 12:30 ET] L market OPEN | shorts=false trailing=false regime=true
  watchlist: ONDS, SNDQ, MARA, DRAM, INTC, NU, T
[2026-07-22 12:35 ET] L market OPEN | shorts=false trailing=false regime=true
  watchlist: ONDS, SNDQ, MARA, DRAM, INTC, NU, T
[2026-07-22 12:40 ET] L market OPEN | shorts=false trailing=false regime=true
  watchlist: ONDS, SNDQ, MARA, DRAM, INTC, NU, T
[2026-07-22 12:45 ET] L market OPEN | shorts=false trailing=false regime=true
  watchlist: ONDS, SNDQ, MARA, DRAM, INTC, NU, T
[2026-07-22 12:50 ET] L market OPEN | shorts=false trailing=false regime=true
  watchlist: ONDS, SNDQ, MARA, DRAM, INTC, NU, T
[2026-07-22 12:55 ET] L market OPEN | shorts=false trailing=false regime=true
  watchlist: ONDS, SNDQ, MARA, DRAM, INTC, NU, T
[2026-07-22 13:00 ET] L market OPEN | shorts=false trailing=false regime=true
  watchlist: ONDS, SNDQ, MARA, DRAM, INTC, NU, T
[2026-07-22 13:05 ET] L market OPEN | shorts=false trailing=false regime=true
  watchlist: ONDS, SNDQ, MARA, DRAM, INTC, NU, T
[2026-07-22 13:10 ET] L market OPEN | shorts=false trailing=false regime=true
  watchlist: ONDS, SNDQ, MARA, DRAM, INTC, NU, T
[2026-07-22 13:15 ET] L market OPEN | shorts=false trailing=false regime=true
  watchlist: ONDS, SNDQ, MARA, DRAM, INTC, NU, T
[2026-07-22 13:20 ET] L market OPEN | shorts=false trailing=false regime=true
  watchlist: ONDS, SNDQ, MARA, DRAM, INTC, NU, T
[2026-07-22 13:25 ET] L market OPEN | shorts=false trailing=false regime=true
  watchlist: ONDS, SNDQ, MARA, DRAM, INTC, NU, T
[2026-07-22 13:30 ET] L market OPEN | shorts=false trailing=false regime=true
  watchlist: ONDS, SNDQ, MARA, DRAM, INTC, NU, T
[2026-07-22 13:35 ET] L market OPEN | shorts=false trailing=false regime=true
  watchlist: ONDS, SNDQ, MARA, DRAM, INTC, NU, T
[2026-07-22 13:40 ET] L market OPEN | shorts=false trailing=false regime=true
  watchlist: ONDS, SNDQ, MARA, DRAM, INTC, NU, T
[2026-07-22 13:45 ET] L market OPEN | shorts=false trailing=false regime=true
  watchlist: ONDS, SNDQ, MARA, DRAM, INTC, NU, T
[2026-07-22 13:50 ET] L market OPEN | shorts=false trailing=false regime=true
  watchlist: ONDS, SNDQ, MARA, DRAM, INTC, NU, T
[2026-07-22 13:55 ET] L market OPEN | shorts=false trailing=false regime=true
  watchlist: ONDS, SNDQ, MARA, DRAM, INTC, NU, T
[2026-07-22 14:00 ET] L market OPEN | shorts=false trailing=false regime=true
  watchlist: ONDS, SNDQ, MARA, DRAM, INTC, NU, T
[2026-07-22 14:05 ET] L market OPEN | shorts=false trailing=false regime=true
  watchlist: ONDS, SNDQ, MARA, DRAM, INTC, NU, T
[2026-07-22 14:10 ET] L market OPEN | shorts=false trailing=false regime=true
  watchlist: ONDS, SNDQ, MARA, DRAM, INTC, NU, T
[2026-07-22 14:15 ET] L market OPEN | shorts=false trailing=false regime=true
  watchlist: ONDS, SNDQ, MARA, DRAM, INTC, NU, T
[2026-07-22 14:20 ET] L market OPEN | shorts=false trailing=false regime=true
  watchlist: ONDS, SNDQ, MARA, DRAM, INTC, NU, T
[2026-07-22 14:25 ET] L market OPEN | shorts=false trailing=false regime=true
  watchlist: ONDS, SNDQ, MARA, DRAM, INTC, NU, T
[2026-07-22 14:30 ET] L market OPEN | shorts=false trailing=false regime=true
  watchlist: ONDS, SNDQ, MARA, DRAM, INTC, NU, T
[2026-07-22 14:35 ET] L market OPEN | shorts=false trailing=false regime=true
  watchlist: ONDS, SNDQ, MARA, DRAM, INTC, NU, T
[2026-07-22 14:40 ET] L market OPEN | shorts=false trailing=false regime=true
  watchlist: ONDS, SNDQ, MARA, DRAM, INTC, NU, T
[2026-07-22 14:45 ET] L market OPEN | shorts=false trailing=false regime=true
  watchlist: ONDS, SNDQ, MARA, DRAM, INTC, NU, T
[2026-07-22 14:50 ET] L market OPEN | shorts=false trailing=false regime=true
  watchlist: ONDS, SNDQ, MARA, DRAM, INTC, NU, T
[2026-07-22 14:55 ET] L market OPEN | shorts=false trailing=false regime=true
  watchlist: ONDS, SNDQ, MARA, DRAM, INTC, NU, T
[2026-07-22 15:00 ET] L market OPEN | shorts=false trailing=false regime=true
  watchlist: ONDS, SNDQ, MARA, DRAM, INTC, NU, T
[2026-07-22 15:05 ET] L market OPEN | shorts=false trailing=false regime=true
  watchlist: ONDS, SNDQ, MARA, DRAM, INTC, NU, T
[2026-07-22 15:10 ET] L market OPEN | shorts=false trailing=false regime=true
  watchlist: ONDS, SNDQ, MARA, DRAM, INTC, NU, T
[2026-07-22 15:15 ET] L market OPEN | shorts=false trailing=false regime=true
  watchlist: ONDS, SNDQ, MARA, DRAM, INTC, NU, T
[2026-07-22 15:20 ET] L market OPEN | shorts=false trailing=false regime=true
  watchlist: ONDS, SNDQ, MARA, DRAM, INTC, NU, T
[2026-07-22 15:25 ET] L market OPEN | shorts=false trailing=false regime=true
  watchlist: ONDS, SNDQ, MARA, DRAM, INTC, NU, T
[2026-07-22 15:30 ET] L market OPEN | shorts=false trailing=false regime=true
  watchlist: ONDS, SNDQ, MARA, DRAM, INTC, NU, T
[2026-07-22 15:35 ET] L market OPEN | shorts=false trailing=false regime=true
  watchlist: ONDS, SNDQ, MARA, DRAM, INTC, NU, T
[2026-07-22 15:40 ET] L market OPEN | shorts=false trailing=false regime=true
  watchlist: ONDS, SNDQ, MARA, DRAM, INTC, NU, T
[2026-07-22 15:45 ET] L market OPEN | shorts=false trailing=false regime=true
  watchlist: ONDS, SNDQ, MARA, DRAM, INTC, NU, T
[2026-07-22 15:50 ET] L market OPEN | shorts=false trailing=false regime=true
  EOD flatten DRAM 28sh @ 58.08 P/L $4.76 | day $4.76
   Telegram alert delivered
  EOD flatten INTC 1sh @ 103.64 P/L $-2.14 | day $2.62
   Telegram alert delivered
  flatten MARA: close not confirmed (status no-order) — leaving open, will retry next run.
[2026-07-22 15:55 ET] L market OPEN | shorts=false trailing=false regime=true
  EXIT MARA (long/exit-partial) 85sh @ 12.50 P/L $0.00 | day $2.62
   Telegram alert delivered
  flatten MARA failed: Alpaca /v2/positions/MARA 404: {"code":40410000,"message":"position not found: MARA"}
[2026-07-22 16:00 ET] L market closed | shorts=false trailing=false regime=true
  EXIT MARA (long/exit) 9sh @ 12.42 P/L $-0.72 | day $1.90
   Telegram alert delivered
[2026-07-23 09:30 ET] L market OPEN | shorts=false trailing=false regime=true
  watchlist: PATH, ONDS, SPCX, NOW, T, NVDA, NFLX
[2026-07-23 09:35 ET] L market OPEN | shorts=false trailing=false regime=true
  watchlist: PATH, ONDS, SPCX, NOW, T, NVDA, NFLX
[2026-07-23 09:40 ET] L market OPEN | shorts=false trailing=false regime=true
  watchlist: PATH, ONDS, SPCX, NOW, T, NVDA, NFLX
[2026-07-23 09:45 ET] L market OPEN | shorts=false trailing=false regime=true
  watchlist: PATH, ONDS, SPCX, NOW, T, NVDA, NFLX
  regime SPY 741.85 vs VWAP 740.92 -> bull
[2026-07-23 09:50 ET] L market OPEN | shorts=false trailing=false regime=true
  watchlist: PATH, ONDS, SPCX, NOW, T, NVDA, NFLX
  regime SPY 740.32 vs VWAP 740.90 -> bear
  NFLX: long break vetoed by bear regime
[2026-07-23 09:55 ET] L market OPEN | shorts=false trailing=false regime=true
  watchlist: PATH, ONDS, SPCX, NOW, T, NVDA, NFLX
  regime SPY 740.91 vs VWAP 740.85 -> bull
  ENTER long PATH 161sh @ 10.93 | stop 10.61 tgt11.53 | risk $50 | sec PATH
   Telegram alert delivered
[2026-07-23 10:00 ET] L market OPEN | shorts=false trailing=false regime=true
  watchlist: PATH, ONDS, SPCX, NOW, T, NVDA, NFLX
  regime SPY 739.57 vs VWAP 740.73 -> bear
[2026-07-23 10:05 ET] L market OPEN | shorts=false trailing=false regime=true
  watchlist: PATH, ONDS, SPCX, NOW, T, NVDA, NFLX
  regime SPY 740.31 vs VWAP 740.67 -> bear
[2026-07-23 10:10 ET] L market OPEN | shorts=false trailing=false regime=true
  watchlist: PATH, ONDS, SPCX, NOW, T, NVDA, NFLX
  regime SPY 739.33 vs VWAP 740.61 -> bear
[2026-07-23 10:15 ET] L market OPEN | shorts=false trailing=false regime=true
  watchlist: PATH, ONDS, SPCX, NOW, T, NVDA, NFLX
  regime SPY 739.78 vs VWAP 740.57 -> bear
[2026-07-23 10:20 ET] L market OPEN | shorts=false trailing=false regime=true
  watchlist: PATH, ONDS, SPCX, NOW, T, NVDA, NFLX
  regime SPY 739.50 vs VWAP 740.53 -> bear
[2026-07-23 10:25 ET] L market OPEN | shorts=false trailing=false regime=true
  watchlist: PATH, ONDS, SPCX, NOW, T, NVDA, NFLX
  regime SPY 739.48 vs VWAP 740.37 -> bear
[2026-07-23 10:30 ET] L market OPEN | shorts=false trailing=false regime=true
  watchlist: PATH, ONDS, SPCX, NOW, T, NVDA, NFLX
  regime SPY 739.78 vs VWAP 740.35 -> bear
[2026-07-23 10:35 ET] L market OPEN | shorts=false trailing=false regime=true
  EXIT PATH (long/stop) 161sh @ 10.61 P/L $-50.89 | day $-50.89
   Telegram alert delivered
  watchlist: PATH, ONDS, SPCX, NOW, T, NVDA, NFLX
  regime SPY 738.72 vs VWAP 740.31 -> bear
[2026-07-23 10:40 ET] L market OPEN | shorts=false trailing=false regime=true
  watchlist: PATH, ONDS, SPCX, NOW, T, NVDA, NFLX
  regime SPY 740.37 vs VWAP 740.27 -> bull
[2026-07-23 10:45 ET] L market OPEN | shorts=false trailing=false regime=true
  watchlist: PATH, ONDS, SPCX, NOW, T, NVDA, NFLX
  regime SPY 738.86 vs VWAP 740.23 -> bear
[2026-07-23 10:50 ET] L market OPEN | shorts=false trailing=false regime=true
  watchlist: PATH, ONDS, SPCX, NOW, T, NVDA, NFLX
  regime SPY 738.84 vs VWAP 740.18 -> bear
[2026-07-23 10:55 ET] L market OPEN | shorts=false trailing=false regime=true
  watchlist: PATH, ONDS, SPCX, NOW, T, NVDA, NFLX
  regime SPY 738.16 vs VWAP 740.11 -> bear
[2026-07-23 11:00 ET] L market OPEN | shorts=false trailing=false regime=true
  watchlist: PATH, ONDS, SPCX, NOW, T, NVDA, NFLX
  regime SPY 738.35 vs VWAP 740.04 -> bear
[2026-07-23 11:05 ET] L market OPEN | shorts=false trailing=false regime=true
  watchlist: PATH, ONDS, SPCX, NOW, T, NVDA, NFLX
  regime SPY 737.60 vs VWAP 739.98 -> bear
[2026-07-23 11:10 ET] L market OPEN | shorts=false trailing=false regime=true
  watchlist: PATH, ONDS, SPCX, NOW, T, NVDA, NFLX
  regime SPY 737.17 vs VWAP 739.84 -> bear
[2026-07-23 11:15 ET] L market OPEN | shorts=false trailing=false regime=true
  watchlist: PATH, ONDS, SPCX, NOW, T, NVDA, NFLX
  regime SPY 736.63 vs VWAP 739.70 -> bear
[2026-07-23 11:20 ET] L market OPEN | shorts=false trailing=false regime=true
  watchlist: PATH, ONDS, SPCX, NOW, T, NVDA, NFLX
  regime SPY 737.19 vs VWAP 739.59 -> bear
[2026-07-23 11:25 ET] L market OPEN | shorts=false trailing=false regime=true
  watchlist: PATH, ONDS, SPCX, NOW, T, NVDA, NFLX
  regime SPY 736.74 vs VWAP 739.47 -> bear
[2026-07-23 11:30 ET] L market OPEN | shorts=false trailing=false regime=true
  watchlist: PATH, ONDS, SPCX, NOW, T, NVDA, NFLX
  regime SPY 735.92 vs VWAP 739.34 -> bear
[2026-07-23 11:35 ET] L market OPEN | shorts=false trailing=false regime=true
  watchlist: PATH, ONDS, SPCX, NOW, T, NVDA, NFLX
[2026-07-23 11:40 ET] L market OPEN | shorts=false trailing=false regime=true
  watchlist: PATH, ONDS, SPCX, NOW, T, NVDA, NFLX
[2026-07-23 11:45 ET] L market OPEN | shorts=false trailing=false regime=true
  watchlist: PATH, ONDS, SPCX, NOW, T, NVDA, NFLX
[2026-07-23 11:50 ET] L market OPEN | shorts=false trailing=false regime=true
  watchlist: PATH, ONDS, SPCX, NOW, T, NVDA, NFLX
[2026-07-23 11:55 ET] L market OPEN | shorts=false trailing=false regime=true
  watchlist: PATH, ONDS, SPCX, NOW, T, NVDA, NFLX
[2026-07-23 12:00 ET] L market OPEN | shorts=false trailing=false regime=true
  watchlist: PATH, ONDS, SPCX, NOW, T, NVDA, NFLX
[2026-07-23 12:05 ET] L market OPEN | shorts=false trailing=false regime=true
  watchlist: PATH, ONDS, SPCX, NOW, T, NVDA, NFLX
[2026-07-23 12:10 ET] L market OPEN | shorts=false trailing=false regime=true
  watchlist: PATH, ONDS, SPCX, NOW, T, NVDA, NFLX
[2026-07-23 12:15 ET] L market OPEN | shorts=false trailing=false regime=true
  watchlist: PATH, ONDS, SPCX, NOW, T, NVDA, NFLX
[2026-07-23 12:20 ET] L market OPEN | shorts=false trailing=false regime=true
  watchlist: PATH, ONDS, SPCX, NOW, T, NVDA, NFLX
[2026-07-23 12:25 ET] L market OPEN | shorts=false trailing=false regime=true
  watchlist: PATH, ONDS, SPCX, NOW, T, NVDA, NFLX
[2026-07-23 12:30 ET] L market OPEN | shorts=false trailing=false regime=true
  watchlist: PATH, ONDS, SPCX, NOW, T, NVDA, NFLX
[2026-07-23 12:35 ET] L market OPEN | shorts=false trailing=false regime=true
  watchlist: PATH, ONDS, SPCX, NOW, T, NVDA, NFLX
[2026-07-23 12:40 ET] L market OPEN | shorts=false trailing=false regime=true
  watchlist: PATH, ONDS, SPCX, NOW, T, NVDA, NFLX
[2026-07-23 12:45 ET] L market OPEN | shorts=false trailing=false regime=true
  watchlist: PATH, ONDS, SPCX, NOW, T, NVDA, NFLX
[2026-07-23 12:50 ET] L market OPEN | shorts=false trailing=false regime=true
  watchlist: PATH, ONDS, SPCX, NOW, T, NVDA, NFLX
[2026-07-23 12:55 ET] L market OPEN | shorts=false trailing=false regime=true
  watchlist: PATH, ONDS, SPCX, NOW, T, NVDA, NFLX
[2026-07-23 13:00 ET] L market OPEN | shorts=false trailing=false regime=true
  watchlist: PATH, ONDS, SPCX, NOW, T, NVDA, NFLX
[2026-07-23 13:05 ET] L market OPEN | shorts=false trailing=false regime=true
  watchlist: PATH, ONDS, SPCX, NOW, T, NVDA, NFLX
[2026-07-23 13:10 ET] L market OPEN | shorts=false trailing=false regime=true
  watchlist: PATH, ONDS, SPCX, NOW, T, NVDA, NFLX
[2026-07-23 13:15 ET] L market OPEN | shorts=false trailing=false regime=true
  watchlist: PATH, ONDS, SPCX, NOW, T, NVDA, NFLX
[2026-07-23 13:20 ET] L market OPEN | shorts=false trailing=false regime=true
  watchlist: PATH, ONDS, SPCX, NOW, T, NVDA, NFLX
[2026-07-23 13:25 ET] L market OPEN | shorts=false trailing=false regime=true
  watchlist: PATH, ONDS, SPCX, NOW, T, NVDA, NFLX
[2026-07-23 13:30 ET] L market OPEN | shorts=false trailing=false regime=true
  watchlist: PATH, ONDS, SPCX, NOW, T, NVDA, NFLX
[2026-07-23 13:35 ET] L market OPEN | shorts=false trailing=false regime=true
  watchlist: PATH, ONDS, SPCX, NOW, T, NVDA, NFLX
[2026-07-23 13:40 ET] L market OPEN | shorts=false trailing=false regime=true
  watchlist: PATH, ONDS, SPCX, NOW, T, NVDA, NFLX
[2026-07-23 13:45 ET] L market OPEN | shorts=false trailing=false regime=true
  watchlist: PATH, ONDS, SPCX, NOW, T, NVDA, NFLX
[2026-07-23 13:50 ET] L market OPEN | shorts=false trailing=false regime=true
  watchlist: PATH, ONDS, SPCX, NOW, T, NVDA, NFLX
[2026-07-23 13:55 ET] L market OPEN | shorts=false trailing=false regime=true
  watchlist: PATH, ONDS, SPCX, NOW, T, NVDA, NFLX
[2026-07-23 14:00 ET] L market OPEN | shorts=false trailing=false regime=true
  watchlist: PATH, ONDS, SPCX, NOW, T, NVDA, NFLX
[2026-07-23 14:05 ET] L market OPEN | shorts=false trailing=false regime=true
  watchlist: PATH, ONDS, SPCX, NOW, T, NVDA, NFLX
[2026-07-23 14:10 ET] L market OPEN | shorts=false trailing=false regime=true
  watchlist: PATH, ONDS, SPCX, NOW, T, NVDA, NFLX
[2026-07-23 14:15 ET] L market OPEN | shorts=false trailing=false regime=true
  watchlist: PATH, ONDS, SPCX, NOW, T, NVDA, NFLX
[2026-07-23 14:20 ET] L market OPEN | shorts=false trailing=false regime=true
  watchlist: PATH, ONDS, SPCX, NOW, T, NVDA, NFLX
[2026-07-23 14:25 ET] L market OPEN | shorts=false trailing=false regime=true
  watchlist: PATH, ONDS, SPCX, NOW, T, NVDA, NFLX
[2026-07-23 14:30 ET] L market OPEN | shorts=false trailing=false regime=true
  watchlist: PATH, ONDS, SPCX, NOW, T, NVDA, NFLX
[2026-07-23 14:35 ET] L market OPEN | shorts=false trailing=false regime=true
  watchlist: PATH, ONDS, SPCX, NOW, T, NVDA, NFLX
[2026-07-23 14:40 ET] L market OPEN | shorts=false trailing=false regime=true
  watchlist: PATH, ONDS, SPCX, NOW, T, NVDA, NFLX
[2026-07-23 14:45 ET] L market OPEN | shorts=false trailing=false regime=true
  watchlist: PATH, ONDS, SPCX, NOW, T, NVDA, NFLX
[2026-07-23 14:50 ET] L market OPEN | shorts=false trailing=false regime=true
  watchlist: PATH, ONDS, SPCX, NOW, T, NVDA, NFLX
[2026-07-23 14:55 ET] L market OPEN | shorts=false trailing=false regime=true
  watchlist: PATH, ONDS, SPCX, NOW, T, NVDA, NFLX
[2026-07-23 15:00 ET] L market OPEN | shorts=false trailing=false regime=true
  watchlist: PATH, ONDS, SPCX, NOW, T, NVDA, NFLX
[2026-07-23 15:05 ET] L market OPEN | shorts=false trailing=false regime=true
  watchlist: PATH, ONDS, SPCX, NOW, T, NVDA, NFLX
[2026-07-23 15:10 ET] L market OPEN | shorts=false trailing=false regime=true
  watchlist: PATH, ONDS, SPCX, NOW, T, NVDA, NFLX
[2026-07-23 15:15 ET] L market OPEN | shorts=false trailing=false regime=true
  watchlist: PATH, ONDS, SPCX, NOW, T, NVDA, NFLX
[2026-07-23 15:20 ET] L market OPEN | shorts=false trailing=false regime=true
  watchlist: PATH, ONDS, SPCX, NOW, T, NVDA, NFLX
[2026-07-23 15:25 ET] L market OPEN | shorts=false trailing=false regime=true
  watchlist: PATH, ONDS, SPCX, NOW, T, NVDA, NFLX
[2026-07-23 15:30 ET] L market OPEN | shorts=false trailing=false regime=true
  watchlist: PATH, ONDS, SPCX, NOW, T, NVDA, NFLX
[2026-07-23 15:35 ET] L market OPEN | shorts=false trailing=false regime=true
  watchlist: PATH, ONDS, SPCX, NOW, T, NVDA, NFLX
[2026-07-23 15:40 ET] L market OPEN | shorts=false trailing=false regime=true
  watchlist: PATH, ONDS, SPCX, NOW, T, NVDA, NFLX
[2026-07-23 15:45 ET] L market OPEN | shorts=false trailing=false regime=true
  watchlist: PATH, ONDS, SPCX, NOW, T, NVDA, NFLX
[2026-07-23 15:50 ET] L market OPEN | shorts=false trailing=false regime=true
[2026-07-23 15:55 ET] L market OPEN | shorts=false trailing=false regime=true
[2026-07-23 16:00 ET] L market closed | shorts=false trailing=false regime=true
[2026-07-24 09:30 ET] L market OPEN | shorts=false trailing=false regime=true
  watchlist: QS, CMCSA, MARA, TSLA, AAL, NOK, T, SMCI
[2026-07-24 09:35 ET] L market OPEN | shorts=false trailing=false regime=true
  watchlist: QS, CMCSA, MARA, TSLA, AAL, NOK, T, SMCI
[2026-07-24 09:40 ET] L market OPEN | shorts=false trailing=false regime=true
  watchlist: QS, CMCSA, MARA, TSLA, AAL, NOK, T, SMCI
[2026-07-24 09:45 ET] L market OPEN | shorts=false trailing=false regime=true
  watchlist: QS, CMCSA, MARA, TSLA, AAL, NOK, T, SMCI
  regime SPY 738.84 vs VWAP 739.04 -> bear
[2026-07-24 09:50 ET] L market OPEN | shorts=false trailing=false regime=true
  watchlist: QS, CMCSA, MARA, TSLA, AAL, NOK, T, SMCI
  regime SPY 739.83 vs VWAP 739.17 -> bull
  ENTER long CMCSA 54sh @ 22.22 | stop 21.29 tgt24.03 | risk $49 | sec CMCSA
   Telegram alert delivered
  ENTER long AAL 143sh @ 14.00 | stop 13.68 tgt14.56 | risk $42 | sec AAL
   Telegram alert delivered
[2026-07-24 09:55 ET] L market OPEN | shorts=false trailing=false regime=true
  watchlist: QS, CMCSA, MARA, TSLA, AAL, NOK, T, SMCI
  regime SPY 737.84 vs VWAP 739.02 -> bear
[2026-07-24 10:00 ET] L market OPEN | shorts=false trailing=false regime=true
  watchlist: QS, CMCSA, MARA, TSLA, AAL, NOK, T, SMCI
  regime SPY 737.63 vs VWAP 738.70 -> bear
[2026-07-24 10:05 ET] L market OPEN | shorts=false trailing=false regime=true
  watchlist: QS, CMCSA, MARA, TSLA, AAL, NOK, T, SMCI
  regime SPY 737.74 vs VWAP 738.53 -> bear
  T: long break vetoed by bear regime
[2026-07-24 10:10 ET] L market OPEN | shorts=false trailing=false regime=true
  watchlist: QS, CMCSA, MARA, TSLA, AAL, NOK, T, SMCI
  regime SPY 739.41 vs VWAP 738.60 -> bull
  ENTER long T 84sh @ 23.58 | stop 23.04 tgt24.64 | risk $45 | sec T
   Telegram alert delivered
[2026-07-24 10:15 ET] L market OPEN | shorts=false trailing=false regime=true
  watchlist: QS, CMCSA, MARA, TSLA, AAL, NOK, T, SMCI
  regime SPY 739.54 vs VWAP 738.67 -> bull
[2026-07-24 10:20 ET] L market OPEN | shorts=false trailing=false regime=true
  watchlist: QS, CMCSA, MARA, TSLA, AAL, NOK, T, SMCI
  regime SPY 738.49 vs VWAP 738.68 -> bear
[2026-07-24 10:25 ET] L market OPEN | shorts=false trailing=false regime=true
  watchlist: QS, CMCSA, MARA, TSLA, AAL, NOK, T, SMCI
  regime SPY 739.45 vs VWAP 738.70 -> bull
[2026-07-24 10:30 ET] L market OPEN | shorts=false trailing=false regime=true
  watchlist: QS, CMCSA, MARA, TSLA, AAL, NOK, T, SMCI
  regime SPY 739.31 vs VWAP 738.74 -> bull
[2026-07-24 10:35 ET] L market OPEN | shorts=false trailing=false regime=true
  watchlist: QS, CMCSA, MARA, TSLA, AAL, NOK, T, SMCI
  regime SPY 738.34 vs VWAP 738.73 -> bear
[2026-07-24 10:40 ET] L market OPEN | shorts=false trailing=false regime=true
  watchlist: QS, CMCSA, MARA, TSLA, AAL, NOK, T, SMCI
  regime SPY 738.07 vs VWAP 738.71 -> bear
[2026-07-24 10:45 ET] L market OPEN | shorts=false trailing=false regime=true
  watchlist: QS, CMCSA, MARA, TSLA, AAL, NOK, T, SMCI
  regime SPY 737.91 vs VWAP 738.68 -> bear
[2026-07-24 10:50 ET] L market OPEN | shorts=false trailing=false regime=true
  watchlist: QS, CMCSA, MARA, TSLA, AAL, NOK, T, SMCI
  regime SPY 738.53 vs VWAP 738.66 -> bear
[2026-07-24 10:55 ET] L market OPEN | shorts=false trailing=false regime=true
  watchlist: QS, CMCSA, MARA, TSLA, AAL, NOK, T, SMCI
  regime SPY 739.01 vs VWAP 738.67 -> bull
[2026-07-24 11:00 ET] L market OPEN | shorts=false trailing=false regime=true
  watchlist: QS, CMCSA, MARA, TSLA, AAL, NOK, T, SMCI
  regime SPY 740.63 vs VWAP 738.76 -> bull
[2026-07-24 11:05 ET] L market OPEN | shorts=false trailing=false regime=true
  watchlist: QS, CMCSA, MARA, TSLA, AAL, NOK, T, SMCI
  regime SPY 740.30 vs VWAP 738.84 -> bull
[2026-07-24 11:10 ET] L market OPEN | shorts=false trailing=false regime=true
  watchlist: QS, CMCSA, MARA, TSLA, AAL, NOK, T, SMCI
  regime SPY 739.67 vs VWAP 738.87 -> bull
[2026-07-24 11:15 ET] L market OPEN | shorts=false trailing=false regime=true
  watchlist: QS, CMCSA, MARA, TSLA, AAL, NOK, T, SMCI
  regime SPY 742.01 vs VWAP 738.96 -> bull
[2026-07-24 11:20 ET] L market OPEN | shorts=false trailing=false regime=true
  watchlist: QS, CMCSA, MARA, TSLA, AAL, NOK, T, SMCI
  regime SPY 741.45 vs VWAP 739.13 -> bull
[2026-07-24 11:25 ET] L market OPEN | shorts=false trailing=false regime=true
  watchlist: QS, CMCSA, MARA, TSLA, AAL, NOK, T, SMCI
  regime SPY 742.39 vs VWAP 739.28 -> bull
[2026-07-24 11:30 ET] L market OPEN | shorts=false trailing=false regime=true
  watchlist: QS, CMCSA, MARA, TSLA, AAL, NOK, T, SMCI
  regime SPY 742.55 vs VWAP 739.37 -> bull
[2026-07-24 11:35 ET] L market OPEN | shorts=false trailing=false regime=true
  watchlist: QS, CMCSA, MARA, TSLA, AAL, NOK, T, SMCI
[2026-07-24 11:40 ET] L market OPEN | shorts=false trailing=false regime=true
  watchlist: QS, CMCSA, MARA, TSLA, AAL, NOK, T, SMCI
[2026-07-24 11:45 ET] L market OPEN | shorts=false trailing=false regime=true
  watchlist: QS, CMCSA, MARA, TSLA, AAL, NOK, T, SMCI
[2026-07-24 11:50 ET] L market OPEN | shorts=false trailing=false regime=true
  watchlist: QS, CMCSA, MARA, TSLA, AAL, NOK, T, SMCI
[2026-07-24 11:55 ET] L market OPEN | shorts=false trailing=false regime=true
  watchlist: QS, CMCSA, MARA, TSLA, AAL, NOK, T, SMCI
[2026-07-24 12:00 ET] L market OPEN | shorts=false trailing=false regime=true
  watchlist: QS, CMCSA, MARA, TSLA, AAL, NOK, T, SMCI
[2026-07-24 12:05 ET] L market OPEN | shorts=false trailing=false regime=true
  watchlist: QS, CMCSA, MARA, TSLA, AAL, NOK, T, SMCI
[2026-07-24 12:10 ET] L market OPEN | shorts=false trailing=false regime=true
  watchlist: QS, CMCSA, MARA, TSLA, AAL, NOK, T, SMCI
[2026-07-24 12:15 ET] L market OPEN | shorts=false trailing=false regime=true
  watchlist: QS, CMCSA, MARA, TSLA, AAL, NOK, T, SMCI
[2026-07-24 12:20 ET] L market OPEN | shorts=false trailing=false regime=true
  watchlist: QS, CMCSA, MARA, TSLA, AAL, NOK, T, SMCI
[2026-07-24 12:25 ET] L market OPEN | shorts=false trailing=false regime=true
  watchlist: QS, CMCSA, MARA, TSLA, AAL, NOK, T, SMCI
[2026-07-24 12:30 ET] L market OPEN | shorts=false trailing=false regime=true
  watchlist: QS, CMCSA, MARA, TSLA, AAL, NOK, T, SMCI
[2026-07-24 12:35 ET] L market OPEN | shorts=false trailing=false regime=true
  watchlist: QS, CMCSA, MARA, TSLA, AAL, NOK, T, SMCI
[2026-07-24 12:40 ET] L market OPEN | shorts=false trailing=false regime=true
  watchlist: QS, CMCSA, MARA, TSLA, AAL, NOK, T, SMCI
[2026-07-24 12:45 ET] L market OPEN | shorts=false trailing=false regime=true
  watchlist: QS, CMCSA, MARA, TSLA, AAL, NOK, T, SMCI
[2026-07-24 12:50 ET] L market OPEN | shorts=false trailing=false regime=true
  watchlist: QS, CMCSA, MARA, TSLA, AAL, NOK, T, SMCI
[2026-07-24 12:55 ET] L market OPEN | shorts=false trailing=false regime=true
  watchlist: QS, CMCSA, MARA, TSLA, AAL, NOK, T, SMCI
[2026-07-24 13:00 ET] L market OPEN | shorts=false trailing=false regime=true
  watchlist: QS, CMCSA, MARA, TSLA, AAL, NOK, T, SMCI
[2026-07-24 13:05 ET] L market OPEN | shorts=false trailing=false regime=true
  watchlist: QS, CMCSA, MARA, TSLA, AAL, NOK, T, SMCI
[2026-07-24 13:10 ET] L market OPEN | shorts=false trailing=false regime=true
  watchlist: QS, CMCSA, MARA, TSLA, AAL, NOK, T, SMCI
[2026-07-24 13:15 ET] L market OPEN | shorts=false trailing=false regime=true
  watchlist: QS, CMCSA, MARA, TSLA, AAL, NOK, T, SMCI
[2026-07-24 13:20 ET] L market OPEN | shorts=false trailing=false regime=true
  watchlist: QS, CMCSA, MARA, TSLA, AAL, NOK, T, SMCI
[2026-07-24 13:25 ET] L market OPEN | shorts=false trailing=false regime=true
  watchlist: QS, CMCSA, MARA, TSLA, AAL, NOK, T, SMCI
[2026-07-24 13:30 ET] L market OPEN | shorts=false trailing=false regime=true
  watchlist: QS, CMCSA, MARA, TSLA, AAL, NOK, T, SMCI
[2026-07-24 13:35 ET] L market OPEN | shorts=false trailing=false regime=true
  watchlist: QS, CMCSA, MARA, TSLA, AAL, NOK, T, SMCI
[2026-07-24 13:40 ET] L market OPEN | shorts=false trailing=false regime=true
  watchlist: QS, CMCSA, MARA, TSLA, AAL, NOK, T, SMCI
[2026-07-24 13:45 ET] L market OPEN | shorts=false trailing=false regime=true
  watchlist: QS, CMCSA, MARA, TSLA, AAL, NOK, T, SMCI
[2026-07-24 13:50 ET] L market OPEN | shorts=false trailing=false regime=true
  watchlist: QS, CMCSA, MARA, TSLA, AAL, NOK, T, SMCI
[2026-07-24 13:55 ET] L market OPEN | shorts=false trailing=false regime=true
  watchlist: QS, CMCSA, MARA, TSLA, AAL, NOK, T, SMCI
[2026-07-24 14:00 ET] L market OPEN | shorts=false trailing=false regime=true
  watchlist: QS, CMCSA, MARA, TSLA, AAL, NOK, T, SMCI
[2026-07-24 14:05 ET] L market OPEN | shorts=false trailing=false regime=true
  watchlist: QS, CMCSA, MARA, TSLA, AAL, NOK, T, SMCI
[2026-07-24 14:10 ET] L market OPEN | shorts=false trailing=false regime=true
  watchlist: QS, CMCSA, MARA, TSLA, AAL, NOK, T, SMCI
[2026-07-24 14:15 ET] L market OPEN | shorts=false trailing=false regime=true
  watchlist: QS, CMCSA, MARA, TSLA, AAL, NOK, T, SMCI
[2026-07-24 14:20 ET] L market OPEN | shorts=false trailing=false regime=true
  watchlist: QS, CMCSA, MARA, TSLA, AAL, NOK, T, SMCI
[2026-07-24 14:25 ET] L market OPEN | shorts=false trailing=false regime=true
  watchlist: QS, CMCSA, MARA, TSLA, AAL, NOK, T, SMCI
[2026-07-24 14:30 ET] L market OPEN | shorts=false trailing=false regime=true
  watchlist: QS, CMCSA, MARA, TSLA, AAL, NOK, T, SMCI
[2026-07-24 14:35 ET] L market OPEN | shorts=false trailing=false regime=true
  watchlist: QS, CMCSA, MARA, TSLA, AAL, NOK, T, SMCI
[2026-07-24 14:40 ET] L market OPEN | shorts=false trailing=false regime=true
  watchlist: QS, CMCSA, MARA, TSLA, AAL, NOK, T, SMCI
[2026-07-24 14:45 ET] L market OPEN | shorts=false trailing=false regime=true
  watchlist: QS, CMCSA, MARA, TSLA, AAL, NOK, T, SMCI
[2026-07-24 14:50 ET] L market OPEN | shorts=false trailing=false regime=true
  watchlist: QS, CMCSA, MARA, TSLA, AAL, NOK, T, SMCI
[2026-07-24 14:55 ET] L market OPEN | shorts=false trailing=false regime=true
  watchlist: QS, CMCSA, MARA, TSLA, AAL, NOK, T, SMCI
[2026-07-24 15:00 ET] L market OPEN | shorts=false trailing=false regime=true
  watchlist: QS, CMCSA, MARA, TSLA, AAL, NOK, T, SMCI
[2026-07-24 15:05 ET] L market OPEN | shorts=false trailing=false regime=true
  watchlist: QS, CMCSA, MARA, TSLA, AAL, NOK, T, SMCI
[2026-07-24 15:10 ET] L market OPEN | shorts=false trailing=false regime=true
  watchlist: QS, CMCSA, MARA, TSLA, AAL, NOK, T, SMCI
[2026-07-24 15:15 ET] L market OPEN | shorts=false trailing=false regime=true
  watchlist: QS, CMCSA, MARA, TSLA, AAL, NOK, T, SMCI
[2026-07-24 15:20 ET] L market OPEN | shorts=false trailing=false regime=true
  watchlist: QS, CMCSA, MARA, TSLA, AAL, NOK, T, SMCI
[2026-07-24 15:25 ET] L market OPEN | shorts=false trailing=false regime=true
  watchlist: QS, CMCSA, MARA, TSLA, AAL, NOK, T, SMCI
[2026-07-24 15:30 ET] L market OPEN | shorts=false trailing=false regime=true
  watchlist: QS, CMCSA, MARA, TSLA, AAL, NOK, T, SMCI
[2026-07-24 15:35 ET] L market OPEN | shorts=false trailing=false regime=true
  watchlist: QS, CMCSA, MARA, TSLA, AAL, NOK, T, SMCI
[2026-07-24 15:40 ET] L market OPEN | shorts=false trailing=false regime=true
  watchlist: QS, CMCSA, MARA, TSLA, AAL, NOK, T, SMCI
[2026-07-24 15:45 ET] L market OPEN | shorts=false trailing=false regime=true
  watchlist: QS, CMCSA, MARA, TSLA, AAL, NOK, T, SMCI
[2026-07-24 15:50 ET] L market OPEN | shorts=false trailing=false regime=true
  EOD flatten AAL 143sh @ 14.29 P/L $42.13 | day $42.13
   Telegram alert delivered
  EOD flatten CMCSA 54sh @ 22.20 P/L $-1.08 | day $41.05
   Telegram alert delivered
  EOD flatten T 84sh @ 24.00 P/L $35.28 | day $76.33
   Telegram alert delivered
[2026-07-24 15:55 ET] L market OPEN | shorts=false trailing=false regime=true
[2026-07-24 16:00 ET] L market closed | shorts=false trailing=false regime=true
[2026-07-27 09:30 ET] L market OPEN | shorts=false trailing=false regime=true
  watchlist: SOXL, SOXS, INTC, CLF, NOK, T
[2026-07-27 09:35 ET] L market OPEN | shorts=false trailing=false regime=true
  watchlist: SOXL, SOXS, INTC, CLF, NOK, T
[2026-07-27 09:40 ET] L market OPEN | shorts=false trailing=false regime=true
  watchlist: SOXL, SOXS, INTC, CLF, NOK, T
[2026-07-27 09:45 ET] L market OPEN | shorts=false trailing=false regime=true
  watchlist: SOXL, SOXS, INTC, CLF, NOK, T
  regime SPY 743.45 vs VWAP 744.52 -> bear
[2026-07-27 09:50 ET] L market OPEN | shorts=false trailing=false regime=true
  watchlist: SOXL, SOXS, INTC, CLF, NOK, T
  regime SPY 743.79 vs VWAP 744.36 -> bear
  T: long break vetoed by bear regime
[2026-07-27 09:55 ET] L market OPEN | shorts=false trailing=false regime=true
  watchlist: SOXL, SOXS, INTC, CLF, NOK, T
  regime SPY 743.44 vs VWAP 744.27 -> bear
[2026-07-27 10:00 ET] L market OPEN | shorts=false trailing=false regime=true
  watchlist: SOXL, SOXS, INTC, CLF, NOK, T
  regime SPY 741.62 vs VWAP 743.99 -> bear
  ENTER long SOXS 13sh @ 53.21 | stop 49.55 tgt60.65 | risk $48 | sec semis
   Telegram alert delivered
[2026-07-27 10:05 ET] L market OPEN | shorts=false trailing=false regime=true
  watchlist: SOXL, SOXS, INTC, CLF, NOK, T
  regime SPY 741.64 vs VWAP 743.44 -> bear
[2026-07-27 10:10 ET] L market OPEN | shorts=false trailing=false regime=true
  watchlist: SOXL, SOXS, INTC, CLF, NOK, T
  regime SPY 741.82 vs VWAP 743.26 -> bear
[2026-07-27 10:15 ET] L market OPEN | shorts=false trailing=false regime=true
  watchlist: SOXL, SOXS, INTC, CLF, NOK, T
  regime SPY 741.06 vs VWAP 742.92 -> bear
[2026-07-27 10:20 ET] L market OPEN | shorts=false trailing=false regime=true
  watchlist: SOXL, SOXS, INTC, CLF, NOK, T
  regime SPY 740.97 vs VWAP 742.76 -> bear
[2026-07-27 10:25 ET] L market OPEN | shorts=false trailing=false regime=true
  watchlist: SOXL, SOXS, INTC, CLF, NOK, T
  regime SPY 739.84 vs VWAP 742.59 -> bear
  T: long break vetoed by bear regime
[2026-07-27 10:30 ET] L market OPEN | shorts=false trailing=false regime=true
  watchlist: SOXL, SOXS, INTC, CLF, NOK, T
  regime SPY 738.33 vs VWAP 742.21 -> bear
  T: long break vetoed by bear regime
[2026-07-27 10:35 ET] L market OPEN | shorts=false trailing=false regime=true
  watchlist: SOXL, SOXS, INTC, CLF, NOK, T
  regime SPY 737.97 vs VWAP 741.74 -> bear
  T: long break vetoed by bear regime
[2026-07-27 10:40 ET] L market OPEN | shorts=false trailing=false regime=true
  watchlist: SOXL, SOXS, INTC, CLF, NOK, T
  regime SPY 738.03 vs VWAP 741.44 -> bear
  T: long break vetoed by bear regime
[2026-07-27 10:45 ET] L market OPEN | shorts=false trailing=false regime=true
  watchlist: SOXL, SOXS, INTC, CLF, NOK, T
  regime SPY 736.74 vs VWAP 741.18 -> bear
  T: long break vetoed by bear regime
[2026-07-27 10:50 ET] L market OPEN | shorts=false trailing=false regime=true
  watchlist: SOXL, SOXS, INTC, CLF, NOK, T
  regime SPY 737.99 vs VWAP 740.92 -> bear
  T: long break vetoed by bear regime
[2026-07-27 10:55 ET] L market OPEN | shorts=false trailing=false regime=true
  watchlist: SOXL, SOXS, INTC, CLF, NOK, T
  regime SPY 738.54 vs VWAP 740.76 -> bear
[2026-07-27 11:00 ET] L market OPEN | shorts=false trailing=false regime=true
  watchlist: SOXL, SOXS, INTC, CLF, NOK, T
  regime SPY 739.76 vs VWAP 740.69 -> bear
[2026-07-27 11:05 ET] L market OPEN | shorts=false trailing=false regime=true
  watchlist: SOXL, SOXS, INTC, CLF, NOK, T
  regime SPY 739.73 vs VWAP 740.66 -> bear
  T: long break vetoed by bear regime
[2026-07-27 11:10 ET] L market OPEN | shorts=false trailing=false regime=true
  watchlist: SOXL, SOXS, INTC, CLF, NOK, T
  regime SPY 739.22 vs VWAP 740.61 -> bear
  T: long break vetoed by bear regime
[2026-07-27 11:15 ET] L market OPEN | shorts=false trailing=false regime=true
  watchlist: SOXL, SOXS, INTC, CLF, NOK, T
  regime SPY 739.40 vs VWAP 740.58 -> bear
  T: long break vetoed by bear regime
[2026-07-27 11:20 ET] L market OPEN | shorts=false trailing=false regime=true
  watchlist: SOXL, SOXS, INTC, CLF, NOK, T
  regime SPY 738.79 vs VWAP 740.52 -> bear
  T: long break vetoed by bear regime
[2026-07-27 11:25 ET] L market OPEN | shorts=false trailing=false regime=true
  watchlist: SOXL, SOXS, INTC, CLF, NOK, T
  regime SPY 738.18 vs VWAP 740.47 -> bear
  T: long break vetoed by bear regime
[2026-07-27 11:30 ET] L market OPEN | shorts=false trailing=false regime=true
  watchlist: SOXL, SOXS, INTC, CLF, NOK, T
  regime SPY 738.24 vs VWAP 740.42 -> bear
  T: long break vetoed by bear regime
[2026-07-27 11:35 ET] L market OPEN | shorts=false trailing=false regime=true
  watchlist: SOXL, SOXS, INTC, CLF, NOK, T
[2026-07-27 11:40 ET] L market OPEN | shorts=false trailing=false regime=true
  watchlist: SOXL, SOXS, INTC, CLF, NOK, T
[2026-07-27 11:45 ET] L market OPEN | shorts=false trailing=false regime=true
  watchlist: SOXL, SOXS, INTC, CLF, NOK, T
[2026-07-27 11:50 ET] L market OPEN | shorts=false trailing=false regime=true
  watchlist: SOXL, SOXS, INTC, CLF, NOK, T
[2026-07-27 11:55 ET] L market OPEN | shorts=false trailing=false regime=true
  watchlist: SOXL, SOXS, INTC, CLF, NOK, T
[2026-07-27 12:00 ET] L market OPEN | shorts=false trailing=false regime=true
  watchlist: SOXL, SOXS, INTC, CLF, NOK, T
[2026-07-27 12:05 ET] L market OPEN | shorts=false trailing=false regime=true
  watchlist: SOXL, SOXS, INTC, CLF, NOK, T
[2026-07-27 12:10 ET] L market OPEN | shorts=false trailing=false regime=true
  watchlist: SOXL, SOXS, INTC, CLF, NOK, T
[2026-07-27 12:15 ET] L market OPEN | shorts=false trailing=false regime=true
  watchlist: SOXL, SOXS, INTC, CLF, NOK, T
[2026-07-27 12:20 ET] L market OPEN | shorts=false trailing=false regime=true
  watchlist: SOXL, SOXS, INTC, CLF, NOK, T
[2026-07-27 12:25 ET] L market OPEN | shorts=false trailing=false regime=true
  watchlist: SOXL, SOXS, INTC, CLF, NOK, T
[2026-07-27 12:30 ET] L market OPEN | shorts=false trailing=false regime=true
  watchlist: SOXL, SOXS, INTC, CLF, NOK, T
[2026-07-27 12:35 ET] L market OPEN | shorts=false trailing=false regime=true
  watchlist: SOXL, SOXS, INTC, CLF, NOK, T
[2026-07-27 12:40 ET] L market OPEN | shorts=false trailing=false regime=true
  watchlist: SOXL, SOXS, INTC, CLF, NOK, T
[2026-07-27 12:45 ET] L market OPEN | shorts=false trailing=false regime=true
  watchlist: SOXL, SOXS, INTC, CLF, NOK, T
[2026-07-27 12:50 ET] L market OPEN | shorts=false trailing=false regime=true
  watchlist: SOXL, SOXS, INTC, CLF, NOK, T
[2026-07-27 12:55 ET] L market OPEN | shorts=false trailing=false regime=true
  watchlist: SOXL, SOXS, INTC, CLF, NOK, T
[2026-07-27 13:00 ET] L market OPEN | shorts=false trailing=false regime=true
  watchlist: SOXL, SOXS, INTC, CLF, NOK, T
[2026-07-27 13:05 ET] L market OPEN | shorts=false trailing=false regime=true
  watchlist: SOXL, SOXS, INTC, CLF, NOK, T
[2026-07-27 13:10 ET] L market OPEN | shorts=false trailing=false regime=true
  watchlist: SOXL, SOXS, INTC, CLF, NOK, T
[2026-07-27 13:15 ET] L market OPEN | shorts=false trailing=false regime=true
  watchlist: SOXL, SOXS, INTC, CLF, NOK, T
[2026-07-27 13:20 ET] L market OPEN | shorts=false trailing=false regime=true
  watchlist: SOXL, SOXS, INTC, CLF, NOK, T
[2026-07-27 13:25 ET] L market OPEN | shorts=false trailing=false regime=true
  watchlist: SOXL, SOXS, INTC, CLF, NOK, T
[2026-07-27 13:30 ET] L market OPEN | shorts=false trailing=false regime=true
  watchlist: SOXL, SOXS, INTC, CLF, NOK, T
[2026-07-27 13:35 ET] L market OPEN | shorts=false trailing=false regime=true
  watchlist: SOXL, SOXS, INTC, CLF, NOK, T
[2026-07-27 13:40 ET] L market OPEN | shorts=false trailing=false regime=true
  watchlist: SOXL, SOXS, INTC, CLF, NOK, T
[2026-07-27 13:45 ET] L market OPEN | shorts=false trailing=false regime=true
  watchlist: SOXL, SOXS, INTC, CLF, NOK, T
[2026-07-27 13:50 ET] L market OPEN | shorts=false trailing=false regime=true
  watchlist: SOXL, SOXS, INTC, CLF, NOK, T
[2026-07-27 13:55 ET] L market OPEN | shorts=false trailing=false regime=true
  watchlist: SOXL, SOXS, INTC, CLF, NOK, T
[2026-07-27 14:00 ET] L market OPEN | shorts=false trailing=false regime=true
  watchlist: SOXL, SOXS, INTC, CLF, NOK, T
[2026-07-27 14:05 ET] L market OPEN | shorts=false trailing=false regime=true
  watchlist: SOXL, SOXS, INTC, CLF, NOK, T
[2026-07-27 14:10 ET] L market OPEN | shorts=false trailing=false regime=true
  watchlist: SOXL, SOXS, INTC, CLF, NOK, T
[2026-07-27 14:15 ET] L market OPEN | shorts=false trailing=false regime=true
  watchlist: SOXL, SOXS, INTC, CLF, NOK, T
[2026-07-27 14:20 ET] L market OPEN | shorts=false trailing=false regime=true
  watchlist: SOXL, SOXS, INTC, CLF, NOK, T
[2026-07-27 14:25 ET] L market OPEN | shorts=false trailing=false regime=true
  watchlist: SOXL, SOXS, INTC, CLF, NOK, T
[2026-07-27 14:30 ET] L market OPEN | shorts=false trailing=false regime=true
  watchlist: SOXL, SOXS, INTC, CLF, NOK, T
[2026-07-27 14:35 ET] L market OPEN | shorts=false trailing=false regime=true
  watchlist: SOXL, SOXS, INTC, CLF, NOK, T
[2026-07-27 14:40 ET] L market OPEN | shorts=false trailing=false regime=true
  watchlist: SOXL, SOXS, INTC, CLF, NOK, T
[2026-07-27 14:45 ET] L market OPEN | shorts=false trailing=false regime=true
  watchlist: SOXL, SOXS, INTC, CLF, NOK, T
[2026-07-27 14:50 ET] L market OPEN | shorts=false trailing=false regime=true
  watchlist: SOXL, SOXS, INTC, CLF, NOK, T
[2026-07-27 14:55 ET] L market OPEN | shorts=false trailing=false regime=true
  watchlist: SOXL, SOXS, INTC, CLF, NOK, T
[2026-07-27 15:00 ET] L market OPEN | shorts=false trailing=false regime=true
  watchlist: SOXL, SOXS, INTC, CLF, NOK, T
[2026-07-27 15:05 ET] L market OPEN | shorts=false trailing=false regime=true
  watchlist: SOXL, SOXS, INTC, CLF, NOK, T
[2026-07-27 15:10 ET] L market OPEN | shorts=false trailing=false regime=true
  watchlist: SOXL, SOXS, INTC, CLF, NOK, T
[2026-07-27 15:15 ET] L market OPEN | shorts=false trailing=false regime=true
  watchlist: SOXL, SOXS, INTC, CLF, NOK, T
[2026-07-27 15:20 ET] L market OPEN | shorts=false trailing=false regime=true
  watchlist: SOXL, SOXS, INTC, CLF, NOK, T
[2026-07-27 15:25 ET] L market OPEN | shorts=false trailing=false regime=true
  watchlist: SOXL, SOXS, INTC, CLF, NOK, T
[2026-07-27 15:30 ET] L market OPEN | shorts=false trailing=false regime=true
  watchlist: SOXL, SOXS, INTC, CLF, NOK, T
[2026-07-27 15:35 ET] L market OPEN | shorts=false trailing=false regime=true
  watchlist: SOXL, SOXS, INTC, CLF, NOK, T
[2026-07-27 15:40 ET] L market OPEN | shorts=false trailing=false regime=true
  watchlist: SOXL, SOXS, INTC, CLF, NOK, T
[2026-07-27 15:45 ET] L market OPEN | shorts=false trailing=false regime=true
  watchlist: SOXL, SOXS, INTC, CLF, NOK, T
[2026-07-27 15:50 ET] L market OPEN | shorts=false trailing=false regime=true
  EOD flatten SOXS 13sh @ 55.04 P/L $23.78 | day $23.78
   Telegram alert delivered
[2026-07-27 15:55 ET] L market OPEN | shorts=false trailing=false regime=true
[2026-07-27 16:00 ET] L market closed | shorts=false trailing=false regime=true
